id,timestamp,sensor_val_a,sensor_val_b,pressure_psi,temp_c,efficiency,anomaly_detected
1,2026-04-13 09:27:07,11.72,87.02,20.58,59.64,89.14,0
2,2026-04-13 02:36:15,4.27,41.8,65.21,43.92,78.64,0
3,2026-04-13 08:20:09,44.94,97.35,116.53,60.41,86.93,0
4,2026-04-13 12:36:55,22.19,92.56,50.45,30.73,87.8,0
5,2026-04-13 13:05:41,94.32,31.73,76.51,77.82,73.41,0
6,2026-04-13 02:46:01,18.44,35.2,99.14,48.57,94.39,0
7,2026-04-13 07:20:55,17.79,89.31,121.07,73.86,93.5,0
8,2026-04-13 23:03:11,73.5,47.05,114.39,39.58,90.89,0
9,2026-04-13 17:27:20,86.84,59.54,54.79,68.44,80.0,0
10,2026-04-13 08:21:10,30.36,70.5,37.91,94.53,86.29,0
11,2026-04-13 15:31:32,25.08,4.73,33.03,41.14,94.92,0
12,2026-04-13 02:51:21,99.81,80.59,12.15,44.22,90.78,0
13,2026-04-13 03:26:59,33.48,91.08,54.43,81.0,87.93,0
14,2026-04-13 06:44:56,64.59,81.6,38.86,80.13,86.54,0
15,2026-04-13 20:46:45,4.58,61.12,130.13,78.72,88.72,0
16,2026-04-13 01:38:14,98.33,41.57,99.01,42.53,85.08,0
17,2026-04-13 01:54:37,90.9,44.97,34.33,65.64,74.67,0
18,2026-04-13 17:20:32,99.58,32.8,11.94,23.62,74.8,0
19,2026-04-13 01:17:13,51.58,77.13,96.03,40.58,85.93,0
20,2026-04-13 16:51:06,51.02,58.96,102.5,42.81,91.22,0
21,2026-04-13 09:00:56,92.44,3.72,145.65,31.1,83.11,0
22,2026-04-13 23:47:25,54.84,18.48,13.76,15.58,80.99,0
23,2026-04-13 22:35:28,75.92,62.65,35.36,47.02,94.19,0
24,2026-04-13 00:55:47,9.16,73.18,53.61,94.54,84.67,0
25,2026-04-13 18:45:17,24.82,37.74,13.15,83.84,64.07,1
26,2026-04-13 12:26:33,79.79,21.35,130.7,49.02,97.77,0
27,2026-04-13 11:23:54,78.3,14.77,76.02,38.83,78.15,0
28,2026-04-13 03:26:21,18.22,60.27,122.46,62.09,83.25,0
29,2026-04-13 08:21:59,30.9,86.85,25.05,72.9,90.53,0
30,2026-04-13 07:40:04,34.12,21.69,53.02,67.27,81.29,0
31,2026-04-13 15:39:00,72.16,84.42,56.16,36.71,97.46,0
32,2026-04-13 05:56:04,63.02,77.0,103.75,74.85,91.16,0
33,2026-04-13 21:06:56,47.3,11.55,69.99,69.38,96.55,0
34,2026-04-13 18:05:03,53.38,53.06,72.27,45.54,82.54,0
35,2026-04-13 21:52:02,60.44,82.07,68.34,38.36,95.15,0
36,2026-04-13 08:54:14,1.84,85.77,52.7,75.46,94.46,0
37,2026-04-13 11:32:17,83.57,21.71,87.74,49.49,96.81,0
38,2026-04-13 04:48:45,74.54,4.76,42.13,83.96,72.6,0
39,2026-04-13 18:54:29,83.49,75.12,124.96,73.26,76.29,0
40,2026-04-13 04:49:01,76.51,43.4,29.8,72.01,88.69,0
41,2026-04-13 05:06:46,64.65,98.87,20.19,83.49,89.31,0
42,2026-04-13 09:23:59,25.81,86.29,120.64,51.04,71.22,0
43,2026-04-13 13:18:17,82.74,2.27,146.22,21.76,42.95,1
44,2026-04-13 15:59:38,83.71,64.9,60.81,78.4,84.51,0
45,2026-04-13 23:56:39,57.64,60.13,65.78,38.28,95.16,0
46,2026-04-13 21:08:06,55.55,71.48,72.38,61.93,90.75,0
47,2026-04-13 07:56:37,2.94,32.81,61.39,81.56,70.87,0
48,2026-04-13 09:06:40,25.2,4.04,24.11,26.17,75.3,0
49,2026-04-13 01:46:02,59.0,77.84,27.64,83.07,82.86,0
50,2026-04-13 10:32:47,12.83,81.4,20.37,16.44,72.07,0
51,2026-04-13 10:35:26,76.45,2.19,121.13,36.36,78.42,0
52,2026-04-13 03:40:36,53.35,19.79,43.7,49.54,89.42,0
53,2026-04-13 08:06:54,65.6,18.37,17.63,48.53,70.09,0
54,2026-04-13 15:44:05,37.96,24.79,65.05,60.19,89.36,0
55,2026-04-13 08:25:51,56.98,73.23,118.92,65.63,91.93,0
56,2026-04-13 22:36:37,40.57,5.49,116.94,61.35,77.39,0
57,2026-04-13 13:17:12,74.08,71.82,59.68,51.3,81.34,0
58,2026-04-13 21:35:51,78.71,25.82,125.69,35.63,83.96,0
59,2026-04-13 05:54:57,41.61,68.79,44.09,58.24,89.99,0
60,2026-04-13 20:25:23,58.73,12.57,43.65,15.56,51.25,1
61,2026-04-13 07:51:55,82.26,72.66,17.29,54.04,95.63,0
62,2026-04-13 01:04:20,73.26,45.82,126.46,24.65,89.87,0
63,2026-04-13 13:53:31,93.51,55.23,146.14,79.37,72.93,0
64,2026-04-13 04:48:07,46.55,48.39,49.36,84.49,97.88,0
65,2026-04-13 17:18:08,5.31,57.91,98.91,46.94,94.83,0
66,2026-04-13 21:43:57,21.08,50.21,37.08,59.95,94.82,0
67,2026-04-13 13:26:06,44.24,58.01,121.75,45.6,96.84,0
68,2026-04-13 13:12:46,11.09,90.08,36.19,37.53,94.95,0
69,2026-04-13 05:03:49,1.15,49.79,134.07,91.46,66.73,1
70,2026-04-13 10:13:51,97.37,84.66,48.54,63.56,90.48,0
71,2026-04-13 20:22:28,43.11,23.9,116.49,54.99,94.12,0
72,2026-04-13 00:20:59,36.3,70.1,118.97,48.88,98.36,0
73,2026-04-13 21:54:16,92.24,78.6,106.96,94.13,76.23,0
74,2026-04-13 17:56:23,39.77,56.09,136.56,40.68,77.25,0
75,2026-04-13 08:06:46,23.43,82.15,41.1,77.89,85.64,0
76,2026-04-13 18:03:26,6.6,23.44,72.53,71.89,70.63,0
77,2026-04-13 04:15:21,2.4,60.08,18.92,63.63,81.53,0
78,2026-04-13 03:17:37,34.1,69.22,43.42,35.18,95.32,0
79,2026-04-13 20:55:47,21.84,53.61,114.57,54.19,98.58,0
80,2026-04-13 07:08:20,66.81,64.11,102.59,42.69,87.73,0
81,2026-04-13 12:19:54,24.94,57.66,136.82,86.74,65.3,1
82,2026-04-13 19:29:48,52.97,77.35,40.27,18.4,94.57,0
83,2026-04-13 20:08:41,96.26,95.52,46.48,65.25,95.45,0
84,2026-04-13 00:59:13,42.0,97.55,19.5,93.23,82.49,0
85,2026-04-13 15:30:57,24.79,63.99,120.56,94.49,94.38,0
86,2026-04-13 18:49:47,29.56,65.13,109.98,59.17,84.18,0
87,2026-04-13 08:23:37,79.86,49.78,111.44,37.29,78.11,0
88,2026-04-13 11:12:09,47.6,75.78,146.13,68.74,82.69,0
89,2026-04-13 20:38:10,1.57,5.77,11.68,52.75,79.4,0
90,2026-04-13 17:33:02,10.16,55.14,14.6,81.2,71.75,0
91,2026-04-13 10:43:21,99.93,3.4,129.76,54.68,70.12,0
92,2026-04-13 15:58:17,89.36,29.72,51.37,77.93,97.73,0
93,2026-04-13 20:25:51,32.89,37.04,41.32,56.3,82.19,0
94,2026-04-13 10:26:12,1.71,6.28,133.39,30.51,84.72,0
95,2026-04-13 00:11:45,13.16,20.45,112.72,51.0,70.55,0
96,2026-04-13 20:05:03,70.11,33.75,129.4,37.37,93.0,0
97,2026-04-13 02:22:49,16.79,72.45,84.97,36.91,87.78,0
98,2026-04-13 16:22:01,21.26,22.57,111.07,52.43,72.47,0
99,2026-04-13 02:23:35,81.47,0.61,56.69,84.77,93.07,0
100,2026-04-13 03:04:49,25.51,2.86,147.72,22.83,95.41,0
101,2026-04-13 20:01:58,31.98,40.39,126.91,74.71,86.19,0
102,2026-04-13 23:19:51,69.26,56.99,140.81,29.25,74.77,0
103,2026-04-13 03:56:30,35.22,4.97,107.64,34.82,90.04,0
104,2026-04-13 15:24:41,41.87,22.82,91.99,22.9,93.94,0
105,2026-04-13 22:50:15,24.63,79.89,40.94,73.87,85.32,0
106,2026-04-13 14:43:23,31.0,97.69,46.02,41.56,94.7,0
107,2026-04-13 22:25:15,50.27,15.6,98.77,20.19,71.46,0
108,2026-04-13 16:31:12,67.37,76.76,143.47,94.72,59.49,1
109,2026-04-13 12:33:42,73.12,3.13,148.33,58.99,77.51,0
110,2026-04-13 13:23:13,15.44,86.76,88.26,32.54,73.53,0
111,2026-04-13 14:07:22,97.99,30.26,110.07,59.57,80.5,0
112,2026-04-13 08:19:19,24.21,31.47,34.66,52.82,96.23,0
113,2026-04-13 15:10:23,16.5,40.83,141.32,38.7,87.41,0
114,2026-04-13 13:17:57,71.31,33.74,25.0,77.67,93.4,0
115,2026-04-13 09:40:02,96.7,32.63,87.41,34.08,97.36,0
116,2026-04-13 17:16:27,73.7,12.29,59.7,76.25,75.1,0
117,2026-04-13 20:59:18,71.82,9.52,76.81,67.57,76.57,0
118,2026-04-13 03:46:54,95.46,43.29,56.65,49.17,42.26,1
119,2026-04-13 16:53:09,9.08,73.9,142.28,66.15,94.5,0
120,2026-04-13 04:50:09,70.8,17.1,23.84,44.76,71.31,0
121,2026-04-13 01:21:45,7.29,42.33,124.05,43.15,79.41,0
122,2026-04-13 11:32:10,78.53,47.95,111.01,43.27,88.59,0
123,2026-04-13 22:50:31,58.82,67.14,139.88,72.22,92.02,0
124,2026-04-13 15:41:40,66.2,4.21,36.07,38.14,77.21,0
125,2026-04-13 05:00:45,9.39,20.75,95.47,94.7,84.39,0
126,2026-04-13 05:00:48,93.89,34.69,142.08,28.67,75.34,0
127,2026-04-13 10:15:06,56.43,33.72,126.33,21.03,85.97,0
128,2026-04-13 13:40:28,36.43,51.11,95.29,62.59,78.0,0
129,2026-04-13 07:12:54,37.8,62.02,79.54,16.3,93.06,0
130,2026-04-13 07:55:34,56.96,12.33,126.96,90.56,89.8,0
131,2026-04-13 03:09:05,65.68,45.42,84.48,21.79,98.88,0
132,2026-04-13 19:13:28,87.66,38.18,101.98,19.35,95.09,0
133,2026-04-13 08:54:03,14.99,21.88,100.28,37.8,93.57,0
134,2026-04-13 02:49:31,22.79,98.23,83.83,24.05,70.89,0
135,2026-04-13 11:18:08,64.41,39.11,67.66,56.18,91.78,0
136,2026-04-13 00:12:39,39.2,4.94,134.32,63.27,91.36,0
137,2026-04-13 12:33:09,98.68,11.02,92.23,30.61,87.25,0
138,2026-04-13 12:32:41,86.78,58.42,21.04,85.2,72.97,0
139,2026-04-13 14:14:36,90.19,98.27,48.44,65.57,94.76,0
140,2026-04-13 05:58:43,86.79,4.86,53.38,18.58,70.81,0
141,2026-04-13 10:12:31,20.14,53.77,70.67,18.86,81.45,0
142,2026-04-13 17:30:23,48.15,52.2,99.24,71.14,89.25,0
143,2026-04-13 15:35:22,42.0,33.01,113.51,78.35,79.4,0
144,2026-04-13 10:38:17,13.09,92.85,91.77,34.95,71.62,0
145,2026-04-13 12:54:37,26.39,60.97,118.27,35.32,73.27,0
146,2026-04-13 02:57:35,60.65,44.62,143.96,47.88,73.24,0
147,2026-04-13 04:03:50,37.77,46.18,64.41,74.11,95.82,0
148,2026-04-13 01:01:39,48.63,35.07,38.44,16.82,91.42,0
149,2026-04-13 07:29:17,76.34,13.55,92.6,64.69,96.28,0
150,2026-04-13 18:29:55,39.88,13.82,125.54,40.1,90.73,0
151,2026-04-13 22:05:16,52.05,83.95,115.49,15.47,78.45,0
152,2026-04-13 10:06:46,84.66,35.94,128.51,92.54,71.66,0
153,2026-04-13 20:31:58,71.61,72.65,126.97,50.24,84.03,0
154,2026-04-13 13:08:36,7.27,18.24,56.48,91.61,92.61,0
155,2026-04-13 07:16:43,18.45,11.51,122.46,86.76,98.96,0
156,2026-04-13 05:29:37,22.81,86.58,11.97,50.94,95.14,0
157,2026-04-13 21:47:19,58.26,86.88,135.96,48.74,74.64,0
158,2026-04-13 01:40:16,84.93,91.09,53.52,76.43,75.23,0
159,2026-04-13 02:46:45,49.36,42.34,126.61,36.64,83.91,0
160,2026-04-13 23:09:13,83.51,5.95,13.52,37.13,87.07,0
161,2026-04-13 18:02:05,70.58,35.64,50.73,78.81,64.58,1
162,2026-04-13 15:08:44,34.27,75.55,115.75,81.98,89.07,0
163,2026-04-13 01:45:40,54.98,39.08,38.26,85.41,85.59,0
164,2026-04-13 22:59:12,57.96,28.74,55.0,68.71,89.18,0
165,2026-04-13 22:00:48,37.11,19.65,15.76,47.36,81.68,0
166,2026-04-13 18:55:14,32.75,31.43,145.23,89.79,67.42,1
167,2026-04-13 14:52:53,3.6,54.19,149.73,57.58,83.28,0
168,2026-04-13 10:28:10,40.0,57.81,101.23,55.39,84.0,0
169,2026-04-13 09:11:06,22.81,98.99,11.75,57.97,80.74,0
170,2026-04-13 22:55:43,33.78,86.71,76.26,86.92,84.24,0
171,2026-04-13 06:22:31,23.2,91.72,64.51,23.93,88.38,0
172,2026-04-13 21:17:47,6.63,93.88,21.05,43.51,60.3,1
173,2026-04-13 23:48:34,51.56,38.0,105.21,58.39,85.96,0
174,2026-04-13 01:58:26,34.7,96.31,104.03,91.23,92.29,0
175,2026-04-13 08:26:50,88.16,68.2,87.32,59.09,86.65,0
176,2026-04-13 08:47:42,40.02,84.25,79.73,46.54,83.02,0
177,2026-04-13 22:06:08,83.14,33.95,70.3,72.74,80.27,0
178,2026-04-13 09:17:38,58.03,73.85,128.43,55.83,91.18,0
179,2026-04-13 18:37:15,12.47,87.54,102.73,44.55,73.96,0
180,2026-04-13 00:09:59,71.72,14.88,99.53,73.73,94.24,0
181,2026-04-13 12:00:24,96.71,95.08,54.61,24.73,75.47,0
182,2026-04-13 23:53:55,13.86,18.68,137.53,53.79,97.83,0
183,2026-04-13 02:10:43,58.27,68.83,30.1,88.5,83.64,0
184,2026-04-13 08:48:16,91.33,27.93,89.27,43.64,95.56,0
185,2026-04-13 23:08:49,78.0,25.69,22.76,47.74,69.38,1
186,2026-04-13 14:10:29,2.07,99.51,36.09,16.33,85.64,0
187,2026-04-13 07:45:46,4.37,2.03,54.44,58.57,98.82,0
188,2026-04-13 18:11:47,19.57,34.54,123.17,44.89,94.53,0
189,2026-04-13 22:13:51,18.56,59.01,149.32,76.54,84.49,0
190,2026-04-13 08:13:36,24.69,36.49,119.27,79.87,71.29,0
191,2026-04-13 20:51:08,8.93,74.35,143.6,51.71,72.51,0
192,2026-04-13 22:37:30,12.89,53.86,34.2,56.04,85.37,0
193,2026-04-13 20:45:18,86.66,67.35,113.04,72.21,95.41,0
194,2026-04-13 13:41:36,96.19,95.02,139.63,66.7,84.77,0
195,2026-04-13 22:26:57,44.81,70.43,41.39,63.91,71.04,0
196,2026-04-13 04:55:17,35.53,35.51,139.98,85.83,45.63,1
197,2026-04-13 12:49:23,95.03,7.74,54.52,72.85,81.36,0
198,2026-04-13 10:02:29,24.5,32.28,100.52,91.97,92.18,0
199,2026-04-13 07:33:57,50.36,89.65,73.47,47.6,91.44,0
200,2026-04-13 03:35:13,78.74,1.25,82.29,70.25,83.19,0
201,2026-04-13 06:16:48,57.27,21.68,65.55,57.31,79.64,0
202,2026-04-13 19:02:24,78.43,51.51,100.68,82.85,85.38,0
203,2026-04-13 15:26:25,84.06,18.96,120.37,25.95,89.68,0
204,2026-04-13 07:40:31,93.85,68.83,93.52,43.3,85.01,0
205,2026-04-13 17:21:33,75.33,63.7,141.1,35.58,97.53,0
206,2026-04-13 17:21:03,69.6,91.27,52.04,90.29,83.43,0
207,2026-04-13 13:31:41,43.71,16.81,111.95,18.42,73.16,0
208,2026-04-13 06:55:11,69.02,55.64,107.49,67.92,84.85,0
209,2026-04-13 16:32:47,22.74,35.48,86.05,54.01,93.69,0
210,2026-04-13 03:49:51,67.84,58.88,81.06,66.57,70.47,0
211,2026-04-13 19:37:41,45.45,38.0,104.27,60.9,93.32,0
212,2026-04-13 16:46:18,85.07,56.57,53.92,42.73,67.41,1
213,2026-04-13 19:41:05,52.35,23.48,137.27,89.6,57.47,1
214,2026-04-13 00:36:10,7.78,99.56,104.4,71.25,74.42,0
215,2026-04-13 22:26:25,18.87,20.93,66.82,26.88,74.72,0
216,2026-04-13 14:58:48,23.56,17.57,37.91,56.72,77.33,0
217,2026-04-13 10:53:08,97.17,40.17,140.34,57.47,88.39,0
218,2026-04-13 17:24:14,21.19,6.14,98.78,41.57,91.41,0
219,2026-04-13 23:58:04,57.07,62.09,51.01,20.76,81.28,0
220,2026-04-13 15:43:55,98.1,4.26,65.04,15.44,71.93,0
221,2026-04-13 03:58:44,41.11,8.36,95.39,23.85,75.3,0
222,2026-04-13 19:02:49,85.89,29.43,130.0,72.59,83.58,0
223,2026-04-13 20:13:57,34.82,47.86,20.62,18.47,75.55,0
224,2026-04-13 18:48:28,45.81,7.32,52.44,80.35,92.52,0
225,2026-04-13 21:51:47,53.24,51.78,82.33,30.45,97.63,0
226,2026-04-13 11:45:43,95.61,87.39,49.01,87.24,71.71,0
227,2026-04-13 13:01:05,37.85,19.88,72.97,54.42,83.02,0
228,2026-04-13 05:37:58,93.36,57.11,137.53,26.1,78.49,0
229,2026-04-13 06:28:57,26.95,35.57,108.64,17.81,90.08,0
230,2026-04-13 02:57:29,53.54,4.46,24.12,50.52,91.77,0
231,2026-04-13 21:34:43,12.31,65.72,96.4,29.89,95.63,0
232,2026-04-13 06:04:14,74.12,58.87,54.39,85.86,98.06,0
233,2026-04-13 21:05:13,74.07,26.19,17.71,24.02,80.83,0
234,2026-04-13 22:07:45,40.42,95.85,23.49,20.44,80.29,0
235,2026-04-13 23:57:38,60.4,29.02,60.39,21.0,84.72,0
236,2026-04-13 09:14:10,29.15,8.96,60.61,54.18,86.3,0
237,2026-04-13 01:34:45,58.39,84.27,122.28,93.84,94.1,0
238,2026-04-13 06:01:26,22.88,30.56,36.48,79.61,86.64,0
239,2026-04-13 05:59:32,45.6,85.62,126.98,61.34,94.28,0
240,2026-04-13 00:44:08,78.13,62.27,93.33,40.99,96.85,0
241,2026-04-13 10:28:34,50.69,42.7,45.91,54.37,77.94,0
242,2026-04-13 10:42:42,92.33,33.44,25.23,17.21,73.94,0
243,2026-04-13 14:17:32,89.79,15.93,30.33,49.9,80.03,0
244,2026-04-13 00:05:48,37.1,94.69,118.27,61.05,90.3,0
245,2026-04-13 20:51:25,27.86,25.38,75.58,15.17,77.8,0
246,2026-04-13 16:14:53,61.92,23.58,118.31,26.07,57.63,1
247,2026-04-13 17:37:48,40.48,24.27,97.61,90.46,86.47,0
248,2026-04-13 06:11:37,86.95,90.04,58.72,44.16,75.5,0
249,2026-04-13 21:34:16,51.37,11.87,113.6,55.39,87.61,0
250,2026-04-13 11:14:13,39.83,92.79,101.24,21.88,76.82,0
251,2026-04-13 20:59:42,51.64,84.57,11.49,61.11,83.09,0
252,2026-04-13 10:28:57,22.38,71.97,108.43,76.45,76.1,0
253,2026-04-13 12:20:39,93.31,97.45,132.68,19.78,89.57,0
254,2026-04-13 22:17:17,16.29,7.17,97.26,40.03,97.65,0
255,2026-04-13 10:37:18,43.09,47.22,77.1,67.02,85.85,0
256,2026-04-13 21:51:11,7.88,40.72,36.91,92.17,93.9,0
257,2026-04-13 17:22:21,56.38,18.76,44.63,30.54,73.2,0
258,2026-04-13 10:51:13,34.58,43.91,130.93,78.67,88.89,0
259,2026-04-13 15:01:36,92.08,37.38,133.83,17.83,87.53,0
260,2026-04-13 12:16:03,58.14,8.94,140.85,54.25,80.14,0
261,2026-04-13 18:16:41,66.31,50.47,73.83,23.52,84.63,0
262,2026-04-13 11:33:56,27.46,44.96,57.82,59.93,94.26,0
263,2026-04-13 22:50:50,90.79,53.7,147.5,15.3,78.16,0
264,2026-04-13 22:43:53,9.92,67.55,104.51,64.38,76.36,0
265,2026-04-13 20:36:05,82.68,21.28,132.43,75.67,97.87,0
266,2026-04-13 11:16:52,1.99,16.76,117.41,85.45,74.98,0
267,2026-04-13 10:12:01,17.8,51.55,145.1,43.79,57.35,1
268,2026-04-13 10:19:19,3.78,16.21,113.24,80.19,76.54,0
269,2026-04-13 04:18:46,38.36,92.96,51.87,56.74,94.78,0
270,2026-04-13 14:09:09,13.26,77.35,101.48,71.15,89.26,0
271,2026-04-13 12:36:39,46.9,11.38,65.65,55.43,75.7,0
272,2026-04-13 10:15:36,61.46,79.87,121.22,53.57,73.91,0
273,2026-04-13 04:43:29,48.43,51.42,80.11,16.22,92.96,0
274,2026-04-13 16:30:00,88.92,9.75,81.16,51.8,83.07,0
275,2026-04-13 14:04:12,88.6,7.92,87.58,61.54,84.85,0
276,2026-04-13 03:44:12,61.87,60.7,145.74,83.12,85.89,0
277,2026-04-13 11:17:18,52.89,9.15,38.89,79.12,77.99,0
278,2026-04-13 19:58:28,97.67,76.07,42.99,21.27,80.63,0
279,2026-04-13 09:50:20,30.82,28.58,117.03,82.55,78.41,0
280,2026-04-13 20:13:36,91.06,86.0,38.26,75.91,82.2,0
281,2026-04-13 10:46:00,90.41,56.36,44.43,63.89,81.79,0
282,2026-04-13 13:17:02,89.2,89.4,56.3,89.9,93.57,0
283,2026-04-13 05:56:54,28.82,65.49,100.76,83.17,85.78,0
284,2026-04-13 06:40:05,47.61,3.88,139.5,19.76,91.53,0
285,2026-04-13 11:49:34,27.3,60.88,83.71,32.99,88.49,0
286,2026-04-13 03:44:04,33.16,24.27,45.66,17.66,78.11,0
287,2026-04-13 22:40:04,94.21,91.2,36.84,63.1,75.0,0
288,2026-04-13 06:47:24,84.59,16.61,61.67,37.75,85.01,0
289,2026-04-13 20:08:36,95.15,13.27,52.3,78.77,75.26,0
290,2026-04-13 07:42:18,32.36,29.8,10.86,55.07,83.68,0
291,2026-04-13 10:06:33,84.0,84.0,113.77,51.11,97.01,0
292,2026-04-13 15:15:12,0.34,12.8,143.78,44.79,84.08,0
293,2026-04-13 16:15:51,77.13,99.37,83.14,37.19,72.25,0
294,2026-04-13 21:42:29,16.62,37.57,86.56,81.04,94.99,0
295,2026-04-13 10:37:27,11.27,41.67,38.99,45.46,94.06,0
296,2026-04-13 16:56:13,91.23,53.64,35.56,19.29,78.43,0
297,2026-04-13 23:36:38,87.17,18.31,148.79,92.43,59.97,1
298,2026-04-13 10:36:46,37.98,20.24,83.17,70.35,82.42,0
299,2026-04-13 14:52:22,67.84,89.12,118.33,66.98,72.06,0
300,2026-04-13 00:16:08,36.43,91.91,105.18,83.68,85.13,0
301,2026-04-13 15:18:50,45.01,92.87,133.37,69.14,84.77,0
302,2026-04-13 23:05:22,70.63,93.45,109.27,20.27,82.75,0
303,2026-04-13 02:50:40,40.23,27.23,51.83,42.79,85.21,0
304,2026-04-13 13:52:01,17.95,39.47,147.93,29.73,94.07,0
305,2026-04-13 10:47:06,81.28,83.1,140.66,88.45,40.36,1
306,2026-04-13 00:11:35,68.71,57.36,114.57,79.71,95.56,0
307,2026-04-13 04:53:46,29.44,67.55,88.9,72.41,90.13,0
308,2026-04-13 16:10:23,16.01,38.24,92.18,93.74,76.33,0
309,2026-04-13 21:05:19,40.4,43.36,66.65,20.52,77.17,0
310,2026-04-13 22:08:25,50.82,26.33,64.35,51.1,92.24,0
311,2026-04-13 18:36:49,93.16,1.1,35.08,39.48,73.4,0
312,2026-04-13 16:22:02,28.49,1.94,11.09,60.18,92.79,0
313,2026-04-13 23:01:33,50.97,13.64,44.4,46.87,76.72,0
314,2026-04-13 00:05:00,98.47,33.0,113.45,73.46,93.31,0
315,2026-04-13 07:17:26,16.84,8.21,51.25,42.89,72.55,0
316,2026-04-13 15:46:52,70.66,31.52,27.83,23.25,98.04,0
317,2026-04-13 23:25:00,59.74,99.51,50.71,41.7,95.2,0
318,2026-04-13 10:01:11,10.89,25.71,112.64,78.23,98.4,0
319,2026-04-13 14:18:11,51.27,15.05,19.83,39.65,80.35,0
320,2026-04-13 07:44:36,63.1,49.46,138.77,69.31,94.62,0
321,2026-04-13 05:48:03,15.33,2.68,10.45,74.42,58.77,1
322,2026-04-13 17:04:31,12.82,64.01,145.23,66.6,95.93,0
323,2026-04-13 19:48:15,74.55,11.46,28.63,22.13,78.81,0
324,2026-04-13 13:41:22,20.17,30.72,113.24,34.61,98.9,0
325,2026-04-13 22:51:47,96.16,22.89,44.62,39.27,77.06,0
326,2026-04-13 23:18:49,36.43,66.38,72.62,90.02,70.71,0
327,2026-04-13 16:14:49,54.58,36.9,141.81,42.33,83.22,0
328,2026-04-13 13:43:03,46.38,89.24,75.27,37.7,76.94,0
329,2026-04-13 04:01:00,67.74,78.27,49.73,43.28,86.72,0
330,2026-04-13 22:17:03,84.04,9.41,110.27,81.85,93.77,0
331,2026-04-13 16:31:24,32.61,57.89,132.9,78.29,74.09,0
332,2026-04-13 12:52:56,37.23,92.1,142.02,91.67,52.33,1
333,2026-04-13 08:56:25,45.92,18.71,36.57,63.16,95.86,0
334,2026-04-13 17:01:47,40.29,13.99,98.7,88.06,88.69,0
335,2026-04-13 03:59:45,0.47,31.37,10.01,53.77,86.39,0
336,2026-04-13 08:57:20,64.88,19.03,78.74,56.01,93.08,0
337,2026-04-13 20:02:21,63.43,16.29,111.79,66.03,74.89,0
338,2026-04-13 05:36:54,49.94,43.79,149.29,63.83,86.44,0
339,2026-04-13 22:26:24,76.96,70.13,85.05,48.37,92.05,0
340,2026-04-13 22:19:46,33.85,35.33,134.16,29.46,81.92,0
341,2026-04-13 18:57:11,21.6,9.52,119.95,24.57,97.9,0
342,2026-04-13 02:22:14,20.39,88.61,99.1,42.98,93.35,0
343,2026-04-13 21:50:21,82.68,80.65,33.29,94.83,77.5,0
344,2026-04-13 06:28:35,66.29,64.48,146.87,93.86,69.49,1
345,2026-04-13 07:52:50,60.89,83.93,60.19,67.39,81.85,0
346,2026-04-13 11:40:44,22.61,52.22,108.15,35.31,95.41,0
347,2026-04-13 00:14:17,95.21,78.72,73.62,82.22,82.32,0
348,2026-04-13 15:51:48,24.16,85.33,80.22,33.59,82.93,0
349,2026-04-13 20:56:45,54.38,96.93,52.31,58.34,72.34,0
350,2026-04-13 23:34:04,55.95,32.84,142.99,86.05,52.71,1
351,2026-04-13 14:55:14,65.38,23.96,143.64,75.13,76.04,0
352,2026-04-13 09:53:45,17.32,42.58,120.22,45.19,90.38,0
353,2026-04-13 02:10:05,13.66,20.79,39.56,80.74,71.0,0
354,2026-04-13 07:06:55,60.95,53.37,112.43,55.57,81.77,0
355,2026-04-13 23:31:49,16.84,63.3,100.77,92.2,73.21,0
356,2026-04-13 04:48:03,15.21,62.59,134.92,35.4,77.73,0
357,2026-04-13 10:44:50,1.76,92.24,122.99,79.79,70.24,0
358,2026-04-13 01:53:28,71.12,60.61,52.64,75.42,86.66,0
359,2026-04-13 22:21:08,74.18,28.92,32.64,42.3,81.28,0
360,2026-04-13 15:41:29,58.21,17.73,94.31,56.03,75.06,0
361,2026-04-13 08:45:24,52.94,18.48,89.95,21.63,98.9,0
362,2026-04-13 06:11:12,73.01,60.19,115.96,54.89,77.26,0
363,2026-04-13 10:18:01,98.3,55.68,110.21,54.82,89.1,0
364,2026-04-13 06:59:23,79.38,11.67,145.28,27.39,77.57,0
365,2026-04-13 23:57:08,73.79,13.72,63.68,93.6,76.13,0
366,2026-04-13 06:05:27,91.27,76.04,61.21,94.64,83.74,0
367,2026-04-13 21:40:34,67.81,48.43,70.15,94.2,92.56,0
368,2026-04-13 00:47:44,91.54,48.28,15.59,85.59,87.89,0
369,2026-04-13 05:15:21,89.31,46.07,14.61,25.87,82.49,0
370,2026-04-13 02:30:16,9.11,89.14,127.75,44.32,90.92,0
371,2026-04-13 18:58:41,53.03,13.91,90.06,45.22,88.44,0
372,2026-04-13 23:01:40,18.37,92.5,99.94,45.1,92.68,0
373,2026-04-13 21:21:40,31.94,29.28,98.98,16.54,89.18,0
374,2026-04-13 13:09:47,34.23,61.46,112.17,23.37,82.08,0
375,2026-04-13 15:10:13,35.4,88.62,51.73,38.95,75.22,0
376,2026-04-13 12:27:58,94.45,77.8,138.61,72.79,88.65,0
377,2026-04-13 03:19:45,30.9,79.35,50.62,71.33,84.0,0
378,2026-04-13 08:32:04,98.65,17.37,90.82,29.53,85.27,0
379,2026-04-13 10:25:57,45.8,89.46,27.53,21.06,85.99,0
380,2026-04-13 20:07:32,32.44,69.71,42.34,25.86,82.82,0
381,2026-04-13 22:27:25,91.58,21.75,32.28,74.14,72.52,0
382,2026-04-13 22:20:56,78.28,98.14,146.76,57.86,74.99,0
383,2026-04-13 20:38:30,72.15,68.94,53.54,42.11,93.71,0
384,2026-04-13 18:38:12,63.75,33.23,28.41,89.95,71.96,0
385,2026-04-13 21:56:38,41.15,43.96,76.54,40.06,94.52,0
386,2026-04-13 13:44:56,91.02,83.75,11.93,62.77,95.89,0
387,2026-04-13 23:17:16,20.8,22.37,78.68,37.05,92.95,0
388,2026-04-13 14:44:26,87.97,32.65,42.95,90.73,78.85,0
389,2026-04-13 07:25:20,16.69,33.76,31.38,35.28,70.59,0
390,2026-04-13 22:22:06,57.56,69.9,57.35,56.65,84.32,0
391,2026-04-13 01:42:18,91.84,25.94,62.96,58.55,53.85,1
392,2026-04-13 23:38:12,27.64,71.42,48.05,27.9,72.48,0
393,2026-04-13 08:05:50,26.62,97.16,11.64,58.35,89.58,0
394,2026-04-13 06:59:11,98.18,18.82,18.56,55.46,70.38,0
395,2026-04-13 22:37:52,1.0,57.53,38.51,80.44,74.02,0
396,2026-04-13 03:41:13,95.44,58.08,104.61,37.51,72.04,0
397,2026-04-13 16:09:07,18.02,47.88,19.79,85.17,59.31,1
398,2026-04-13 10:00:56,32.2,43.33,137.04,39.65,83.04,0
399,2026-04-13 02:52:10,86.45,97.72,27.32,76.75,89.14,0
400,2026-04-13 16:15:29,13.78,50.18,63.83,16.9,70.59,0
401,2026-04-13 08:34:27,75.98,45.19,81.73,34.47,86.47,0
402,2026-04-13 13:34:59,60.73,20.71,71.65,76.14,96.78,0
403,2026-04-13 06:06:56,10.0,3.99,120.11,35.27,85.6,0
404,2026-04-13 15:27:00,76.72,69.12,88.48,30.82,86.04,0
405,2026-04-13 12:45:17,14.45,33.74,25.96,60.07,90.86,0
406,2026-04-13 18:48:12,68.92,49.85,23.92,45.91,97.79,0
407,2026-04-13 01:44:13,13.13,63.65,103.24,56.29,87.33,0
408,2026-04-13 11:53:56,66.7,81.17,98.42,22.95,71.3,0
409,2026-04-13 21:04:59,51.54,15.38,15.3,65.41,90.95,0
410,2026-04-13 13:00:00,12.33,34.98,50.05,58.91,74.44,0
411,2026-04-13 05:09:15,15.6,14.46,144.9,87.63,68.65,1
412,2026-04-13 09:08:51,29.75,69.71,94.39,68.11,85.46,0
413,2026-04-13 00:49:27,77.96,51.31,103.94,55.6,78.72,0
414,2026-04-13 16:56:29,4.74,64.12,82.24,39.04,80.88,0
415,2026-04-13 18:38:11,77.36,88.55,112.44,36.3,87.24,0
416,2026-04-13 01:41:59,73.44,20.09,16.13,90.8,84.23,0
417,2026-04-13 06:47:06,38.68,89.12,131.87,19.22,87.11,0
418,2026-04-13 15:39:24,55.51,20.57,48.49,17.22,88.36,0
419,2026-04-13 23:57:00,90.43,37.98,145.46,84.47,74.27,0
420,2026-04-13 00:22:13,60.83,62.39,85.39,30.6,88.93,0
421,2026-04-13 13:06:15,46.8,38.49,23.51,88.54,74.19,0
422,2026-04-13 11:54:22,87.6,85.54,83.85,83.48,72.49,0
423,2026-04-13 21:03:05,79.14,63.05,70.02,55.58,90.77,0
424,2026-04-13 20:58:03,5.68,38.7,63.15,36.12,91.9,0
425,2026-04-13 23:56:57,50.24,85.92,44.37,49.46,87.81,0
426,2026-04-13 19:28:28,11.52,84.4,41.57,63.06,98.02,0
427,2026-04-13 10:28:32,4.97,69.89,127.53,56.85,77.91,0
428,2026-04-13 06:38:11,75.54,4.34,28.09,22.59,92.22,0
429,2026-04-13 23:07:59,18.69,17.88,40.29,27.8,75.05,0
430,2026-04-13 00:25:08,94.45,66.07,22.17,47.44,97.45,0
431,2026-04-13 01:13:47,6.1,82.73,98.48,59.15,90.55,0
432,2026-04-13 05:31:00,13.23,11.98,29.78,58.68,92.39,0
433,2026-04-13 16:20:01,86.17,0.68,65.09,85.16,77.6,0
434,2026-04-13 05:11:10,20.33,88.98,30.82,51.59,42.5,1
435,2026-04-13 05:10:54,81.62,32.9,123.99,27.34,76.53,0
436,2026-04-13 12:06:03,88.49,83.97,131.48,18.36,87.59,0
437,2026-04-13 12:54:31,83.52,2.52,22.04,62.33,70.43,0
438,2026-04-13 23:41:11,45.88,95.94,33.79,39.14,72.21,0
439,2026-04-13 23:11:51,60.45,79.28,20.21,63.92,75.88,0
440,2026-04-13 18:04:31,2.75,7.58,147.81,60.83,71.93,0
441,2026-04-13 03:44:07,23.31,29.64,17.22,26.86,61.57,1
442,2026-04-13 22:38:35,40.78,42.49,31.58,32.21,71.64,0
443,2026-04-13 09:28:42,91.56,5.49,84.36,36.09,81.68,0
444,2026-04-13 07:02:26,66.05,71.55,85.28,43.68,93.71,0
445,2026-04-13 00:59:03,3.72,64.82,21.6,79.83,97.54,0
446,2026-04-13 08:03:12,88.06,25.8,113.67,22.3,83.63,0
447,2026-04-13 19:30:21,95.8,85.39,82.52,42.78,70.76,0
448,2026-04-13 03:30:14,1.0,61.17,67.41,76.55,50.12,1
449,2026-04-13 08:20:47,10.93,18.87,130.1,23.02,70.72,0
450,2026-04-13 07:46:15,41.31,83.36,29.56,37.15,72.46,0
451,2026-04-13 23:47:21,8.11,92.33,50.91,66.16,77.63,0
452,2026-04-13 04:24:15,49.71,79.89,80.93,23.49,71.27,0
453,2026-04-13 05:17:53,17.88,49.08,71.76,54.6,77.44,0
454,2026-04-13 07:22:27,23.71,56.39,144.47,71.89,92.44,0
455,2026-04-13 10:34:37,12.09,36.89,136.84,82.5,80.55,0
456,2026-04-13 19:21:33,82.31,40.15,128.81,28.49,94.67,0
457,2026-04-13 23:05:48,3.84,64.78,125.8,51.97,88.5,0
458,2026-04-13 01:08:46,34.71,43.41,28.24,84.75,72.61,0
459,2026-04-13 23:59:49,6.39,56.45,140.51,26.28,86.97,0
460,2026-04-13 09:09:33,84.84,2.53,33.93,49.23,88.37,0
461,2026-04-13 16:02:08,14.61,55.54,121.12,94.19,85.37,0
462,2026-04-13 16:44:37,15.9,97.15,55.53,72.59,74.58,0
463,2026-04-13 02:49:35,81.81,55.06,113.11,86.98,89.42,0
464,2026-04-13 12:32:27,76.61,52.06,81.12,54.61,94.66,0
465,2026-04-13 17:56:15,33.99,52.12,15.59,64.85,94.06,0
466,2026-04-13 19:44:57,55.24,47.81,106.55,86.32,96.64,0
467,2026-04-13 23:47:24,64.32,2.32,55.5,45.21,92.29,0
468,2026-04-13 18:48:52,36.52,9.28,130.07,72.38,81.89,0
469,2026-04-13 05:54:37,98.98,15.54,107.18,37.72,78.61,0
470,2026-04-13 02:25:37,11.21,11.29,113.42,76.04,76.3,0
471,2026-04-13 16:39:08,33.07,45.44,85.16,55.97,83.65,0
472,2026-04-13 11:53:52,64.01,3.04,11.47,42.02,76.44,0
473,2026-04-13 07:34:45,92.85,1.61,115.83,67.74,81.15,0
474,2026-04-13 22:10:04,71.07,56.16,26.95,35.85,91.08,0
475,2026-04-13 21:50:26,34.48,72.47,103.18,72.74,90.89,0
476,2026-04-13 01:20:56,67.48,32.98,127.36,79.8,77.41,0
477,2026-04-13 02:54:53,20.5,53.62,17.62,45.25,79.61,0
478,2026-04-13 15:28:26,27.54,45.81,139.4,69.15,98.19,0
479,2026-04-13 19:39:43,1.72,17.02,147.1,90.95,41.51,1
480,2026-04-13 19:01:52,73.73,66.95,15.13,93.04,76.46,0
481,2026-04-13 08:31:56,67.61,50.54,72.95,25.79,79.68,0
482,2026-04-13 18:31:00,50.85,27.15,27.07,78.54,92.96,0
483,2026-04-13 15:51:17,27.45,97.89,123.46,61.45,95.86,0
484,2026-04-13 20:45:32,90.52,3.56,113.03,88.04,85.76,0
485,2026-04-13 09:00:07,55.13,11.93,147.84,15.96,73.61,0
486,2026-04-13 14:00:22,98.94,81.0,26.49,25.36,82.99,0
487,2026-04-13 19:11:50,10.41,74.21,13.89,39.77,93.34,0
488,2026-04-13 02:53:04,9.13,19.51,35.92,61.64,87.15,0
489,2026-04-13 15:41:52,43.28,51.39,148.29,25.01,97.9,0
490,2026-04-13 05:38:05,16.0,59.42,25.67,83.68,93.72,0
491,2026-04-13 01:27:57,53.51,82.64,72.72,69.02,74.24,0
492,2026-04-13 02:47:48,81.39,32.58,74.96,65.15,92.26,0
493,2026-04-13 16:17:49,45.35,13.99,92.36,29.09,70.03,0
494,2026-04-13 05:23:52,49.22,96.33,113.71,80.39,77.22,0
495,2026-04-13 12:49:00,84.49,97.82,36.4,52.37,92.92,0
496,2026-04-13 07:20:13,16.16,68.88,97.18,83.68,79.02,0
497,2026-04-13 23:55:40,40.22,29.92,29.48,31.5,76.73,0
498,2026-04-13 23:18:29,66.9,9.97,122.39,83.06,78.79,0
499,2026-04-13 14:43:22,85.15,3.27,135.89,42.22,79.41,0
500,2026-04-13 10:52:18,78.99,68.23,79.94,74.2,98.95,0
501,2026-04-13 03:23:31,16.52,75.34,141.72,42.53,88.4,0
502,2026-04-13 04:00:24,11.82,40.43,93.0,32.59,91.69,0
503,2026-04-13 20:49:01,65.53,41.34,101.79,26.07,71.09,0
504,2026-04-13 23:14:49,24.29,35.8,13.58,34.27,94.7,0
505,2026-04-13 08:26:15,47.28,50.91,84.31,16.14,85.21,0
506,2026-04-13 18:34:36,87.43,43.2,52.49,91.23,91.33,0
507,2026-04-13 23:11:14,64.66,1.9,56.58,71.09,84.01,0
508,2026-04-13 01:54:51,11.63,67.22,37.39,87.65,79.0,0
509,2026-04-13 16:35:47,68.4,31.54,35.13,44.1,75.95,0
510,2026-04-13 00:22:59,73.74,57.5,125.57,43.93,94.51,0
511,2026-04-13 18:29:27,10.48,99.79,143.0,51.95,89.31,0
512,2026-04-13 11:09:07,82.69,30.65,92.92,32.4,82.46,0
513,2026-04-13 07:41:54,51.57,24.57,88.46,91.22,82.07,0
514,2026-04-13 06:06:26,42.05,18.11,35.47,32.15,76.69,0
515,2026-04-13 09:13:52,81.43,42.0,145.7,70.1,96.1,0
516,2026-04-13 13:04:39,90.47,48.0,46.07,52.68,95.74,0
517,2026-04-13 07:29:48,64.68,81.25,121.51,19.28,75.91,0
518,2026-04-13 13:01:06,37.56,79.45,26.36,17.1,83.39,0
519,2026-04-13 16:08:57,80.52,69.93,144.83,21.0,86.19,0
520,2026-04-13 00:05:20,79.82,90.1,22.24,77.89,89.31,0
521,2026-04-13 23:55:44,9.41,31.75,83.22,48.35,75.89,0
522,2026-04-13 21:18:46,71.42,14.29,10.24,65.55,98.65,0
523,2026-04-13 16:14:05,90.5,12.08,62.93,67.64,52.5,1
524,2026-04-13 23:11:45,74.99,5.83,24.16,37.59,96.91,0
525,2026-04-13 17:55:22,21.98,88.92,77.56,21.29,79.94,0
526,2026-04-13 08:07:06,15.56,45.36,80.28,90.5,70.86,0
527,2026-04-13 00:14:26,85.08,90.04,38.46,31.38,80.32,0
528,2026-04-13 17:28:14,72.51,72.65,70.37,45.78,81.85,0
529,2026-04-13 07:29:41,2.05,25.16,32.83,78.43,93.0,0
530,2026-04-13 08:18:11,95.55,32.0,107.22,73.85,87.05,0
531,2026-04-13 20:56:49,27.91,43.01,43.35,25.71,80.97,0
532,2026-04-13 03:54:28,20.58,75.29,87.97,72.67,60.99,1
533,2026-04-13 02:07:17,30.46,22.01,95.78,33.77,77.93,0
534,2026-04-13 04:24:36,6.56,47.06,100.05,70.71,97.29,0
535,2026-04-13 23:19:58,74.63,41.01,55.23,83.72,98.74,0
536,2026-04-13 06:06:03,63.07,3.11,79.26,66.01,76.64,0
537,2026-04-13 06:37:45,99.17,19.07,39.07,49.16,80.5,0
538,2026-04-13 15:10:40,26.07,46.19,95.7,88.89,86.49,0
539,2026-04-13 16:52:32,89.74,66.9,134.32,56.96,92.37,0
540,2026-04-13 14:03:01,70.96,54.54,86.14,69.12,82.44,0
541,2026-04-13 03:03:42,27.12,29.2,140.03,51.8,73.14,0
542,2026-04-13 18:09:20,93.97,68.73,28.98,20.31,81.46,0
543,2026-04-13 10:06:55,94.6,66.56,107.2,64.52,75.46,0
544,2026-04-13 14:02:42,10.41,12.43,29.48,55.26,95.81,0
545,2026-04-13 05:37:35,75.71,34.04,22.81,73.12,75.08,0
546,2026-04-13 21:22:54,94.4,61.22,18.99,75.41,89.92,0
547,2026-04-13 13:55:58,75.88,56.32,62.56,18.63,72.99,0
548,2026-04-13 23:53:21,53.35,63.33,42.51,66.34,75.18,0
549,2026-04-13 07:36:01,4.25,6.6,142.52,88.42,46.72,1
550,2026-04-13 08:07:24,47.57,47.22,18.55,65.71,77.56,0
551,2026-04-13 03:15:00,87.04,84.54,72.4,31.89,96.18,0
552,2026-04-13 16:04:04,31.49,13.37,140.47,25.67,74.03,0
553,2026-04-13 05:34:00,66.22,74.17,32.09,39.66,84.16,0
554,2026-04-13 00:03:34,18.79,46.53,43.72,57.54,84.95,0
555,2026-04-13 07:48:17,63.42,17.45,89.52,88.53,72.66,0
556,2026-04-13 08:01:59,56.04,96.29,124.15,91.39,89.3,0
557,2026-04-13 12:29:28,73.97,99.96,106.74,60.29,89.14,0
558,2026-04-13 06:16:55,59.32,84.88,103.55,28.42,75.4,0
559,2026-04-13 07:45:04,94.68,60.4,128.19,15.81,95.09,0
560,2026-04-13 21:09:04,89.77,95.52,41.97,18.8,82.14,0
561,2026-04-13 05:44:52,68.75,52.07,128.86,48.55,75.9,0
562,2026-04-13 13:22:03,63.9,51.0,10.38,56.83,98.38,0
563,2026-04-13 02:18:07,62.88,52.22,139.34,39.86,86.63,0
564,2026-04-13 14:32:07,6.24,58.95,19.17,91.78,70.27,0
565,2026-04-13 04:25:43,66.84,3.1,16.53,31.71,78.6,0
566,2026-04-13 16:33:39,17.68,41.07,15.6,65.55,80.37,0
567,2026-04-13 06:34:01,5.1,81.24,104.47,78.11,84.6,0
568,2026-04-13 18:44:24,95.58,5.21,104.9,80.71,89.76,0
569,2026-04-13 08:15:43,48.51,63.89,18.66,91.91,57.23,1
570,2026-04-13 06:43:25,33.76,45.2,18.63,31.29,94.9,0
571,2026-04-13 05:17:08,90.79,33.36,38.24,51.5,91.83,0
572,2026-04-13 01:13:11,17.27,97.07,109.2,26.85,89.02,0
573,2026-04-13 15:47:31,4.81,42.86,21.13,39.95,91.68,0
574,2026-04-13 20:52:43,13.23,41.66,31.2,71.75,80.23,0
575,2026-04-13 11:17:00,48.35,72.87,94.67,20.16,72.35,0
576,2026-04-13 16:49:28,20.64,53.38,124.19,22.15,60.02,1
577,2026-04-13 22:42:36,73.2,0.94,45.37,59.93,80.59,0
578,2026-04-13 09:37:57,7.87,15.77,100.01,82.69,86.15,0
579,2026-04-13 12:27:01,11.83,45.05,69.7,74.26,87.75,0
580,2026-04-13 16:47:11,7.57,85.61,98.44,48.92,85.46,0
581,2026-04-13 09:04:33,23.93,99.1,26.58,70.08,95.97,0
582,2026-04-13 05:46:47,63.75,61.6,16.27,48.64,66.41,1
583,2026-04-13 23:13:04,42.7,57.01,87.28,48.04,85.45,0
584,2026-04-13 14:12:37,8.19,12.85,89.83,77.34,85.33,0
585,2026-04-13 22:04:56,86.0,13.91,45.49,20.93,84.86,0
586,2026-04-13 06:45:38,62.28,44.51,40.0,80.15,80.82,0
587,2026-04-13 04:26:20,92.06,2.84,115.58,26.14,72.37,0
588,2026-04-13 02:19:36,27.55,0.83,120.08,91.35,69.39,1
589,2026-04-13 21:30:45,38.82,23.42,55.46,23.13,96.75,0
590,2026-04-13 23:15:03,55.36,70.24,90.03,22.85,50.26,1
591,2026-04-13 17:54:51,43.96,9.88,120.7,23.89,81.21,0
592,2026-04-13 20:20:20,30.73,68.39,26.73,54.44,76.77,0
593,2026-04-13 07:32:11,71.37,67.62,95.34,64.78,41.6,1
594,2026-04-13 17:55:42,23.98,79.84,128.17,41.13,78.64,0
595,2026-04-13 08:12:36,3.86,46.17,24.09,92.26,73.63,0
596,2026-04-13 09:30:02,9.01,67.49,92.73,43.89,96.72,0
597,2026-04-13 09:00:11,18.9,77.15,67.71,35.98,88.73,0
598,2026-04-13 10:36:50,72.03,7.02,85.68,54.29,83.43,0
599,2026-04-13 04:26:27,80.35,86.95,25.78,91.88,98.54,0
600,2026-04-13 22:35:00,53.22,88.57,29.83,38.25,91.2,0
601,2026-04-13 01:37:04,46.85,81.74,137.91,28.72,91.58,0
602,2026-04-13 03:10:23,60.7,85.06,68.41,28.57,94.3,0
603,2026-04-13 20:32:32,56.14,10.05,37.08,93.48,73.06,0
604,2026-04-13 02:25:33,79.24,48.81,82.52,53.99,96.35,0
605,2026-04-13 03:17:58,87.32,12.03,87.41,57.36,92.68,0
606,2026-04-13 16:06:06,81.6,73.82,145.86,90.78,52.53,1
607,2026-04-13 12:49:22,45.06,18.5,138.95,91.31,62.85,1
608,2026-04-13 01:16:56,14.32,55.39,41.86,27.76,94.58,0
609,2026-04-13 02:06:24,35.57,31.45,35.93,85.92,76.2,0
610,2026-04-13 06:07:50,81.21,53.38,109.2,26.75,45.6,1
611,2026-04-13 11:38:20,24.58,79.92,35.24,77.49,88.08,0
612,2026-04-13 01:04:45,95.4,35.42,140.19,59.58,71.65,0
613,2026-04-13 04:38:09,94.82,57.26,107.93,41.83,71.83,0
614,2026-04-13 11:19:32,35.44,4.87,48.3,18.05,81.45,0
615,2026-04-13 18:22:36,92.81,23.69,57.13,85.18,95.02,0
616,2026-04-13 19:53:04,39.66,59.19,147.09,76.42,81.0,0
617,2026-04-13 07:06:35,56.27,92.61,17.27,76.81,76.15,0
618,2026-04-13 00:49:35,55.65,31.57,113.5,73.39,88.94,0
619,2026-04-13 10:11:12,21.15,32.33,89.6,88.08,83.99,0
620,2026-04-13 22:05:57,78.5,96.65,139.23,89.71,43.56,1
621,2026-04-13 00:40:54,58.7,52.73,22.03,49.44,71.17,0
622,2026-04-13 12:14:53,33.28,37.79,59.96,49.12,70.44,0
623,2026-04-13 08:56:53,99.55,72.06,17.39,26.79,77.91,0
624,2026-04-13 23:15:01,13.78,14.11,61.03,15.78,71.27,0
625,2026-04-13 03:20:29,55.21,67.2,15.09,52.49,98.36,0
626,2026-04-13 17:48:52,44.16,19.51,19.18,23.02,98.02,0
627,2026-04-13 15:00:45,28.99,27.7,108.4,54.74,94.46,0
628,2026-04-13 04:52:55,52.38,97.53,65.73,40.45,74.11,0
629,2026-04-13 07:07:39,20.97,43.12,83.45,89.55,90.98,0
630,2026-04-13 22:48:48,93.71,4.24,72.12,77.98,90.12,0
631,2026-04-13 22:11:12,84.06,1.98,103.73,62.24,94.12,0
632,2026-04-13 16:48:29,6.28,49.18,123.27,28.94,81.28,0
633,2026-04-13 16:20:48,61.07,74.0,148.68,31.25,93.69,0
634,2026-04-13 20:48:42,10.83,31.32,17.3,82.56,82.12,0
635,2026-04-13 15:23:36,66.41,72.03,144.62,82.19,97.7,0
636,2026-04-13 12:56:58,29.42,51.63,87.92,66.55,89.32,0
637,2026-04-13 04:44:29,91.82,40.39,123.99,56.19,56.04,1
638,2026-04-13 00:59:50,99.95,92.7,110.8,62.6,94.33,0
639,2026-04-13 15:33:10,33.81,98.26,62.78,77.89,80.39,0
640,2026-04-13 06:52:41,54.51,97.39,72.19,16.45,68.87,1
641,2026-04-13 15:29:35,23.37,2.37,27.54,40.06,78.02,0
642,2026-04-13 03:49:03,95.12,44.28,31.9,78.08,88.01,0
643,2026-04-13 10:40:44,75.17,58.56,12.68,77.26,97.99,0
644,2026-04-13 09:57:11,48.42,32.13,131.67,76.11,84.68,0
645,2026-04-13 12:54:17,75.19,95.19,120.87,22.05,91.43,0
646,2026-04-13 09:23:14,38.87,68.26,52.85,49.15,77.03,0
647,2026-04-13 19:17:27,43.27,35.9,36.06,66.83,79.75,0
648,2026-04-13 22:57:55,11.81,51.73,71.13,92.46,51.77,1
649,2026-04-13 04:08:48,95.59,75.38,84.42,69.23,77.4,0
650,2026-04-13 00:19:57,13.01,54.1,123.32,16.33,74.93,0
651,2026-04-13 23:34:33,80.81,35.43,140.24,49.58,78.59,0
652,2026-04-13 01:04:59,56.19,8.36,139.93,87.97,54.06,1
653,2026-04-13 05:43:11,77.37,36.21,65.99,72.46,71.29,0
654,2026-04-13 20:30:18,69.64,76.06,71.59,69.73,87.24,0
655,2026-04-13 18:38:18,97.13,61.44,127.42,85.47,87.54,0
656,2026-04-13 19:04:01,7.54,8.66,35.16,48.17,98.89,0
657,2026-04-13 18:22:13,79.52,62.33,17.01,93.9,81.74,0
658,2026-04-13 13:59:53,65.81,5.99,84.92,85.82,95.57,0
659,2026-04-13 00:47:33,55.28,21.95,39.13,42.75,74.16,0
660,2026-04-13 15:41:46,31.57,64.4,107.33,34.98,70.89,0
661,2026-04-13 15:51:07,89.13,47.34,27.72,76.56,82.12,0
662,2026-04-13 08:47:47,95.8,31.66,32.66,67.07,85.74,0
663,2026-04-13 11:58:27,95.11,63.06,128.41,20.74,51.92,1
664,2026-04-13 18:50:46,65.82,21.57,106.46,22.24,71.97,0
665,2026-04-13 11:21:27,52.93,58.61,25.5,29.33,72.17,0
666,2026-04-13 06:47:40,66.4,43.49,148.06,83.7,76.71,0
667,2026-04-13 09:57:06,65.78,17.61,75.32,21.94,51.82,1
668,2026-04-13 14:11:22,87.78,60.28,73.34,55.67,73.38,0
669,2026-04-13 00:40:32,77.39,6.11,43.95,75.99,72.28,0
670,2026-04-13 05:49:02,63.13,10.73,13.55,20.94,79.56,0
671,2026-04-13 07:18:11,75.16,69.66,50.85,80.73,94.01,0
672,2026-04-13 03:53:26,27.49,97.67,103.27,82.01,74.81,0
673,2026-04-13 00:32:56,10.35,61.15,23.56,37.13,82.08,0
674,2026-04-13 10:37:56,45.17,63.27,100.26,45.13,82.34,0
675,2026-04-13 18:20:14,88.4,35.55,127.49,65.74,62.28,1
676,2026-04-13 05:15:58,40.75,21.25,57.95,37.86,98.89,0
677,2026-04-13 07:10:36,80.97,83.6,131.9,38.23,97.84,0
678,2026-04-13 08:50:29,79.81,94.55,117.78,66.59,83.96,0
679,2026-04-13 01:31:39,27.12,39.78,120.4,61.13,71.05,0
680,2026-04-13 18:23:36,40.24,70.02,93.3,35.01,70.3,0
681,2026-04-13 19:44:14,83.6,35.98,128.82,85.58,87.18,0
682,2026-04-13 22:35:34,8.98,64.02,27.43,15.48,60.55,1
683,2026-04-13 16:53:11,39.22,32.12,118.38,80.93,81.36,0
684,2026-04-13 07:52:49,43.39,65.59,119.69,90.2,72.73,0
685,2026-04-13 12:39:23,34.02,69.86,33.05,41.66,88.9,0
686,2026-04-13 05:16:07,99.37,14.01,98.68,88.08,84.13,0
687,2026-04-13 13:59:21,12.33,87.92,116.01,50.78,96.73,0
688,2026-04-13 05:56:24,63.87,13.94,44.69,81.34,78.82,0
689,2026-04-13 08:05:04,54.85,75.82,141.04,61.81,74.18,0
690,2026-04-13 19:01:55,66.0,87.43,122.33,62.68,92.98,0
691,2026-04-13 12:54:07,46.03,6.63,137.3,84.9,72.66,0
692,2026-04-13 08:46:29,72.26,81.0,92.79,25.65,88.17,0
693,2026-04-13 10:41:45,94.21,46.32,85.95,70.91,74.83,0
694,2026-04-13 10:07:42,45.45,1.46,85.76,47.13,74.37,0
695,2026-04-13 04:28:35,90.2,17.96,125.58,56.09,84.77,0
696,2026-04-13 20:11:17,62.35,95.78,78.67,73.82,96.1,0
697,2026-04-13 23:00:52,67.06,68.72,31.71,86.19,84.34,0
698,2026-04-13 15:12:32,19.94,57.76,51.4,17.14,91.13,0
699,2026-04-13 13:19:20,8.52,74.55,41.16,30.7,79.3,0
700,2026-04-13 01:54:53,11.22,62.09,15.16,78.3,97.47,0
701,2026-04-13 07:22:07,69.15,65.64,143.24,77.14,73.09,0
702,2026-04-13 01:04:47,6.63,88.42,135.85,75.03,76.93,0
703,2026-04-13 16:40:25,98.64,55.34,35.38,57.99,89.95,0
704,2026-04-13 08:19:01,64.56,57.16,82.34,17.87,76.83,0
705,2026-04-13 00:19:01,51.47,3.91,134.21,54.23,46.89,1
706,2026-04-13 06:21:29,97.67,56.27,140.96,70.35,83.67,0
707,2026-04-13 15:21:00,35.85,64.63,80.19,39.34,64.15,1
708,2026-04-13 18:42:23,73.44,87.75,88.42,17.54,83.34,0
709,2026-04-13 21:30:09,13.82,41.59,64.01,68.56,89.15,0
710,2026-04-13 09:27:36,72.21,57.17,45.45,87.07,90.87,0
711,2026-04-13 08:03:13,19.49,3.59,103.04,91.81,80.3,0
712,2026-04-13 16:54:43,91.0,53.64,38.25,45.14,91.36,0
713,2026-04-13 23:36:47,27.46,42.61,125.44,35.65,81.46,0
714,2026-04-13 09:00:57,26.12,33.19,124.12,64.26,91.06,0
715,2026-04-13 22:19:35,35.09,67.92,123.43,20.6,82.51,0
716,2026-04-13 17:52:43,0.8,10.05,66.81,92.45,81.18,0
717,2026-04-13 02:33:27,8.97,73.68,56.03,51.58,94.55,0
718,2026-04-13 15:34:32,2.98,9.25,121.88,75.99,95.06,0
719,2026-04-13 02:04:28,66.99,19.06,81.35,46.08,73.36,0
720,2026-04-13 18:48:38,17.55,38.53,140.74,21.49,86.22,0
721,2026-04-13 14:33:43,41.18,54.72,142.5,83.28,93.72,0
722,2026-04-13 08:52:37,15.2,79.63,107.78,45.42,75.0,0
723,2026-04-13 04:04:51,84.53,60.04,30.57,35.75,72.98,0
724,2026-04-13 11:52:40,32.72,31.28,66.39,35.94,75.61,0
725,2026-04-13 17:43:51,24.46,70.25,122.1,55.01,89.27,0
726,2026-04-13 23:53:27,76.46,78.41,21.67,58.4,71.67,0
727,2026-04-13 12:53:21,1.35,27.53,140.54,72.91,72.02,0
728,2026-04-13 11:39:08,81.19,43.61,64.36,16.26,73.39,0
729,2026-04-13 19:51:11,82.34,33.21,32.78,65.02,88.27,0
730,2026-04-13 17:53:34,58.89,78.1,146.36,40.21,43.84,1
731,2026-04-13 11:58:03,97.42,68.47,75.25,24.12,83.5,0
732,2026-04-13 13:24:17,53.19,26.27,126.44,39.64,80.57,0
733,2026-04-13 19:03:45,20.86,87.05,54.11,86.0,85.92,0
734,2026-04-13 18:48:56,76.25,50.74,105.81,80.21,89.18,0
735,2026-04-13 00:38:01,16.76,9.85,122.69,70.26,76.62,0
736,2026-04-13 16:03:15,40.81,68.36,93.28,74.97,66.97,1
737,2026-04-13 17:14:08,0.67,79.6,39.93,91.58,80.05,0
738,2026-04-13 11:37:13,86.67,70.32,105.14,72.19,82.86,0
739,2026-04-13 07:16:20,50.73,16.77,58.85,94.89,85.79,0
740,2026-04-13 22:14:49,63.86,25.68,66.76,73.04,73.76,0
741,2026-04-13 13:07:39,71.81,82.42,32.66,81.09,73.65,0
742,2026-04-13 15:46:15,49.96,54.01,25.27,41.88,83.15,0
743,2026-04-13 20:01:30,8.2,42.0,44.79,15.31,72.67,0
744,2026-04-13 17:33:17,56.78,23.69,95.08,63.49,86.5,0
745,2026-04-13 19:30:16,20.55,40.26,11.78,88.17,70.97,0
746,2026-04-13 19:56:05,11.33,85.88,47.48,35.01,86.75,0
747,2026-04-13 05:58:18,69.82,48.52,125.08,20.57,84.55,0
748,2026-04-13 09:57:05,50.37,8.67,21.97,88.49,70.84,0
749,2026-04-13 06:05:09,75.39,25.25,57.04,35.78,76.1,0
750,2026-04-13 19:37:12,81.29,8.05,73.35,37.79,78.15,0
751,2026-04-13 11:35:14,83.88,32.52,140.23,73.08,74.71,0
752,2026-04-13 18:28:39,46.72,14.74,141.1,76.92,96.89,0
753,2026-04-13 02:12:58,24.12,65.85,33.31,90.83,89.92,0
754,2026-04-13 08:59:50,22.0,88.19,61.4,51.98,78.14,0
755,2026-04-13 15:26:57,42.51,23.13,95.42,81.53,70.16,0
756,2026-04-13 17:44:14,34.36,57.78,76.29,78.13,75.85,0
757,2026-04-13 12:50:30,49.07,95.0,68.92,21.89,78.35,0
758,2026-04-13 13:41:40,17.88,54.11,18.16,79.07,74.44,0
759,2026-04-13 20:02:32,3.84,26.09,53.62,47.56,81.08,0
760,2026-04-13 17:55:41,50.97,48.12,43.28,80.68,81.08,0
761,2026-04-13 16:39:15,53.57,68.02,60.75,24.85,93.0,0
762,2026-04-13 03:53:52,67.29,86.33,62.72,45.65,76.39,0
763,2026-04-13 09:00:01,46.43,75.05,99.79,16.99,98.98,0
764,2026-04-13 12:26:01,78.73,29.47,105.71,56.87,87.98,0
765,2026-04-13 06:24:55,94.89,22.42,89.29,86.03,72.52,0
766,2026-04-13 13:46:20,48.08,43.26,89.58,33.61,90.65,0
767,2026-04-13 19:16:00,9.95,2.59,124.24,69.18,70.5,0
768,2026-04-13 01:07:22,78.56,90.63,20.39,52.41,73.3,0
769,2026-04-13 08:45:56,96.4,64.24,53.77,61.1,92.9,0
770,2026-04-13 11:52:09,79.14,18.95,18.51,87.96,75.62,0
771,2026-04-13 16:09:32,92.14,24.76,130.99,25.28,95.65,0
772,2026-04-13 15:16:35,61.42,45.97,57.74,93.31,71.59,0
773,2026-04-13 01:14:28,1.88,78.16,66.0,90.82,81.79,0
774,2026-04-13 22:41:23,96.1,96.76,131.45,84.21,87.89,0
775,2026-04-13 08:32:15,10.38,0.93,53.7,33.09,71.44,0
776,2026-04-13 06:27:08,85.11,72.8,43.24,15.95,88.03,0
777,2026-04-13 06:23:52,19.91,58.21,68.31,83.55,89.62,0
778,2026-04-13 08:26:10,58.23,47.65,105.46,59.55,91.27,0
779,2026-04-13 04:10:55,30.59,34.08,91.54,44.55,92.1,0
780,2026-04-13 09:48:35,37.14,5.42,147.8,35.75,72.54,0
781,2026-04-13 12:38:35,28.91,38.81,17.16,23.06,83.75,0
782,2026-04-13 20:41:03,38.97,47.51,53.73,58.25,98.19,0
783,2026-04-13 22:51:27,81.22,51.13,53.84,84.11,82.05,0
784,2026-04-13 05:53:33,52.32,80.61,134.57,45.38,98.26,0
785,2026-04-13 10:53:42,53.7,47.01,27.73,91.38,90.66,0
786,2026-04-13 00:06:22,61.7,8.24,38.9,59.87,95.0,0
787,2026-04-13 23:50:43,93.27,72.34,41.7,34.4,75.18,0
788,2026-04-13 11:11:40,28.58,89.54,50.99,29.74,98.73,0
789,2026-04-13 12:32:50,61.64,91.61,32.78,32.41,88.86,0
790,2026-04-13 07:03:12,5.8,85.97,34.88,77.89,90.28,0
791,2026-04-13 04:37:57,4.26,40.54,78.44,81.32,80.96,0
792,2026-04-13 05:36:37,13.84,73.83,135.88,74.19,97.52,0
793,2026-04-13 17:02:10,99.56,6.04,27.44,25.61,73.87,0
794,2026-04-13 05:20:47,62.09,60.39,114.32,21.61,71.73,0
795,2026-04-13 09:59:21,86.67,86.22,57.67,75.99,84.98,0
796,2026-04-13 14:55:15,97.48,53.62,57.23,32.5,73.63,0
797,2026-04-13 01:47:32,25.6,48.48,130.84,70.2,93.82,0
798,2026-04-13 00:09:37,18.27,3.96,89.94,56.07,87.73,0
799,2026-04-13 09:00:41,5.73,45.71,60.95,46.79,76.19,0
800,2026-04-13 13:44:00,16.2,54.65,16.74,65.44,71.13,0
801,2026-04-13 08:12:57,0.8,53.0,136.09,31.35,84.49,0
802,2026-04-13 06:07:33,1.93,7.42,111.96,70.67,90.55,0
803,2026-04-13 17:08:54,63.96,94.89,32.02,23.78,73.08,0
804,2026-04-13 20:09:06,97.03,97.41,76.33,45.23,82.43,0
805,2026-04-13 13:25:50,97.0,24.17,19.56,20.64,77.24,0
806,2026-04-13 08:50:02,74.71,74.66,37.42,69.96,75.93,0
807,2026-04-13 03:27:58,60.54,19.07,78.56,38.83,88.21,0
808,2026-04-13 02:26:30,15.35,24.71,117.08,58.92,75.59,0
809,2026-04-13 14:57:53,29.58,13.73,111.35,85.11,85.14,0
810,2026-04-13 15:12:08,75.66,83.8,43.04,37.74,96.04,0
811,2026-04-13 14:27:04,36.46,20.16,65.74,34.91,96.23,0
812,2026-04-13 20:28:57,31.92,70.33,11.68,94.3,80.66,0
813,2026-04-13 21:10:00,6.11,2.57,22.63,82.14,93.4,0
814,2026-04-13 18:06:28,65.08,96.45,90.91,51.88,89.49,0
815,2026-04-13 01:08:56,2.26,48.99,24.32,36.42,79.35,0
816,2026-04-13 16:24:24,46.44,27.07,86.19,47.23,94.22,0
817,2026-04-13 12:46:44,96.59,51.64,118.93,43.29,80.31,0
818,2026-04-13 20:39:31,20.63,62.36,135.0,50.73,74.41,0
819,2026-04-13 21:03:58,99.82,95.54,39.48,74.26,73.61,0
820,2026-04-13 18:51:46,37.41,40.54,29.35,87.46,82.83,0
821,2026-04-13 15:50:21,92.86,69.64,84.79,44.71,89.04,0
822,2026-04-13 02:54:20,92.97,97.37,116.59,76.5,65.76,1
823,2026-04-13 18:26:47,1.41,45.07,148.02,88.4,40.27,1
824,2026-04-13 17:48:05,97.25,63.97,26.18,40.32,94.98,0
825,2026-04-13 07:21:49,63.3,83.38,143.3,29.08,91.59,0
826,2026-04-13 01:58:38,22.42,89.04,146.05,36.02,98.1,0
827,2026-04-13 19:03:08,41.17,98.11,120.19,56.77,40.57,1
828,2026-04-13 19:52:12,63.24,85.22,65.15,36.65,70.37,0
829,2026-04-13 16:29:21,27.6,62.98,87.96,63.29,91.81,0
830,2026-04-13 15:35:00,47.94,48.02,74.91,70.64,96.55,0
831,2026-04-13 20:40:03,53.8,26.18,90.62,34.31,87.71,0
832,2026-04-13 16:57:47,71.58,54.66,25.09,84.15,79.49,0
833,2026-04-13 20:33:28,11.63,69.61,47.27,24.69,76.0,0
834,2026-04-13 23:49:28,51.87,14.59,78.28,63.12,96.92,0
835,2026-04-13 06:32:08,79.11,40.97,37.9,34.8,96.52,0
836,2026-04-13 03:17:13,33.0,59.61,112.62,22.57,87.2,0
837,2026-04-13 06:26:54,1.79,54.27,25.43,93.62,72.81,0
838,2026-04-13 09:01:15,43.14,13.98,26.74,93.76,89.57,0
839,2026-04-13 15:19:13,46.7,7.79,88.01,56.69,78.8,0
840,2026-04-13 13:25:32,72.63,11.33,101.81,71.11,77.3,0
841,2026-04-13 16:37:32,83.09,46.15,44.39,31.42,74.46,0
842,2026-04-13 10:43:24,45.07,85.68,22.23,85.15,94.62,0
843,2026-04-13 17:00:12,16.46,77.37,93.6,48.31,89.43,0
844,2026-04-13 16:52:15,60.53,90.44,23.35,77.11,92.27,0
845,2026-04-13 02:36:27,10.84,57.77,94.8,69.72,77.94,0
846,2026-04-13 07:38:54,33.17,72.66,19.79,76.12,74.62,0
847,2026-04-13 15:47:09,15.25,87.49,107.52,50.03,91.4,0
848,2026-04-13 09:20:26,87.45,34.96,137.73,90.66,45.04,1
849,2026-04-13 13:09:24,22.54,35.55,52.64,73.27,62.41,1
850,2026-04-13 06:50:09,16.69,6.34,82.02,32.47,98.12,0
851,2026-04-13 15:53:54,80.74,8.07,71.27,18.16,96.2,0
852,2026-04-13 23:21:34,19.79,88.49,65.92,35.3,77.21,0
853,2026-04-13 07:12:28,90.54,64.21,116.62,77.21,70.58,0
854,2026-04-13 23:32:04,54.15,8.88,82.44,63.82,81.1,0
855,2026-04-13 09:29:27,42.83,6.69,118.65,74.09,82.51,0
856,2026-04-13 23:56:46,2.44,86.48,140.82,26.06,83.61,0
857,2026-04-13 15:09:12,79.22,68.45,110.11,63.92,85.62,0
858,2026-04-13 02:30:12,33.31,0.56,23.12,62.87,70.92,0
859,2026-04-13 15:33:14,84.48,96.1,14.86,62.47,71.52,0
860,2026-04-13 12:57:54,80.83,60.77,60.5,93.55,77.9,0
861,2026-04-13 15:53:00,17.65,15.21,122.23,58.45,87.26,0
862,2026-04-13 03:42:32,24.33,80.31,130.63,72.57,91.96,0
863,2026-04-13 00:50:35,40.1,45.85,106.33,53.31,77.85,0
864,2026-04-13 08:33:22,78.87,14.32,62.94,78.18,82.95,0
865,2026-04-13 16:09:43,70.13,78.21,34.19,85.28,71.94,0
866,2026-04-13 00:08:25,35.12,25.16,139.48,58.0,87.89,0
867,2026-04-13 02:21:27,62.07,51.82,37.05,26.93,66.89,1
868,2026-04-13 10:57:32,62.56,18.43,17.94,83.89,98.01,0
869,2026-04-13 04:42:05,94.58,72.44,132.94,79.16,98.16,0
870,2026-04-13 07:29:56,88.44,54.21,85.58,27.06,87.63,0
871,2026-04-13 22:27:58,65.57,25.48,23.89,61.05,86.86,0
872,2026-04-13 16:50:43,21.78,27.26,73.72,47.62,74.08,0
873,2026-04-13 23:37:30,6.3,55.93,67.04,62.09,84.73,0
874,2026-04-13 23:13:26,10.73,45.54,123.71,29.72,84.62,0
875,2026-04-13 03:49:31,78.03,74.73,25.41,85.72,86.26,0
876,2026-04-13 17:13:49,23.34,41.2,149.49,48.93,91.74,0
877,2026-04-13 17:31:22,64.47,36.44,87.8,69.76,85.24,0
878,2026-04-13 14:57:56,2.85,18.11,145.24,44.52,72.03,0
879,2026-04-13 13:46:54,62.5,62.9,12.67,25.8,97.39,0
880,2026-04-13 06:57:11,59.4,99.11,64.72,34.53,73.31,0
881,2026-04-13 16:21:45,21.62,22.5,88.34,68.89,91.58,0
882,2026-04-13 02:27:21,21.67,41.02,116.52,56.85,98.2,0
883,2026-04-13 02:54:18,35.04,13.68,108.94,48.99,95.6,0
884,2026-04-13 01:13:16,69.31,62.47,50.05,82.41,73.96,0
885,2026-04-13 08:25:57,23.88,84.99,69.15,89.51,86.17,0
886,2026-04-13 03:19:47,2.58,20.3,116.77,65.2,97.24,0
887,2026-04-13 01:03:07,95.06,99.36,91.6,23.34,84.99,0
888,2026-04-13 00:31:21,82.87,91.87,120.85,21.83,50.74,1
889,2026-04-13 11:19:22,41.32,11.04,18.66,19.46,97.65,0
890,2026-04-13 07:14:53,11.12,22.27,104.32,24.08,75.13,0
891,2026-04-13 08:00:11,49.58,45.25,92.81,57.06,82.68,0
892,2026-04-13 00:52:43,82.31,99.94,89.35,57.33,85.59,0
893,2026-04-13 04:52:30,33.43,27.13,133.32,17.64,70.91,0
894,2026-04-13 01:51:43,72.06,14.14,17.7,32.18,88.06,0
895,2026-04-13 00:33:44,86.75,36.37,109.04,27.72,97.53,0
896,2026-04-13 07:34:51,59.66,92.68,57.97,18.87,85.58,0
897,2026-04-13 13:39:37,92.68,48.84,123.51,34.26,93.35,0
898,2026-04-13 11:21:12,77.25,2.25,119.09,50.13,80.19,0
899,2026-04-13 16:03:03,43.15,3.02,12.37,20.88,97.97,0
900,2026-04-13 14:42:07,71.53,49.88,62.64,87.52,71.07,0
901,2026-04-13 11:16:59,75.69,53.47,97.25,40.3,93.03,0
902,2026-04-13 06:19:08,67.25,72.53,96.09,46.25,96.12,0
903,2026-04-13 17:59:20,84.0,10.87,144.91,39.83,98.17,0
904,2026-04-13 08:26:36,52.23,58.35,51.69,44.91,73.76,0
905,2026-04-13 00:33:00,46.15,90.55,40.15,33.82,83.98,0
906,2026-04-13 07:12:07,70.11,36.06,29.59,74.04,76.96,0
907,2026-04-13 14:49:01,1.66,74.47,64.27,34.57,74.76,0
908,2026-04-13 16:14:55,2.95,39.01,20.06,33.99,95.12,0
909,2026-04-13 01:47:11,71.81,79.45,80.48,65.8,98.89,0
910,2026-04-13 11:12:32,47.33,96.77,86.36,91.97,52.7,1
911,2026-04-13 17:00:56,0.37,2.7,112.85,47.08,93.52,0
912,2026-04-13 23:55:12,80.28,69.92,21.49,65.16,87.68,0
913,2026-04-13 00:55:02,51.83,42.25,22.96,15.22,85.84,0
914,2026-04-13 21:02:27,29.8,48.52,59.29,44.8,98.8,0
915,2026-04-13 06:53:57,76.97,32.48,17.44,59.52,92.55,0
916,2026-04-13 16:14:27,83.62,74.66,45.25,58.94,97.74,0
917,2026-04-13 06:45:01,90.04,8.56,14.26,78.66,81.13,0
918,2026-04-13 08:29:10,10.69,56.46,119.62,76.14,90.9,0
919,2026-04-13 14:52:27,16.06,91.13,56.93,49.38,57.0,1
920,2026-04-13 15:21:47,19.01,84.89,62.53,15.7,86.05,0
921,2026-04-13 21:18:18,14.25,50.54,47.36,23.49,83.27,0
922,2026-04-13 04:08:23,51.88,10.93,111.99,71.31,77.89,0
923,2026-04-13 14:54:00,9.27,28.99,59.21,22.66,72.94,0
924,2026-04-13 16:15:17,75.73,67.88,39.31,62.29,83.5,0
925,2026-04-13 13:51:56,56.78,90.93,111.64,85.52,85.4,0
926,2026-04-13 10:42:37,0.38,32.96,85.72,53.23,95.41,0
927,2026-04-13 02:43:30,90.3,65.94,25.76,64.15,78.04,0
928,2026-04-13 03:40:37,4.2,42.5,45.31,86.45,75.43,0
929,2026-04-13 17:42:28,54.11,2.62,24.27,63.59,83.66,0
930,2026-04-13 00:38:32,99.75,59.78,25.28,77.41,55.1,1
931,2026-04-13 10:05:06,55.8,30.34,54.6,27.64,85.36,0
932,2026-04-13 07:32:22,34.91,54.02,91.97,84.51,82.07,0
933,2026-04-13 19:17:59,12.64,17.49,107.73,57.28,90.29,0
934,2026-04-13 17:35:53,3.87,52.53,102.9,16.51,72.65,0
935,2026-04-13 03:19:52,47.12,78.3,78.67,60.14,96.11,0
936,2026-04-13 10:25:31,62.64,49.17,69.81,77.45,85.29,0
937,2026-04-13 15:29:29,9.25,41.88,102.21,32.11,72.83,0
938,2026-04-13 04:07:59,87.81,45.59,125.29,93.61,84.33,0
939,2026-04-13 18:14:52,69.14,56.73,19.66,40.76,80.73,0
940,2026-04-13 01:32:48,43.22,18.77,92.82,81.18,84.71,0
941,2026-04-13 21:17:02,47.12,97.07,125.77,33.46,93.54,0
942,2026-04-13 21:06:25,94.65,46.09,127.4,22.89,91.04,0
943,2026-04-13 20:05:55,55.85,33.35,22.52,81.1,74.9,0
944,2026-04-13 11:50:39,29.94,93.83,22.21,89.32,77.01,0
945,2026-04-13 23:11:00,94.68,37.44,80.0,40.1,98.78,0
946,2026-04-13 23:40:11,54.21,45.21,124.52,58.44,89.2,0
947,2026-04-13 04:02:20,15.76,0.81,21.68,53.37,80.33,0
948,2026-04-13 19:47:56,71.58,21.25,85.38,36.23,71.1,0
949,2026-04-13 04:19:21,21.89,77.45,29.28,24.33,90.34,0
950,2026-04-13 20:00:56,81.29,44.76,19.95,77.84,72.25,0
951,2026-04-13 01:59:25,32.36,52.06,64.23,53.81,97.5,0
952,2026-04-13 02:49:22,50.61,25.23,99.76,33.15,89.9,0
953,2026-04-13 18:01:48,34.17,38.65,144.76,20.8,88.73,0
954,2026-04-13 18:31:56,42.19,25.21,69.7,37.14,91.05,0
955,2026-04-13 10:48:56,14.9,89.79,85.99,27.15,73.93,0
956,2026-04-13 07:11:11,33.2,90.15,23.64,43.35,91.37,0
957,2026-04-13 23:43:01,11.17,78.71,136.1,44.44,76.88,0
958,2026-04-13 09:59:16,55.06,78.78,41.89,37.93,89.23,0
959,2026-04-13 03:10:30,13.12,11.96,105.2,55.44,94.06,0
960,2026-04-13 02:20:48,68.93,71.89,45.11,48.22,83.58,0
961,2026-04-13 07:37:19,42.69,64.71,85.81,27.7,77.75,0
962,2026-04-13 10:23:03,61.77,30.54,140.13,75.39,72.89,0
963,2026-04-13 01:35:32,33.67,92.79,24.94,54.85,72.17,0
964,2026-04-13 22:07:28,14.74,99.32,78.62,20.62,96.98,0
965,2026-04-13 01:22:59,81.52,16.02,42.62,19.58,93.04,0
966,2026-04-13 21:10:40,96.42,39.0,100.84,21.46,72.85,0
967,2026-04-13 14:18:04,94.37,29.45,99.52,50.75,75.58,0
968,2026-04-13 11:29:22,25.89,1.78,80.75,55.75,90.99,0
969,2026-04-13 14:24:23,79.46,71.23,104.41,17.61,72.22,0
970,2026-04-13 07:23:15,90.55,5.34,110.4,53.58,79.83,0
971,2026-04-13 04:55:34,11.0,59.94,20.61,35.13,84.34,0
972,2026-04-13 05:40:14,32.54,56.13,53.59,20.24,96.01,0
973,2026-04-13 15:00:34,90.23,79.6,64.06,78.53,76.94,0
974,2026-04-13 20:08:04,46.02,63.71,48.11,41.18,79.9,0
975,2026-04-13 10:04:38,18.81,9.71,121.27,48.33,98.07,0
976,2026-04-13 12:35:31,1.05,42.91,133.83,49.73,97.71,0
977,2026-04-13 09:00:03,61.04,17.3,69.1,78.43,86.47,0
978,2026-04-13 17:28:37,61.37,74.42,41.46,36.45,88.37,0
979,2026-04-13 01:59:00,97.89,45.6,42.3,62.24,79.89,0
980,2026-04-13 16:22:33,8.02,65.39,44.37,87.89,92.9,0
981,2026-04-13 06:59:14,81.15,14.84,22.97,28.9,84.81,0
982,2026-04-13 23:13:35,78.75,66.14,17.59,50.65,96.58,0
983,2026-04-13 07:50:54,54.74,93.22,65.85,18.02,98.18,0
984,2026-04-13 18:06:56,27.74,64.91,98.59,22.91,71.43,0
985,2026-04-13 07:44:33,28.39,8.69,79.18,82.61,98.06,0
986,2026-04-13 02:55:37,61.01,0.19,98.28,24.82,86.41,0
987,2026-04-13 03:13:34,23.83,96.81,122.22,92.21,70.9,0
988,2026-04-13 02:44:33,82.11,24.76,64.13,79.34,87.66,0
989,2026-04-13 18:58:39,14.45,13.95,33.19,43.45,81.17,0
990,2026-04-13 02:33:28,42.73,96.58,125.02,46.92,76.01,0
991,2026-04-13 01:24:11,68.96,58.31,16.55,37.0,94.54,0
992,2026-04-13 06:39:19,39.66,0.75,41.4,34.52,87.62,0
993,2026-04-13 00:31:54,23.77,42.6,96.33,22.68,96.82,0
994,2026-04-13 20:29:48,82.32,49.55,123.63,70.36,79.44,0
995,2026-04-13 02:17:05,60.23,57.23,19.15,30.44,84.2,0
996,2026-04-13 18:11:36,51.53,34.04,139.15,50.96,91.1,0
997,2026-04-13 09:28:21,91.85,83.75,89.14,24.02,80.1,0
998,2026-04-13 11:46:36,87.71,71.51,117.86,28.56,89.88,0
999,2026-04-13 23:23:30,59.29,44.9,106.81,62.61,77.34,0
1000,2026-04-13 01:21:48,88.08,66.55,118.93,60.27,93.84,0
1001,2026-04-13 20:20:39,28.76,15.05,105.47,33.62,83.15,0
1002,2026-04-13 16:34:25,3.5,16.49,47.74,20.3,93.62,0
1003,2026-04-13 20:32:51,75.66,3.08,69.02,71.55,73.09,0
1004,2026-04-13 13:48:34,85.15,24.74,53.26,59.55,70.47,0
1005,2026-04-13 19:45:05,1.5,96.01,129.42,44.6,97.01,0
1006,2026-04-13 11:12:44,59.51,64.47,38.55,39.61,57.35,1
1007,2026-04-13 09:10:02,33.93,78.72,40.56,58.84,96.62,0
1008,2026-04-13 02:39:11,11.9,60.62,96.44,74.45,84.64,0
1009,2026-04-13 11:34:12,55.26,2.28,108.9,58.36,81.95,0
1010,2026-04-13 19:10:38,54.26,44.49,53.87,89.67,84.52,0
1011,2026-04-13 07:37:47,14.43,47.46,101.83,52.08,90.12,0
1012,2026-04-13 11:10:32,92.43,1.4,37.27,75.38,81.26,0
1013,2026-04-13 03:18:05,92.04,45.04,75.12,55.52,88.19,0
1014,2026-04-13 15:44:51,82.02,83.83,126.48,71.39,75.79,0
1015,2026-04-13 09:07:41,8.74,70.12,76.06,51.76,95.43,0
1016,2026-04-13 11:58:53,58.85,58.57,92.17,43.3,72.1,0
1017,2026-04-13 05:30:55,63.91,29.12,32.61,56.09,83.52,0
1018,2026-04-13 22:21:46,28.56,93.71,101.8,83.03,76.42,0
1019,2026-04-13 08:29:38,35.12,37.92,60.47,57.56,73.43,0
1020,2026-04-13 20:42:07,62.56,2.75,145.0,88.61,40.69,1
1021,2026-04-13 19:46:52,48.81,25.21,108.34,73.72,70.61,0
1022,2026-04-13 12:45:07,34.92,26.73,64.09,88.19,77.97,0
1023,2026-04-13 12:20:03,57.13,10.97,59.9,63.65,62.91,1
1024,2026-04-13 16:26:08,89.1,19.14,113.47,18.73,94.14,0
1025,2026-04-13 17:56:25,43.16,63.83,115.42,15.81,76.22,0
1026,2026-04-13 23:17:23,23.74,54.92,130.87,77.69,83.5,0
1027,2026-04-13 19:33:03,18.25,18.33,43.22,88.66,97.39,0
1028,2026-04-13 00:25:09,68.38,49.28,74.89,72.48,95.41,0
1029,2026-04-13 13:53:26,34.91,34.18,77.51,54.0,96.56,0
1030,2026-04-13 04:39:04,64.08,72.38,21.46,66.37,92.02,0
1031,2026-04-13 14:31:23,64.04,31.33,85.6,65.97,97.5,0
1032,2026-04-13 00:02:40,49.22,95.86,124.91,79.01,82.22,0
1033,2026-04-13 11:25:27,11.95,52.6,13.36,85.89,76.32,0
1034,2026-04-13 16:49:15,38.88,27.32,55.42,61.85,94.63,0
1035,2026-04-13 14:04:50,91.89,29.49,136.49,27.06,84.67,0
1036,2026-04-13 20:27:54,67.33,67.94,70.45,27.51,59.04,1
1037,2026-04-13 12:23:36,55.46,54.89,82.66,35.43,95.86,0
1038,2026-04-13 01:25:24,14.69,57.15,31.86,62.69,78.25,0
1039,2026-04-13 21:58:11,28.61,18.93,148.05,88.86,42.21,1
1040,2026-04-13 08:20:57,79.18,99.62,36.57,49.29,91.75,0
1041,2026-04-13 02:25:40,31.12,43.97,142.32,75.95,86.43,0
1042,2026-04-13 20:10:59,82.8,99.93,127.2,67.62,93.83,0
1043,2026-04-13 08:18:01,7.06,90.94,134.81,58.73,74.66,0
1044,2026-04-13 07:20:38,34.51,84.19,117.94,49.93,79.36,0
1045,2026-04-13 04:21:45,44.21,69.7,28.37,40.26,96.89,0
1046,2026-04-13 14:08:00,54.5,49.47,139.02,33.46,83.94,0
1047,2026-04-13 21:16:02,24.53,65.6,17.75,19.01,98.51,0
1048,2026-04-13 02:20:30,21.03,37.0,137.68,42.86,88.13,0
1049,2026-04-13 07:12:33,16.86,87.26,41.64,92.43,76.89,0
1050,2026-04-13 01:58:52,84.6,45.49,89.41,63.3,73.27,0
1051,2026-04-13 17:58:49,58.15,40.54,59.49,17.55,88.84,0
1052,2026-04-13 00:48:13,17.78,3.56,21.19,45.15,92.59,0
1053,2026-04-13 12:28:12,18.09,79.36,13.39,52.29,49.69,1
1054,2026-04-13 00:59:23,72.14,18.8,45.72,40.89,92.41,0
1055,2026-04-13 04:28:58,93.87,13.46,141.94,36.77,91.32,0
1056,2026-04-13 20:47:27,31.33,15.68,35.2,19.07,91.49,0
1057,2026-04-13 19:41:34,82.78,43.7,21.88,83.72,82.59,0
1058,2026-04-13 07:10:58,3.55,41.81,140.79,54.96,81.64,0
1059,2026-04-13 10:59:17,16.86,24.05,14.3,31.18,95.36,0
1060,2026-04-13 10:33:33,37.67,74.91,92.75,84.55,97.62,0
1061,2026-04-13 07:08:04,18.56,99.09,63.16,20.23,93.56,0
1062,2026-04-13 05:35:20,62.88,78.41,106.48,88.63,97.01,0
1063,2026-04-13 08:19:07,52.02,80.91,44.66,85.91,96.31,0
1064,2026-04-13 15:57:39,66.15,76.98,145.52,78.76,71.84,0
1065,2026-04-13 14:13:48,28.45,68.32,99.25,72.28,79.53,0
1066,2026-04-13 22:44:08,17.58,80.66,61.25,49.16,75.9,0
1067,2026-04-13 10:12:58,92.67,21.59,30.62,53.12,87.37,0
1068,2026-04-13 03:13:19,28.32,82.51,93.15,48.03,74.3,0
1069,2026-04-13 02:00:12,0.68,42.29,82.7,58.73,74.37,0
1070,2026-04-13 18:09:33,28.11,79.9,94.46,45.41,76.75,0
1071,2026-04-13 14:22:36,20.74,17.34,97.98,70.84,87.46,0
1072,2026-04-13 03:46:36,35.96,44.99,85.1,75.13,95.97,0
1073,2026-04-13 13:38:11,7.88,15.36,96.7,17.58,94.94,0
1074,2026-04-13 10:09:59,28.62,72.47,71.94,77.92,76.75,0
1075,2026-04-13 00:44:06,57.41,83.9,95.55,63.66,81.51,0
1076,2026-04-13 06:23:12,71.55,73.35,28.41,39.38,95.27,0
1077,2026-04-13 13:52:17,75.9,71.45,28.1,63.31,96.31,0
1078,2026-04-13 20:22:45,98.94,92.23,92.52,66.5,98.34,0
1079,2026-04-13 16:45:47,69.99,8.92,50.97,15.79,81.65,0
1080,2026-04-13 05:07:42,69.52,88.04,123.04,88.38,95.02,0
1081,2026-04-13 11:36:15,61.14,82.42,41.29,36.8,75.81,0
1082,2026-04-13 07:30:01,65.74,38.39,56.05,80.23,71.43,0
1083,2026-04-13 08:51:58,72.74,52.36,65.45,38.47,74.39,0
1084,2026-04-13 23:16:19,65.58,0.89,10.37,78.81,93.92,0
1085,2026-04-13 07:21:25,44.47,87.5,123.23,42.01,90.06,0
1086,2026-04-13 10:19:01,85.51,77.57,23.43,49.56,70.85,0
1087,2026-04-13 14:59:47,13.35,93.62,62.55,47.82,72.03,0
1088,2026-04-13 01:40:55,14.61,75.47,39.59,44.15,70.77,0
1089,2026-04-13 07:40:44,96.45,38.38,50.69,20.78,94.09,0
1090,2026-04-13 18:24:57,70.83,35.34,38.27,15.26,76.49,0
1091,2026-04-13 20:08:14,95.83,57.27,48.87,18.46,78.64,0
1092,2026-04-13 05:10:07,37.79,81.81,58.03,72.0,96.78,0
1093,2026-04-13 00:03:02,87.75,20.92,91.4,82.58,76.18,0
1094,2026-04-13 13:45:13,65.76,61.5,31.19,86.4,94.61,0
1095,2026-04-13 01:27:37,37.36,81.55,85.43,93.15,91.46,0
1096,2026-04-13 20:17:33,11.59,22.71,110.65,48.32,75.98,0
1097,2026-04-13 01:18:35,43.73,36.73,149.37,62.23,98.15,0
1098,2026-04-13 00:45:49,20.32,98.98,57.84,19.45,80.37,0
1099,2026-04-13 17:08:39,83.65,5.99,14.74,24.43,86.31,0
1100,2026-04-13 12:22:53,96.52,52.26,11.66,61.21,77.15,0
1101,2026-04-13 02:39:20,49.67,55.01,14.48,79.64,55.62,1
1102,2026-04-13 06:00:57,95.85,22.23,101.86,73.57,98.93,0
1103,2026-04-13 11:50:13,4.55,95.19,113.09,71.05,80.61,0
1104,2026-04-13 13:25:17,84.6,75.58,43.15,64.85,77.49,0
1105,2026-04-13 13:15:27,66.61,75.32,94.49,25.21,46.82,1
1106,2026-04-13 02:44:39,32.68,36.12,63.51,19.52,56.72,1
1107,2026-04-13 13:42:51,48.74,72.28,29.36,25.86,90.35,0
1108,2026-04-13 05:13:35,84.19,56.11,143.96,37.26,83.41,0
1109,2026-04-13 20:20:52,91.24,40.49,92.48,15.52,86.46,0
1110,2026-04-13 03:22:06,14.52,78.49,17.7,68.71,78.06,0
1111,2026-04-13 01:20:45,52.73,60.25,108.52,49.16,70.62,0
1112,2026-04-13 06:56:20,83.65,58.72,64.67,86.04,86.94,0
1113,2026-04-13 05:44:35,52.05,45.6,37.95,70.76,89.55,0
1114,2026-04-13 23:17:27,93.95,37.36,25.8,27.57,94.71,0
1115,2026-04-13 15:40:53,3.84,75.1,66.36,25.07,80.54,0
1116,2026-04-13 13:31:10,61.97,47.26,118.0,61.67,84.97,0
1117,2026-04-13 13:42:47,40.37,3.88,59.68,89.22,88.01,0
1118,2026-04-13 12:30:56,49.15,37.22,121.86,62.25,93.52,0
1119,2026-04-13 05:08:28,9.35,85.18,22.54,24.56,84.19,0
1120,2026-04-13 05:35:30,1.02,40.61,103.47,54.9,84.66,0
1121,2026-04-13 02:53:28,94.57,9.15,51.77,70.54,82.67,0
1122,2026-04-13 23:02:22,83.97,96.37,120.5,45.72,80.14,0
1123,2026-04-13 11:13:54,13.36,97.13,116.6,55.46,85.06,0
1124,2026-04-13 15:54:26,5.09,10.26,24.22,83.44,93.2,0
1125,2026-04-13 10:11:43,21.69,18.23,19.82,68.72,71.18,0
1126,2026-04-13 22:23:41,55.06,26.87,109.52,37.92,96.32,0
1127,2026-04-13 06:51:05,60.69,70.89,113.85,32.06,81.42,0
1128,2026-04-13 01:12:08,15.93,49.83,106.76,44.68,87.95,0
1129,2026-04-13 21:26:03,45.3,61.34,110.44,53.05,86.47,0
1130,2026-04-13 17:50:00,8.34,90.83,81.61,50.14,75.56,0
1131,2026-04-13 20:38:17,60.69,69.51,26.49,37.6,80.31,0
1132,2026-04-13 02:10:09,21.72,95.88,14.15,79.99,91.76,0
1133,2026-04-13 23:22:35,27.08,94.94,92.93,68.45,85.55,0
1134,2026-04-13 23:52:32,96.58,0.13,126.59,30.6,73.26,0
1135,2026-04-13 19:18:43,91.17,54.1,34.36,83.85,73.88,0
1136,2026-04-13 12:21:36,93.35,35.92,92.23,57.39,90.68,0
1137,2026-04-13 13:47:15,91.4,94.98,35.84,24.97,88.64,0
1138,2026-04-13 00:45:51,63.51,20.08,143.53,80.67,72.85,0
1139,2026-04-13 02:30:24,27.35,4.64,148.03,69.4,93.32,0
1140,2026-04-13 22:01:33,42.34,23.44,88.85,44.59,47.68,1
1141,2026-04-13 06:52:22,21.28,38.98,134.34,26.69,98.98,0
1142,2026-04-13 23:22:50,18.15,29.07,78.96,36.15,73.88,0
1143,2026-04-13 04:31:43,72.83,95.41,46.54,58.5,95.87,0
1144,2026-04-13 03:51:31,7.46,65.71,106.65,57.3,71.85,0
1145,2026-04-13 03:54:11,44.59,28.41,39.39,90.44,87.47,0
1146,2026-04-13 03:38:47,64.99,15.25,51.54,27.29,95.07,0
1147,2026-04-13 16:34:25,56.7,96.32,73.54,77.16,96.51,0
1148,2026-04-13 00:06:21,27.83,93.63,77.27,27.23,88.13,0
1149,2026-04-13 11:33:14,52.36,61.17,52.75,67.92,83.72,0
1150,2026-04-13 19:01:30,28.14,22.71,110.89,37.5,89.41,0
1151,2026-04-13 09:58:40,88.03,48.25,29.97,73.66,93.57,0
1152,2026-04-13 18:37:35,92.77,81.26,92.12,34.94,93.98,0
1153,2026-04-13 19:57:22,58.87,98.62,124.22,49.68,96.65,0
1154,2026-04-13 09:32:56,17.66,90.54,99.16,80.86,83.85,0
1155,2026-04-13 04:24:40,21.48,6.28,136.16,47.35,75.28,0
1156,2026-04-13 19:28:12,10.69,85.47,37.83,19.58,88.52,0
1157,2026-04-13 23:04:19,23.7,79.44,73.96,73.12,88.36,0
1158,2026-04-13 11:59:54,16.3,87.53,48.77,69.74,77.59,0
1159,2026-04-13 22:34:27,13.4,8.75,11.52,41.31,86.18,0
1160,2026-04-13 13:15:01,15.03,4.83,146.45,24.75,75.7,0
1161,2026-04-13 21:53:51,97.42,67.27,40.43,72.48,90.85,0
1162,2026-04-13 19:05:23,89.73,13.2,77.51,61.76,84.14,0
1163,2026-04-13 09:23:53,85.61,26.62,126.51,66.05,75.19,0
1164,2026-04-13 17:04:07,34.82,62.53,114.94,74.24,74.53,0
1165,2026-04-13 05:19:50,94.73,96.79,79.87,38.83,70.71,0
1166,2026-04-13 04:22:21,11.84,92.06,119.52,77.74,71.13,0
1167,2026-04-13 20:05:59,16.74,51.66,10.66,49.12,83.57,0
1168,2026-04-13 15:10:07,42.43,84.17,44.52,83.26,94.05,0
1169,2026-04-13 08:27:14,46.09,7.06,45.92,51.22,78.76,0
1170,2026-04-13 19:37:39,19.7,91.47,25.51,37.08,85.91,0
1171,2026-04-13 13:29:16,36.49,62.39,22.71,90.54,98.45,0
1172,2026-04-13 08:11:29,82.25,30.0,99.86,94.4,86.18,0
1173,2026-04-13 21:55:30,89.12,4.41,10.32,25.11,94.46,0
1174,2026-04-13 14:36:34,67.94,96.98,131.4,49.19,73.51,0
1175,2026-04-13 10:55:52,13.71,19.15,53.64,44.29,97.6,0
1176,2026-04-13 03:57:29,97.2,22.15,77.42,18.95,79.07,0
1177,2026-04-13 09:49:33,39.43,86.93,95.76,30.41,97.62,0
1178,2026-04-13 00:05:50,84.98,66.01,49.25,73.14,81.83,0
1179,2026-04-13 06:44:47,92.22,73.44,61.69,68.53,80.96,0
1180,2026-04-13 18:56:01,36.2,17.27,72.67,71.62,94.84,0
1181,2026-04-13 08:44:16,57.64,33.06,105.91,94.24,93.31,0
1182,2026-04-13 19:23:47,53.81,29.4,49.24,71.24,95.2,0
1183,2026-04-13 11:16:08,88.66,72.96,114.17,91.1,96.13,0
1184,2026-04-13 20:45:00,81.8,7.32,64.74,47.14,91.21,0
1185,2026-04-13 12:43:30,81.72,10.51,144.76,56.61,80.55,0
1186,2026-04-13 06:43:31,47.24,53.75,74.75,26.11,72.47,0
1187,2026-04-13 00:17:31,74.57,59.96,20.49,69.06,74.29,0
1188,2026-04-13 20:42:29,15.3,94.97,24.15,40.34,91.84,0
1189,2026-04-13 14:14:07,9.02,82.45,108.5,91.69,95.4,0
1190,2026-04-13 20:00:37,66.14,47.91,112.8,84.07,70.79,0
1191,2026-04-13 04:31:38,70.51,29.19,89.42,39.9,77.02,0
1192,2026-04-13 15:16:20,90.97,34.88,73.63,61.05,96.24,0
1193,2026-04-13 08:08:22,85.47,34.49,92.63,66.01,67.58,1
1194,2026-04-13 13:12:58,38.73,9.32,119.42,36.37,85.56,0
1195,2026-04-13 21:25:47,73.86,35.5,18.97,84.5,91.45,0
1196,2026-04-13 19:26:14,41.23,56.56,18.71,50.54,97.48,0
1197,2026-04-13 21:08:55,80.21,16.54,83.44,74.56,71.19,0
1198,2026-04-13 11:45:47,72.31,35.85,105.22,77.66,64.75,1
1199,2026-04-13 04:14:16,42.17,79.33,102.94,72.03,79.78,0
1200,2026-04-13 02:49:36,50.47,36.87,69.99,91.72,93.01,0
1201,2026-04-13 17:30:50,37.9,79.88,42.93,88.08,76.1,0
1202,2026-04-13 12:11:04,95.89,1.42,137.42,50.22,86.62,0
1203,2026-04-13 12:03:44,59.7,88.51,30.2,66.27,82.97,0
1204,2026-04-13 22:50:48,6.69,52.33,120.38,73.22,95.87,0
1205,2026-04-13 10:38:54,31.06,17.9,91.46,74.22,90.02,0
1206,2026-04-13 10:47:06,32.72,90.96,54.64,53.98,80.47,0
1207,2026-04-13 06:37:27,84.9,17.47,149.06,24.28,90.88,0
1208,2026-04-13 07:46:14,41.14,58.66,110.01,75.69,96.6,0
1209,2026-04-13 21:44:39,58.22,1.59,87.64,68.44,86.87,0
1210,2026-04-13 16:18:25,23.37,75.19,43.25,25.67,80.13,0
1211,2026-04-13 14:56:47,90.72,85.17,73.93,41.33,79.62,0
1212,2026-04-13 16:19:05,90.91,76.37,59.55,19.21,98.43,0
1213,2026-04-13 23:26:05,54.41,70.74,25.11,63.25,88.05,0
1214,2026-04-13 21:51:50,59.63,21.19,78.53,51.49,95.17,0
1215,2026-04-13 17:24:50,41.8,29.29,100.0,94.47,74.7,0
1216,2026-04-13 03:29:17,60.21,95.45,103.18,77.57,76.53,0
1217,2026-04-13 17:43:15,61.77,40.93,88.46,28.82,98.73,0
1218,2026-04-13 07:33:40,94.65,12.5,134.95,20.03,96.96,0
1219,2026-04-13 08:57:17,49.26,43.08,138.3,62.29,87.22,0
1220,2026-04-13 05:09:17,24.86,20.4,137.31,45.54,83.75,0
1221,2026-04-13 03:21:06,6.71,51.43,10.33,54.24,94.34,0
1222,2026-04-13 10:49:50,66.49,16.08,112.23,55.6,84.64,0
1223,2026-04-13 02:36:37,10.68,70.67,41.6,54.96,75.48,0
1224,2026-04-13 04:16:51,17.41,29.6,106.3,91.99,90.6,0
1225,2026-04-13 15:14:12,10.94,28.05,10.83,71.82,95.84,0
1226,2026-04-13 18:35:12,44.33,92.77,116.53,66.22,95.06,0
1227,2026-04-13 22:19:48,92.1,91.92,141.94,67.85,90.23,0
1228,2026-04-13 16:41:18,28.33,56.78,64.66,20.18,83.59,0
1229,2026-04-13 02:01:57,50.18,34.81,90.81,85.11,52.98,1
1230,2026-04-13 05:54:49,27.28,43.47,55.42,15.46,91.95,0
1231,2026-04-13 11:14:56,66.09,19.81,91.9,46.87,70.27,0
1232,2026-04-13 17:30:29,69.24,76.25,99.38,85.79,82.08,0
1233,2026-04-13 14:39:45,18.85,16.63,137.06,28.78,80.95,0
1234,2026-04-13 12:31:29,87.19,0.92,75.35,79.2,93.48,0
1235,2026-04-13 20:15:49,41.31,16.74,145.05,88.06,52.9,1
1236,2026-04-13 13:33:02,86.6,18.66,33.88,27.95,90.72,0
1237,2026-04-13 10:59:17,57.59,84.53,48.14,90.75,70.72,0
1238,2026-04-13 19:58:00,99.33,1.74,120.07,24.19,73.07,0
1239,2026-04-13 20:37:37,21.46,62.26,97.31,24.95,84.65,0
1240,2026-04-13 21:39:20,12.45,76.93,50.92,22.63,84.61,0
1241,2026-04-13 05:35:56,76.5,87.54,43.76,24.84,84.75,0
1242,2026-04-13 14:46:34,64.73,83.26,81.27,82.66,88.53,0
1243,2026-04-13 17:59:00,66.89,53.43,78.55,71.38,94.63,0
1244,2026-04-13 15:17:24,25.96,20.75,108.16,61.52,91.04,0
1245,2026-04-13 17:17:44,82.19,89.72,51.51,37.05,87.02,0
1246,2026-04-13 00:27:08,45.04,95.89,11.56,54.04,62.25,1
1247,2026-04-13 05:48:06,59.06,30.39,95.56,58.51,77.9,0
1248,2026-04-13 15:37:39,3.71,30.58,12.31,51.57,82.38,0
1249,2026-04-13 18:31:52,12.12,96.67,45.73,52.34,98.6,0
1250,2026-04-13 16:39:01,43.14,84.23,43.83,87.03,93.42,0
1251,2026-04-13 13:41:11,30.84,7.44,113.36,71.64,70.76,0
1252,2026-04-13 18:38:03,74.0,0.08,48.89,32.04,73.61,0
1253,2026-04-13 09:12:30,30.77,54.68,31.22,48.24,40.15,1
1254,2026-04-13 08:25:24,58.7,51.8,51.58,26.12,72.98,0
1255,2026-04-13 07:37:22,84.56,97.92,49.93,59.35,85.61,0
1256,2026-04-13 06:54:42,15.73,58.16,94.78,65.18,84.45,0
1257,2026-04-13 06:28:10,57.9,14.2,85.06,94.27,79.07,0
1258,2026-04-13 10:45:02,65.24,89.14,96.75,26.73,82.15,0
1259,2026-04-13 21:33:25,62.89,18.53,15.79,15.66,84.56,0
1260,2026-04-13 15:53:13,57.2,69.28,65.06,73.98,91.73,0
1261,2026-04-13 06:04:29,20.21,69.97,66.26,46.06,91.28,0
1262,2026-04-13 01:18:50,50.81,10.16,13.13,29.17,82.51,0
1263,2026-04-13 02:49:29,37.67,51.44,26.37,83.38,97.72,0
1264,2026-04-13 21:13:39,52.19,45.56,132.12,21.49,86.74,0
1265,2026-04-13 17:57:25,47.98,37.07,27.45,71.31,85.97,0
1266,2026-04-13 20:46:01,40.15,90.41,105.38,78.99,87.08,0
1267,2026-04-13 19:50:07,8.65,49.4,118.08,72.02,77.35,0
1268,2026-04-13 02:08:49,85.16,46.55,61.33,83.51,73.27,0
1269,2026-04-13 20:37:10,26.07,46.68,44.27,59.22,77.92,0
1270,2026-04-13 22:17:21,39.04,84.9,105.84,85.59,72.87,0
1271,2026-04-13 03:49:41,91.02,98.83,49.07,63.64,73.99,0
1272,2026-04-13 14:29:39,66.34,1.11,106.93,82.42,94.71,0
1273,2026-04-13 17:45:51,6.33,49.23,85.31,84.69,79.29,0
1274,2026-04-13 08:47:21,94.77,22.66,47.88,15.7,85.88,0
1275,2026-04-13 08:57:36,98.94,54.59,69.05,41.33,79.65,0
1276,2026-04-13 17:39:27,28.14,82.95,101.61,23.34,84.9,0
1277,2026-04-13 23:32:18,71.6,33.36,128.85,53.39,87.05,0
1278,2026-04-13 12:07:02,6.64,0.35,18.87,57.59,75.31,0
1279,2026-04-13 22:43:54,13.97,72.47,39.93,83.79,98.56,0
1280,2026-04-13 05:14:49,5.31,72.61,49.57,40.2,89.21,0
1281,2026-04-13 19:06:20,79.05,35.88,42.97,73.23,95.58,0
1282,2026-04-13 08:22:04,6.91,29.46,37.29,57.08,71.0,0
1283,2026-04-13 10:59:57,80.49,27.08,124.49,82.46,93.06,0
1284,2026-04-13 00:00:37,77.6,69.55,86.62,51.6,95.38,0
1285,2026-04-13 17:47:26,10.13,93.06,121.81,38.2,65.79,1
1286,2026-04-13 17:26:10,13.88,79.19,58.28,62.1,90.61,0
1287,2026-04-13 22:55:22,16.66,84.39,76.74,89.1,98.73,0
1288,2026-04-13 05:39:36,29.39,23.45,142.2,53.75,92.48,0
1289,2026-04-13 16:12:29,76.86,11.51,27.97,55.6,95.24,0
1290,2026-04-13 03:14:46,71.18,65.27,12.65,78.61,96.18,0
1291,2026-04-13 08:01:13,80.63,16.32,33.57,19.88,70.98,0
1292,2026-04-13 05:33:18,46.16,91.17,46.07,82.98,93.38,0
1293,2026-04-13 03:25:00,47.7,15.69,11.53,83.7,98.82,0
1294,2026-04-13 15:09:28,5.03,75.73,97.98,79.32,91.0,0
1295,2026-04-13 02:04:06,57.94,63.21,56.92,60.96,77.95,0
1296,2026-04-13 15:10:46,94.83,71.07,22.23,19.96,95.27,0
1297,2026-04-13 03:24:41,5.01,98.26,63.36,75.34,87.86,0
1298,2026-04-13 16:57:47,49.05,77.71,79.97,34.57,97.55,0
1299,2026-04-13 03:07:47,59.52,88.03,123.67,15.17,70.49,0
1300,2026-04-13 20:49:15,18.66,73.58,38.21,46.81,85.04,0
1301,2026-04-13 00:22:33,1.37,52.27,66.62,44.71,96.08,0
1302,2026-04-13 18:44:09,55.91,3.98,103.13,44.09,90.04,0
1303,2026-04-13 14:21:16,77.21,58.54,30.59,94.59,71.45,0
1304,2026-04-13 14:52:30,67.37,50.06,62.79,58.4,79.46,0
1305,2026-04-13 17:17:40,55.43,97.04,129.72,81.16,71.71,0
1306,2026-04-13 16:05:49,98.86,43.95,74.52,49.21,46.88,1
1307,2026-04-13 11:24:47,90.12,99.69,124.15,91.04,89.09,0
1308,2026-04-13 07:32:31,47.37,71.29,99.06,60.07,95.89,0
1309,2026-04-13 15:20:08,58.99,53.84,31.03,21.66,98.61,0
1310,2026-04-13 06:27:39,81.52,65.3,32.87,43.77,91.37,0
1311,2026-04-13 22:52:46,56.85,93.77,96.46,40.91,90.96,0
1312,2026-04-13 08:17:06,14.31,10.46,113.99,38.64,98.32,0
1313,2026-04-13 21:17:44,30.31,10.29,134.57,86.58,65.0,1
1314,2026-04-13 18:53:52,14.68,9.4,29.21,86.51,71.05,0
1315,2026-04-13 05:36:02,64.4,78.03,72.57,92.12,87.71,0
1316,2026-04-13 00:18:27,79.24,11.89,77.0,91.8,89.75,0
1317,2026-04-13 11:15:04,9.81,68.42,59.67,90.43,81.37,0
1318,2026-04-13 03:23:13,93.16,47.74,123.09,42.56,92.45,0
1319,2026-04-13 03:00:25,17.43,77.7,115.82,85.81,76.11,0
1320,2026-04-13 10:36:32,14.46,40.73,47.83,19.19,82.6,0
1321,2026-04-13 09:19:53,6.54,29.97,139.77,93.16,53.88,1
1322,2026-04-13 08:20:30,13.85,76.91,84.49,54.17,83.08,0
1323,2026-04-13 10:18:12,84.3,40.94,34.29,73.46,81.4,0
1324,2026-04-13 06:46:00,36.87,12.33,36.3,68.45,90.03,0
1325,2026-04-13 14:13:01,9.52,67.86,56.03,79.56,90.88,0
1326,2026-04-13 21:14:38,39.18,97.98,123.02,26.05,96.42,0
1327,2026-04-13 14:06:50,87.69,46.66,90.73,69.44,77.15,0
1328,2026-04-13 05:27:46,80.65,90.47,121.49,37.56,80.65,0
1329,2026-04-13 04:54:34,53.51,67.4,88.46,61.16,85.72,0
1330,2026-04-13 01:49:34,27.43,78.9,59.82,61.01,83.26,0
1331,2026-04-13 15:03:06,0.33,59.86,121.9,17.65,81.39,0
1332,2026-04-13 21:24:07,24.99,68.86,148.09,69.95,86.9,0
1333,2026-04-13 11:18:19,80.87,56.87,66.39,94.94,89.89,0
1334,2026-04-13 15:43:20,9.33,67.73,51.67,78.19,73.09,0
1335,2026-04-13 08:07:57,5.61,79.71,123.38,57.82,83.47,0
1336,2026-04-13 13:32:39,95.19,79.37,128.98,71.71,72.38,0
1337,2026-04-13 00:41:08,0.36,35.82,24.88,66.16,75.9,0
1338,2026-04-13 18:58:05,30.09,86.46,129.04,32.69,77.52,0
1339,2026-04-13 07:38:51,76.45,95.01,73.74,81.58,79.37,0
1340,2026-04-13 12:30:24,68.75,83.9,26.81,91.29,84.09,0
1341,2026-04-13 09:25:25,51.21,50.75,69.68,84.67,75.37,0
1342,2026-04-13 20:03:05,51.36,69.65,66.19,34.22,92.08,0
1343,2026-04-13 15:42:02,32.83,64.7,26.26,81.67,96.41,0
1344,2026-04-13 22:04:57,31.94,84.47,27.7,29.63,85.6,0
1345,2026-04-13 06:35:09,61.96,28.42,109.31,69.25,81.8,0
1346,2026-04-13 08:30:42,64.72,24.12,81.7,94.56,92.07,0
1347,2026-04-13 22:27:21,80.76,43.01,81.33,28.38,86.02,0
1348,2026-04-13 04:40:57,46.13,3.75,71.4,22.96,52.53,1
1349,2026-04-13 06:47:16,94.95,49.99,103.0,56.06,90.84,0
1350,2026-04-13 05:19:01,27.99,59.98,50.67,31.67,82.08,0
1351,2026-04-13 23:11:41,61.2,60.98,138.54,25.02,75.88,0
1352,2026-04-13 09:36:17,9.33,65.14,29.94,51.79,72.8,0
1353,2026-04-13 13:45:19,60.18,75.04,80.95,52.79,63.1,1
1354,2026-04-13 18:03:38,89.24,83.94,47.82,65.35,71.05,0
1355,2026-04-13 05:53:57,61.3,78.0,149.02,53.19,79.88,0
1356,2026-04-13 04:34:18,79.93,69.13,82.79,36.48,77.19,0
1357,2026-04-13 14:18:44,7.58,7.9,113.59,68.1,70.81,0
1358,2026-04-13 15:48:29,98.64,4.47,135.22,63.49,76.38,0
1359,2026-04-13 00:57:46,18.93,55.94,32.36,88.4,87.84,0
1360,2026-04-13 21:25:31,77.43,86.45,23.02,29.92,90.69,0
1361,2026-04-13 23:08:38,61.14,70.84,84.85,67.91,73.02,0
1362,2026-04-13 22:11:00,11.36,7.64,59.59,71.88,74.75,0
1363,2026-04-13 11:19:17,97.36,94.43,30.33,90.29,74.15,0
1364,2026-04-13 06:54:15,41.63,56.38,131.44,41.44,72.42,0
1365,2026-04-13 23:34:48,86.27,61.58,126.75,65.03,97.77,0
1366,2026-04-13 10:58:53,31.63,20.0,38.18,32.82,85.01,0
1367,2026-04-13 02:47:46,2.45,10.98,148.7,91.47,46.84,1
1368,2026-04-13 15:54:44,34.7,39.12,16.29,23.61,77.22,0
1369,2026-04-13 03:56:40,18.28,63.39,98.23,22.33,77.31,0
1370,2026-04-13 14:31:42,53.5,46.42,125.46,94.58,87.73,0
1371,2026-04-13 11:25:42,63.29,25.42,18.29,72.08,86.6,0
1372,2026-04-13 06:30:40,96.37,29.02,31.19,37.1,73.67,0
1373,2026-04-13 10:34:04,81.14,27.82,100.22,54.86,85.62,0
1374,2026-04-13 22:21:23,19.68,0.29,27.93,75.86,94.4,0
1375,2026-04-13 18:05:35,14.81,26.31,22.2,90.38,72.07,0
1376,2026-04-13 08:10:59,49.92,59.26,43.39,51.74,94.94,0
1377,2026-04-13 15:25:40,41.76,97.29,126.73,59.61,84.76,0
1378,2026-04-13 06:09:35,69.44,25.54,13.19,91.6,83.16,0
1379,2026-04-13 03:06:29,35.72,86.89,124.26,80.6,77.2,0
1380,2026-04-13 12:53:18,93.68,60.5,61.45,68.61,81.45,0
1381,2026-04-13 16:28:26,70.52,86.78,99.03,47.76,90.64,0
1382,2026-04-13 05:51:01,27.1,62.85,123.29,23.03,83.11,0
1383,2026-04-13 17:41:27,74.6,60.62,42.46,29.36,72.21,0
1384,2026-04-13 05:50:49,70.78,41.18,81.1,84.84,68.68,1
1385,2026-04-13 02:06:41,63.38,28.86,121.27,79.44,84.28,0
1386,2026-04-13 11:23:45,7.6,34.38,73.54,19.36,76.39,0
1387,2026-04-13 12:53:34,59.3,18.04,109.41,60.4,88.93,0
1388,2026-04-13 23:19:53,24.1,37.22,140.32,25.26,52.63,1
1389,2026-04-13 14:39:51,3.9,54.14,83.19,39.39,97.62,0
1390,2026-04-13 04:53:53,47.99,90.24,89.69,34.47,76.59,0
1391,2026-04-13 05:08:35,34.54,28.97,37.89,67.15,90.56,0
1392,2026-04-13 15:13:08,59.48,4.63,127.63,61.34,83.88,0
1393,2026-04-13 19:40:42,69.96,89.39,119.77,68.6,74.01,0
1394,2026-04-13 18:43:26,25.13,32.58,108.94,16.32,92.95,0
1395,2026-04-13 01:01:14,14.6,95.06,22.63,59.45,70.44,0
1396,2026-04-13 21:44:49,56.94,61.11,34.42,81.85,91.72,0
1397,2026-04-13 01:32:11,1.49,28.3,120.3,90.98,76.76,0
1398,2026-04-13 21:42:59,87.5,3.37,57.67,75.14,91.86,0
1399,2026-04-13 06:54:34,96.94,6.09,108.19,93.81,78.34,0
1400,2026-04-13 14:32:10,50.63,83.09,73.6,35.76,48.6,1
1401,2026-04-13 10:49:07,4.4,10.59,139.44,86.37,53.53,1
1402,2026-04-13 02:30:18,95.13,28.41,82.36,68.67,88.4,0
1403,2026-04-13 00:11:41,91.13,95.49,62.59,77.44,78.36,0
1404,2026-04-13 00:56:18,70.09,60.93,111.95,80.26,77.8,0
1405,2026-04-13 03:09:59,94.17,6.79,128.93,86.01,70.45,0
1406,2026-04-13 23:52:40,58.03,79.42,96.16,78.58,95.71,0
1407,2026-04-13 15:58:45,45.43,46.32,103.71,36.29,86.07,0
1408,2026-04-13 22:49:16,78.57,35.56,122.86,41.46,78.71,0
1409,2026-04-13 21:21:23,3.71,36.95,101.83,28.88,83.51,0
1410,2026-04-13 19:49:21,54.21,13.84,17.45,53.92,74.18,0
1411,2026-04-13 06:23:53,55.91,83.29,97.76,50.31,82.12,0
1412,2026-04-13 20:57:01,17.14,5.92,91.7,45.21,70.9,0
1413,2026-04-13 01:09:01,47.4,97.31,92.78,19.7,70.98,0
1414,2026-04-13 23:13:27,84.49,50.09,72.03,77.53,77.89,0
1415,2026-04-13 09:59:12,90.2,53.17,110.53,28.03,86.96,0
1416,2026-04-13 23:45:43,70.85,87.39,48.52,46.47,60.9,1
1417,2026-04-13 12:31:31,57.48,37.91,22.4,22.16,81.17,0
1418,2026-04-13 13:10:45,91.87,42.45,119.79,53.71,94.76,0
1419,2026-04-13 07:46:03,24.97,67.6,98.2,16.05,78.95,0
1420,2026-04-13 23:19:18,94.9,95.19,20.37,56.51,84.31,0
1421,2026-04-13 00:00:35,46.79,76.91,55.92,17.41,77.58,0
1422,2026-04-13 10:50:50,90.38,35.53,147.38,89.17,44.11,1
1423,2026-04-13 13:13:46,59.82,36.24,52.49,82.32,52.22,1
1424,2026-04-13 07:35:09,21.22,86.35,51.26,40.26,69.0,1
1425,2026-04-13 08:06:03,1.73,57.2,142.54,30.08,48.85,1
1426,2026-04-13 16:49:28,97.31,16.02,124.58,72.81,98.68,0
1427,2026-04-13 23:16:10,99.84,17.43,130.04,44.83,87.31,0
1428,2026-04-13 20:47:31,14.71,27.41,64.0,85.99,86.69,0
1429,2026-04-13 03:23:39,20.43,83.76,50.36,18.9,89.06,0
1430,2026-04-13 03:09:06,39.7,86.73,140.42,77.59,82.16,0
1431,2026-04-13 09:33:48,37.54,76.61,36.09,47.51,87.64,0
1432,2026-04-13 02:01:27,51.52,47.1,86.88,74.87,79.74,0
1433,2026-04-13 11:18:27,53.37,41.75,149.95,47.12,89.7,0
1434,2026-04-13 10:35:12,26.51,40.23,125.57,61.49,78.45,0
1435,2026-04-13 09:32:19,77.17,53.88,139.43,19.16,70.43,0
1436,2026-04-13 04:31:34,90.74,7.11,54.82,28.44,90.81,0
1437,2026-04-13 20:52:33,76.61,23.01,112.5,38.19,90.44,0
1438,2026-04-13 14:18:23,5.11,58.96,25.96,56.36,83.47,0
1439,2026-04-13 18:48:52,53.67,49.1,48.66,90.06,70.18,0
1440,2026-04-13 15:44:08,2.31,88.74,121.57,77.55,90.84,0
1441,2026-04-13 21:06:17,74.85,83.28,78.23,29.33,87.99,0
1442,2026-04-13 00:25:22,89.08,2.67,56.81,20.78,85.16,0
1443,2026-04-13 02:18:54,76.61,20.47,137.55,87.28,56.63,1
1444,2026-04-13 18:53:17,15.88,84.98,82.01,86.34,96.17,0
1445,2026-04-13 01:46:06,55.81,19.0,92.93,85.77,76.6,0
1446,2026-04-13 05:00:09,25.26,97.51,139.39,78.87,43.31,1
1447,2026-04-13 08:07:18,64.81,74.27,50.73,18.22,76.76,0
1448,2026-04-13 04:59:33,9.91,44.83,132.52,85.24,58.14,1
1449,2026-04-13 08:28:13,1.91,87.25,56.97,83.35,92.66,0
1450,2026-04-13 18:07:07,52.96,12.7,64.8,50.78,73.34,0
1451,2026-04-13 19:12:31,23.16,58.98,97.8,74.59,96.52,0
1452,2026-04-13 01:54:48,78.88,41.95,55.71,79.21,79.38,0
1453,2026-04-13 16:47:56,56.7,66.83,119.73,79.67,82.33,0
1454,2026-04-13 05:50:14,82.09,33.11,110.26,54.29,92.12,0
1455,2026-04-13 00:28:20,73.53,18.47,93.6,33.52,85.94,0
1456,2026-04-13 12:20:31,0.21,42.49,91.97,78.77,82.5,0
1457,2026-04-13 19:21:55,15.57,64.59,88.59,17.77,71.64,0
1458,2026-04-13 10:21:09,79.76,70.15,148.59,32.63,72.33,0
1459,2026-04-13 21:09:50,89.57,2.16,77.52,76.46,98.64,0
1460,2026-04-13 04:09:25,5.99,80.24,95.74,52.44,91.89,0
1461,2026-04-13 03:05:08,78.46,23.03,98.1,76.59,94.28,0
1462,2026-04-13 17:43:34,80.47,58.42,24.03,60.55,87.53,0
1463,2026-04-13 11:15:09,11.18,77.07,26.33,27.49,72.47,0
1464,2026-04-13 03:23:08,19.09,82.95,55.89,38.4,82.48,0
1465,2026-04-13 06:55:13,7.12,75.28,137.97,28.3,91.61,0
1466,2026-04-13 13:45:37,39.13,41.6,149.67,83.99,82.1,0
1467,2026-04-13 04:45:31,14.09,69.06,15.8,71.38,74.93,0
1468,2026-04-13 12:20:09,86.96,67.09,149.57,65.96,78.51,0
1469,2026-04-13 16:17:46,7.43,0.3,118.2,33.65,70.79,0
1470,2026-04-13 16:04:03,8.48,69.92,112.41,59.09,90.6,0
1471,2026-04-13 19:25:20,17.0,5.12,115.77,59.68,98.21,0
1472,2026-04-13 07:03:46,93.68,8.25,35.67,62.33,95.32,0
1473,2026-04-13 22:29:35,7.9,64.51,78.42,36.77,90.28,0
1474,2026-04-13 13:05:16,25.34,55.6,23.12,63.36,73.47,0
1475,2026-04-13 01:41:24,54.66,57.44,62.3,39.84,89.71,0
1476,2026-04-13 04:09:42,8.98,9.09,17.57,29.18,73.01,0
1477,2026-04-13 10:52:32,44.9,42.4,12.65,52.83,74.69,0
1478,2026-04-13 06:34:07,50.35,35.15,108.16,36.24,88.19,0
1479,2026-04-13 12:50:38,86.5,26.44,21.67,49.99,47.63,1
1480,2026-04-13 02:11:55,64.27,72.59,67.61,17.45,87.95,0
1481,2026-04-13 17:53:36,60.27,15.31,23.33,70.59,72.27,0
1482,2026-04-13 19:29:58,35.67,87.48,47.28,17.79,95.37,0
1483,2026-04-13 18:02:15,82.05,13.54,72.14,43.4,96.56,0
1484,2026-04-13 22:05:04,33.94,81.78,79.57,70.79,77.94,0
1485,2026-04-13 21:57:57,44.18,85.96,89.96,59.35,73.94,0
1486,2026-04-13 22:10:40,93.55,31.05,68.28,74.43,87.88,0
1487,2026-04-13 11:28:43,59.4,44.37,72.46,44.33,85.88,0
1488,2026-04-13 05:23:31,5.93,57.96,48.24,70.34,86.66,0
1489,2026-04-13 07:18:27,22.44,64.56,77.46,45.41,94.03,0
1490,2026-04-13 05:42:28,63.23,81.8,80.71,80.69,83.59,0
1491,2026-04-13 06:55:36,31.26,13.75,71.56,87.77,89.55,0
1492,2026-04-13 08:02:08,98.62,19.36,50.8,43.7,47.28,1
1493,2026-04-13 19:27:29,47.65,36.66,73.43,63.56,80.67,0
1494,2026-04-13 17:52:44,42.87,95.32,109.17,93.1,76.08,0
1495,2026-04-13 02:03:19,85.15,83.73,20.58,91.7,95.4,0
1496,2026-04-13 15:19:46,66.85,61.52,101.36,54.16,73.57,0
1497,2026-04-13 14:13:56,40.59,1.03,17.61,38.47,67.23,1
1498,2026-04-13 22:10:15,75.01,72.92,18.27,78.29,70.01,0
1499,2026-04-13 00:48:05,71.53,89.26,104.98,41.61,79.34,0
1500,2026-04-13 22:48:06,61.12,69.45,67.94,20.8,71.05,0
1501,2026-04-13 04:18:47,94.24,69.02,27.54,78.29,71.78,0
1502,2026-04-13 02:46:05,50.38,18.06,11.57,61.03,85.41,0
1503,2026-04-13 02:14:07,44.43,54.14,27.43,21.91,90.55,0
1504,2026-04-13 03:21:20,48.3,76.12,107.4,63.72,92.56,0
1505,2026-04-13 18:38:58,54.89,17.3,108.9,64.58,72.95,0
1506,2026-04-13 05:58:36,27.39,70.18,73.33,37.8,88.86,0
1507,2026-04-13 18:59:04,83.17,91.67,139.04,20.04,85.47,0
1508,2026-04-13 20:30:17,76.91,1.86,85.97,28.84,97.57,0
1509,2026-04-13 18:19:17,86.76,57.88,130.65,92.01,64.6,1
1510,2026-04-13 06:49:33,22.72,21.76,60.37,39.52,72.87,0
1511,2026-04-13 13:49:15,63.39,5.67,112.26,90.39,93.73,0
1512,2026-04-13 12:09:19,59.34,7.22,142.63,67.75,74.48,0
1513,2026-04-13 04:57:19,31.62,10.5,66.59,63.04,41.84,1
1514,2026-04-13 23:09:33,64.72,72.62,144.31,64.33,84.27,0
1515,2026-04-13 22:19:03,10.27,32.52,37.51,78.37,74.47,0
1516,2026-04-13 16:38:00,54.92,1.84,108.67,36.92,83.12,0
1517,2026-04-13 13:43:17,92.6,79.37,85.53,25.67,76.19,0
1518,2026-04-13 20:31:30,89.81,68.94,134.06,49.25,88.71,0
1519,2026-04-13 05:02:26,86.17,62.91,26.7,53.54,72.41,0
1520,2026-04-13 02:25:14,99.66,12.64,44.76,39.93,93.22,0
1521,2026-04-13 19:42:36,6.17,48.23,50.34,26.38,41.69,1
1522,2026-04-13 17:57:55,80.86,52.42,71.55,39.28,87.62,0
1523,2026-04-13 11:29:41,57.95,28.24,134.03,85.92,47.63,1
1524,2026-04-13 01:34:44,46.93,59.63,15.74,83.24,81.26,0
1525,2026-04-13 23:15:03,86.76,74.52,37.2,52.05,76.74,0
1526,2026-04-13 03:39:45,57.0,83.01,86.66,73.84,71.02,0
1527,2026-04-13 07:55:54,13.28,13.76,74.29,67.35,84.77,0
1528,2026-04-13 03:14:57,35.23,69.19,26.73,76.39,82.81,0
1529,2026-04-13 17:13:10,95.72,15.84,62.25,38.81,78.59,0
1530,2026-04-13 00:59:17,22.01,63.4,108.1,69.65,70.58,0
1531,2026-04-13 12:53:25,81.45,90.96,66.03,71.0,83.43,0
1532,2026-04-13 10:13:35,38.68,96.32,141.66,44.05,79.01,0
1533,2026-04-13 16:56:24,93.08,7.58,65.25,19.87,70.91,0
1534,2026-04-13 16:55:27,66.3,49.08,37.7,22.74,89.53,0
1535,2026-04-13 00:01:28,71.45,9.85,88.27,46.59,76.85,0
1536,2026-04-13 08:40:03,9.53,45.91,121.88,51.78,85.6,0
1537,2026-04-13 00:16:00,60.56,74.44,23.18,60.02,86.92,0
1538,2026-04-13 18:49:24,55.92,94.68,72.62,37.64,94.57,0
1539,2026-04-13 21:12:22,74.44,90.66,62.25,58.0,97.79,0
1540,2026-04-13 05:03:36,15.47,69.03,127.71,91.62,79.62,0
1541,2026-04-13 03:35:26,69.37,21.46,121.65,63.76,78.77,0
1542,2026-04-13 07:11:04,22.15,4.68,96.68,91.6,82.01,0
1543,2026-04-13 09:25:38,75.32,39.83,52.57,23.96,79.35,0
1544,2026-04-13 20:09:38,7.12,7.15,42.34,65.0,94.28,0
1545,2026-04-13 07:58:34,93.31,78.18,11.59,71.58,84.95,0
1546,2026-04-13 14:25:56,44.71,46.93,43.98,78.75,90.9,0
1547,2026-04-13 07:54:22,82.29,41.45,60.92,41.05,88.54,0
1548,2026-04-13 15:25:43,24.45,32.63,63.94,24.24,89.19,0
1549,2026-04-13 00:05:21,92.75,65.83,35.33,84.31,81.11,0
1550,2026-04-13 22:05:58,31.07,84.94,16.35,52.34,86.22,0
1551,2026-04-13 21:03:48,27.88,63.98,110.25,83.4,96.99,0
1552,2026-04-13 07:24:01,61.52,93.69,120.7,80.63,87.63,0
1553,2026-04-13 04:09:59,7.38,65.48,111.57,45.31,90.55,0
1554,2026-04-13 18:59:13,33.49,61.46,51.77,26.98,90.45,0
1555,2026-04-13 08:13:47,39.75,70.57,127.59,60.87,98.73,0
1556,2026-04-13 05:09:51,23.54,32.44,102.19,22.66,98.91,0
1557,2026-04-13 11:19:43,19.75,65.0,137.6,46.6,94.41,0
1558,2026-04-13 23:55:14,25.43,75.04,50.95,28.49,42.06,1
1559,2026-04-13 04:14:07,83.88,57.94,57.32,36.9,86.15,0
1560,2026-04-13 01:52:22,13.09,98.6,23.59,69.63,92.47,0
1561,2026-04-13 11:51:32,25.45,89.85,21.25,44.69,77.85,0
1562,2026-04-13 21:59:33,68.08,36.14,143.82,27.49,97.09,0
1563,2026-04-13 14:48:17,99.24,79.49,121.52,74.32,85.24,0
1564,2026-04-13 18:25:02,65.54,2.02,85.31,54.82,75.98,0
1565,2026-04-13 19:08:15,86.42,12.6,23.37,48.5,91.98,0
1566,2026-04-13 07:58:27,87.17,90.54,20.62,83.83,85.01,0
1567,2026-04-13 19:44:47,52.64,38.57,64.93,76.84,96.58,0
1568,2026-04-13 06:25:16,65.46,58.52,111.02,36.34,88.85,0
1569,2026-04-13 15:33:19,0.47,34.54,28.52,94.59,91.53,0
1570,2026-04-13 21:38:32,69.3,59.08,58.71,18.32,93.3,0
1571,2026-04-13 11:47:30,35.08,66.05,73.71,38.75,80.18,0
1572,2026-04-13 14:21:50,83.36,14.49,53.41,35.06,87.52,0
1573,2026-04-13 02:05:42,84.43,13.39,35.28,46.88,84.59,0
1574,2026-04-13 22:35:09,99.14,23.04,90.73,16.96,91.04,0
1575,2026-04-13 07:26:20,13.25,61.28,39.68,75.04,75.46,0
1576,2026-04-13 08:01:46,62.02,27.15,135.76,72.99,79.29,0
1577,2026-04-13 21:17:23,32.64,7.06,118.49,82.97,87.09,0
1578,2026-04-13 06:41:38,16.59,52.32,42.13,26.51,71.46,0
1579,2026-04-13 01:23:39,66.64,81.41,24.31,54.12,82.21,0
1580,2026-04-13 14:01:19,64.15,35.99,118.2,39.91,82.34,0
1581,2026-04-13 17:34:34,83.24,81.28,61.82,89.89,86.84,0
1582,2026-04-13 16:36:18,52.5,80.02,16.92,67.69,94.0,0
1583,2026-04-13 14:50:43,72.06,52.96,133.58,86.54,59.19,1
1584,2026-04-13 06:35:13,38.06,62.9,92.67,79.27,76.24,0
1585,2026-04-13 03:30:54,36.84,76.19,70.47,75.17,88.85,0
1586,2026-04-13 05:52:16,73.95,75.67,56.44,90.8,80.98,0
1587,2026-04-13 18:58:02,56.24,80.81,147.64,75.07,83.75,0
1588,2026-04-13 07:24:46,45.45,79.86,114.52,34.22,68.65,1
1589,2026-04-13 18:45:57,62.17,49.1,148.03,26.22,81.76,0
1590,2026-04-13 19:52:02,85.26,33.0,97.04,56.31,87.1,0
1591,2026-04-13 16:31:07,56.48,19.18,97.31,82.91,92.39,0
1592,2026-04-13 12:12:56,21.57,21.96,67.55,41.41,95.06,0
1593,2026-04-13 03:34:21,33.3,55.34,144.03,17.53,94.37,0
1594,2026-04-13 18:01:04,38.46,78.25,25.37,78.57,96.89,0
1595,2026-04-13 06:54:49,81.33,10.73,11.27,15.85,76.46,0
1596,2026-04-13 06:08:16,28.78,62.41,131.38,87.58,50.04,1
1597,2026-04-13 02:52:38,73.04,77.9,15.13,81.98,77.8,0
1598,2026-04-13 03:18:20,90.98,57.78,76.5,43.01,80.98,0
1599,2026-04-13 17:18:32,27.99,49.96,113.2,43.55,74.15,0
1600,2026-04-13 04:03:30,61.92,78.17,84.05,61.92,94.19,0
1601,2026-04-13 02:43:07,88.89,45.04,32.08,38.31,82.68,0
1602,2026-04-13 05:11:23,18.52,27.9,58.71,43.32,96.45,0
1603,2026-04-13 14:19:22,54.9,51.67,139.31,41.04,78.57,0
1604,2026-04-13 17:01:46,5.37,29.28,83.03,52.23,85.51,0
1605,2026-04-13 03:23:02,76.92,70.31,62.35,73.32,93.94,0
1606,2026-04-13 06:26:17,75.95,32.07,51.64,71.72,83.3,0
1607,2026-04-13 04:36:14,26.28,24.97,126.56,88.53,85.3,0
1608,2026-04-13 07:49:41,74.56,15.69,37.98,86.68,79.14,0
1609,2026-04-13 16:03:56,16.49,69.5,10.56,29.82,80.04,0
1610,2026-04-13 09:23:01,97.38,50.23,13.28,88.95,95.42,0
1611,2026-04-13 22:13:52,10.91,62.41,97.27,70.0,80.92,0
1612,2026-04-13 12:19:26,91.58,0.64,92.36,60.54,76.45,0
1613,2026-04-13 13:38:34,20.07,52.83,29.65,47.96,96.51,0
1614,2026-04-13 00:43:28,78.02,18.81,52.52,45.33,93.44,0
1615,2026-04-13 20:42:15,65.59,75.16,37.52,64.84,87.25,0
1616,2026-04-13 02:04:34,65.84,17.12,101.35,24.31,91.24,0
1617,2026-04-13 23:25:21,59.11,44.75,38.82,36.93,97.3,0
1618,2026-04-13 15:46:45,73.31,46.12,50.32,33.95,86.67,0
1619,2026-04-13 17:22:01,21.19,79.83,30.4,19.47,94.52,0
1620,2026-04-13 14:20:35,34.57,96.3,105.97,89.63,88.41,0
1621,2026-04-13 21:42:10,13.04,60.22,55.77,24.02,87.0,0
1622,2026-04-13 20:32:26,14.24,54.41,95.09,59.46,87.35,0
1623,2026-04-13 17:22:30,98.06,52.87,52.84,26.58,94.22,0
1624,2026-04-13 17:11:32,13.76,37.2,133.72,36.4,92.07,0
1625,2026-04-13 10:47:02,80.11,46.05,30.81,86.77,95.09,0
1626,2026-04-13 14:44:04,80.97,34.4,72.75,28.35,93.48,0
1627,2026-04-13 15:26:50,62.8,60.91,97.65,81.96,70.35,0
1628,2026-04-13 17:56:57,27.84,23.26,80.98,33.72,65.08,1
1629,2026-04-13 06:43:56,47.92,62.8,90.23,23.59,94.36,0
1630,2026-04-13 05:43:33,69.96,60.31,58.67,16.41,78.95,0
1631,2026-04-13 03:09:43,13.74,82.23,74.39,56.21,73.32,0
1632,2026-04-13 13:59:28,40.15,43.54,138.68,60.55,78.53,0
1633,2026-04-13 14:29:55,42.59,41.59,89.45,80.05,77.14,0
1634,2026-04-13 09:19:46,76.77,43.22,142.63,71.85,98.67,0
1635,2026-04-13 00:46:29,89.54,73.01,89.93,21.84,90.94,0
1636,2026-04-13 06:07:07,28.8,7.87,51.21,42.53,71.18,0
1637,2026-04-13 02:39:34,16.65,4.11,123.07,82.18,90.59,0
1638,2026-04-13 02:41:00,16.24,78.81,103.79,74.25,88.84,0
1639,2026-04-13 04:44:11,94.86,32.97,68.29,21.02,84.89,0
1640,2026-04-13 00:36:34,16.38,71.03,89.37,80.95,93.7,0
1641,2026-04-13 15:17:17,69.96,32.3,38.54,71.11,77.3,0
1642,2026-04-13 17:41:01,4.98,39.66,130.17,43.38,97.62,0
1643,2026-04-13 10:27:50,8.41,35.28,118.05,25.6,74.69,0
1644,2026-04-13 17:40:37,93.24,72.46,39.24,20.08,80.99,0
1645,2026-04-13 20:44:27,98.34,71.52,85.62,21.88,96.52,0
1646,2026-04-13 10:26:07,71.6,98.73,44.8,17.93,95.19,0
1647,2026-04-13 12:55:36,55.56,93.14,88.42,69.75,85.34,0
1648,2026-04-13 11:17:33,79.54,64.67,125.54,48.63,73.99,0
1649,2026-04-13 04:33:54,9.86,93.68,39.28,25.72,70.87,0
1650,2026-04-13 22:19:29,71.34,19.33,43.68,93.64,76.51,0
1651,2026-04-13 08:32:52,71.67,7.97,94.08,82.35,95.11,0
1652,2026-04-13 00:36:58,2.1,27.53,67.23,34.58,97.62,0
1653,2026-04-13 22:20:27,83.48,72.06,35.97,16.39,96.17,0
1654,2026-04-13 11:44:30,33.99,37.88,17.42,92.26,98.61,0
1655,2026-04-13 04:32:08,61.62,63.19,26.06,24.19,84.05,0
1656,2026-04-13 23:20:33,76.08,62.88,115.54,78.46,83.73,0
1657,2026-04-13 10:56:17,98.67,46.16,107.87,32.08,96.56,0
1658,2026-04-13 17:44:22,17.5,92.5,136.83,32.52,81.82,0
1659,2026-04-13 03:43:22,8.37,34.06,69.23,61.0,73.29,0
1660,2026-04-13 23:35:05,9.19,99.12,83.69,85.95,97.78,0
1661,2026-04-13 07:38:26,94.36,74.91,143.49,40.47,73.13,0
1662,2026-04-13 19:36:40,30.48,9.41,119.24,52.14,52.32,1
1663,2026-04-13 18:52:47,79.28,98.41,53.71,60.75,79.12,0
1664,2026-04-13 08:25:28,31.85,71.43,29.05,76.72,85.6,0
1665,2026-04-13 03:19:11,31.79,34.74,32.58,42.39,70.95,0
1666,2026-04-13 18:25:27,26.01,35.3,114.5,26.15,97.22,0
1667,2026-04-13 12:08:09,14.03,36.36,87.61,83.48,74.16,0
1668,2026-04-13 13:21:45,6.71,69.79,83.85,51.08,81.18,0
1669,2026-04-13 17:54:46,88.53,41.43,77.73,85.44,74.24,0
1670,2026-04-13 06:32:46,68.57,66.84,128.3,28.57,84.7,0
1671,2026-04-13 08:40:56,26.02,60.88,22.31,94.14,70.37,0
1672,2026-04-13 17:15:41,13.78,18.47,26.6,54.29,74.04,0
1673,2026-04-13 22:41:06,48.8,24.98,24.74,85.33,98.78,0
1674,2026-04-13 01:46:00,97.97,30.25,105.77,26.72,95.94,0
1675,2026-04-13 01:21:53,38.6,4.65,25.21,57.35,72.88,0
1676,2026-04-13 08:30:41,56.11,70.86,93.89,30.18,98.92,0
1677,2026-04-13 04:47:47,86.77,35.82,81.26,89.96,78.03,0
1678,2026-04-13 01:12:17,33.91,88.25,102.73,76.87,87.9,0
1679,2026-04-13 15:56:01,21.03,97.75,67.28,15.17,84.97,0
1680,2026-04-13 02:51:14,28.42,95.5,129.06,70.34,85.76,0
1681,2026-04-13 16:22:19,99.3,6.18,122.5,92.07,98.21,0
1682,2026-04-13 18:19:17,20.23,26.41,43.39,46.82,91.34,0
1683,2026-04-13 04:23:05,73.14,85.64,145.23,36.32,94.74,0
1684,2026-04-13 12:45:23,16.67,38.33,120.68,18.76,87.46,0
1685,2026-04-13 00:28:03,74.87,57.37,100.14,17.66,83.18,0
1686,2026-04-13 11:35:47,79.95,43.48,67.6,45.16,76.4,0
1687,2026-04-13 06:57:31,54.0,12.06,26.91,56.11,87.55,0
1688,2026-04-13 09:20:58,87.01,12.44,34.46,74.5,87.26,0
1689,2026-04-13 14:42:31,12.58,21.38,82.22,84.24,71.81,0
1690,2026-04-13 15:12:05,36.71,28.99,113.4,77.35,70.63,0
1691,2026-04-13 22:36:10,53.92,50.14,107.0,57.75,86.27,0
1692,2026-04-13 13:51:04,66.02,79.42,84.52,57.68,87.33,0
1693,2026-04-13 10:02:46,3.3,97.83,114.1,27.8,84.34,0
1694,2026-04-13 07:34:46,94.21,54.14,43.49,85.89,95.2,0
1695,2026-04-13 14:16:48,46.93,8.9,16.46,90.32,70.56,0
1696,2026-04-13 17:32:24,29.08,99.9,33.36,42.5,80.75,0
1697,2026-04-13 08:42:18,66.89,5.99,102.86,54.47,87.8,0
1698,2026-04-13 13:25:00,31.8,10.61,82.57,24.26,90.82,0
1699,2026-04-13 15:18:10,95.36,95.34,78.8,38.72,78.58,0
1700,2026-04-13 13:37:51,98.75,50.42,31.55,72.4,88.58,0
1701,2026-04-13 19:51:54,48.5,73.4,83.56,81.84,72.78,0
1702,2026-04-13 08:39:24,13.57,88.49,129.81,38.68,88.65,0
1703,2026-04-13 23:52:22,35.11,87.62,23.12,27.06,82.04,0
1704,2026-04-13 11:50:00,71.79,81.54,99.02,67.96,77.58,0
1705,2026-04-13 12:55:52,35.87,1.49,121.24,15.04,70.33,0
1706,2026-04-13 16:25:06,40.99,29.78,70.0,84.06,72.72,0
1707,2026-04-13 09:36:42,0.35,59.23,82.36,46.47,82.9,0
1708,2026-04-13 23:01:09,64.37,23.86,124.15,94.81,93.81,0
1709,2026-04-13 15:10:03,59.8,45.68,74.68,90.38,75.83,0
1710,2026-04-13 04:19:48,65.32,47.01,144.65,65.54,71.73,0
1711,2026-04-13 02:23:17,91.45,78.65,90.02,87.06,86.71,0
1712,2026-04-13 22:39:11,96.57,79.4,88.99,35.75,89.19,0
1713,2026-04-13 10:22:00,20.12,28.16,110.03,74.89,70.94,0
1714,2026-04-13 04:39:35,79.19,32.82,75.09,64.36,98.88,0
1715,2026-04-13 09:43:44,75.59,96.3,91.94,78.59,87.77,0
1716,2026-04-13 17:39:33,68.12,11.55,97.12,92.15,71.14,0
1717,2026-04-13 05:05:41,53.44,33.88,78.36,83.57,75.02,0
1718,2026-04-13 17:22:09,22.57,79.47,42.19,17.92,74.25,0
1719,2026-04-13 02:56:34,45.51,96.55,70.58,88.04,82.62,0
1720,2026-04-13 02:33:37,30.24,26.3,143.88,74.45,96.38,0
1721,2026-04-13 01:34:19,69.63,50.42,52.62,87.06,71.53,0
1722,2026-04-13 21:13:16,48.65,4.07,62.33,51.94,81.17,0
1723,2026-04-13 15:28:10,58.36,46.25,138.34,87.66,61.78,1
1724,2026-04-13 20:29:57,51.29,65.73,67.6,45.82,87.21,0
1725,2026-04-13 01:00:27,60.46,11.62,92.73,69.97,79.05,0
1726,2026-04-13 07:57:30,80.66,77.03,41.89,34.92,71.97,0
1727,2026-04-13 03:38:40,25.23,0.17,117.96,56.15,86.36,0
1728,2026-04-13 13:32:29,18.37,63.7,90.58,45.22,94.18,0
1729,2026-04-13 16:11:54,17.16,93.42,50.72,83.0,61.21,1
1730,2026-04-13 00:02:39,32.81,88.55,67.58,82.12,72.3,0
1731,2026-04-13 09:48:19,2.28,18.56,92.27,35.41,73.17,0
1732,2026-04-13 02:46:05,33.4,8.5,18.67,63.47,81.69,0
1733,2026-04-13 05:19:19,69.1,97.79,140.93,39.89,75.59,0
1734,2026-04-13 03:51:07,62.96,89.07,133.89,49.74,91.74,0
1735,2026-04-13 01:31:20,56.1,2.92,81.01,39.0,79.71,0
1736,2026-04-13 09:55:14,40.94,19.25,146.05,45.38,86.94,0
1737,2026-04-13 01:49:19,61.19,95.99,130.19,45.8,82.08,0
1738,2026-04-13 13:18:13,83.83,68.2,28.75,32.27,74.44,0
1739,2026-04-13 22:06:58,72.78,94.12,109.53,42.29,82.29,0
1740,2026-04-13 07:44:06,11.41,85.07,119.92,49.81,95.73,0
1741,2026-04-13 17:06:36,65.15,9.79,36.87,81.84,80.48,0
1742,2026-04-13 10:46:40,20.57,40.94,39.08,37.63,97.6,0
1743,2026-04-13 22:59:53,57.76,79.56,137.49,24.0,97.18,0
1744,2026-04-13 18:27:55,96.01,44.77,72.56,53.55,72.71,0
1745,2026-04-13 22:36:27,47.65,84.06,82.01,19.41,72.73,0
1746,2026-04-13 17:42:59,23.25,82.36,122.56,48.32,90.62,0
1747,2026-04-13 11:05:42,10.83,65.76,102.84,52.33,96.31,0
1748,2026-04-13 06:51:09,30.34,10.4,78.61,42.94,81.57,0
1749,2026-04-13 13:01:55,19.78,74.77,84.66,81.87,88.1,0
1750,2026-04-13 14:40:18,47.01,7.49,18.0,69.59,88.9,0
1751,2026-04-13 05:14:31,51.94,73.86,93.86,60.13,91.42,0
1752,2026-04-13 05:30:43,76.07,19.38,113.4,28.88,82.67,0
1753,2026-04-13 05:16:26,22.97,49.98,96.31,50.53,77.96,0
1754,2026-04-13 21:46:21,45.0,54.56,85.25,44.5,91.73,0
1755,2026-04-13 14:34:34,84.4,54.84,66.88,88.11,81.02,0
1756,2026-04-13 22:49:16,2.86,65.45,129.5,92.83,97.9,0
1757,2026-04-13 08:48:48,72.17,28.73,106.4,60.39,88.56,0
1758,2026-04-13 11:46:27,67.42,9.57,111.32,58.88,64.84,1
1759,2026-04-13 20:46:05,5.69,97.9,147.74,20.54,93.88,0
1760,2026-04-13 14:47:02,47.85,16.56,22.64,35.63,79.07,0
1761,2026-04-13 01:51:44,15.44,78.49,43.99,40.41,76.21,0
1762,2026-04-13 17:36:26,13.14,10.37,33.19,87.24,44.56,1
1763,2026-04-13 09:28:51,15.07,60.08,63.66,45.47,96.04,0
1764,2026-04-13 13:38:40,92.11,66.69,134.86,51.61,94.45,0
1765,2026-04-13 22:49:21,12.78,88.49,100.77,42.22,79.9,0
1766,2026-04-13 05:44:33,15.65,50.34,76.78,41.79,88.72,0
1767,2026-04-13 16:07:36,84.15,7.16,87.96,91.63,73.11,0
1768,2026-04-13 05:47:57,65.84,25.62,41.87,23.29,93.93,0
1769,2026-04-13 13:44:29,28.92,50.36,82.52,23.45,89.92,0
1770,2026-04-13 09:59:17,36.99,63.28,12.68,22.88,70.35,0
1771,2026-04-13 08:47:55,20.87,24.1,69.02,77.95,88.0,0
1772,2026-04-13 15:07:42,40.28,96.18,10.3,35.74,77.69,0
1773,2026-04-13 00:25:56,68.91,90.19,53.1,75.68,78.04,0
1774,2026-04-13 10:42:33,24.95,31.97,127.22,52.73,89.08,0
1775,2026-04-13 13:27:57,14.47,67.22,97.12,71.31,87.75,0
1776,2026-04-13 16:11:15,94.51,58.21,48.75,92.26,90.91,0
1777,2026-04-13 04:08:47,43.84,24.85,99.31,47.05,98.27,0
1778,2026-04-13 11:26:10,60.7,22.68,29.84,66.93,77.13,0
1779,2026-04-13 21:27:04,32.53,5.17,149.18,59.78,89.32,0
1780,2026-04-13 00:07:39,86.2,42.78,117.08,93.06,92.2,0
1781,2026-04-13 00:35:02,99.0,69.2,116.66,65.48,98.39,0
1782,2026-04-13 17:58:26,28.16,93.51,121.08,43.57,72.61,0
1783,2026-04-13 10:13:34,95.53,36.92,47.87,41.18,72.96,0
1784,2026-04-13 04:18:47,82.66,18.27,106.32,61.98,76.97,0
1785,2026-04-13 05:21:45,28.93,44.28,29.2,51.8,76.63,0
1786,2026-04-13 14:23:27,81.66,88.94,87.6,73.26,71.38,0
1787,2026-04-13 20:23:39,65.79,4.37,78.59,44.3,93.59,0
1788,2026-04-13 17:09:01,42.92,63.99,19.7,72.27,82.66,0
1789,2026-04-13 11:53:05,25.9,17.0,66.42,40.47,87.48,0
1790,2026-04-13 22:07:41,93.82,64.67,28.97,24.35,93.34,0
1791,2026-04-13 19:18:52,44.5,26.68,124.5,41.36,76.87,0
1792,2026-04-13 13:38:48,23.51,46.7,59.73,23.36,87.74,0
1793,2026-04-13 22:14:04,4.33,83.0,41.41,93.68,76.79,0
1794,2026-04-13 08:16:42,42.89,39.43,25.7,16.51,84.68,0
1795,2026-04-13 20:21:47,86.53,46.96,25.85,76.57,86.94,0
1796,2026-04-13 12:38:19,3.9,23.81,25.19,68.03,94.73,0
1797,2026-04-13 19:18:07,7.71,67.48,90.96,25.41,75.65,0
1798,2026-04-13 12:50:34,83.27,61.46,39.85,87.19,83.98,0
1799,2026-04-13 21:59:37,21.72,40.66,96.74,91.35,71.97,0
1800,2026-04-13 08:17:14,21.08,71.9,105.4,65.93,72.69,0
1801,2026-04-13 09:54:49,45.23,4.01,114.46,27.11,93.29,0
1802,2026-04-13 10:08:17,38.33,23.57,77.11,72.23,71.73,0
1803,2026-04-13 07:16:11,94.83,7.3,145.25,73.91,94.68,0
1804,2026-04-13 19:08:51,73.53,13.34,134.83,16.74,79.42,0
1805,2026-04-13 16:20:39,22.63,31.55,120.61,91.86,98.16,0
1806,2026-04-13 00:09:47,28.92,38.82,21.72,94.39,57.27,1
1807,2026-04-13 23:11:29,1.22,46.71,65.0,15.58,81.87,0
1808,2026-04-13 05:15:42,26.15,70.84,84.22,35.59,71.58,0
1809,2026-04-13 22:24:10,49.3,31.65,97.09,66.55,84.72,0
1810,2026-04-13 03:59:03,62.7,0.72,56.72,40.59,85.45,0
1811,2026-04-13 19:28:32,34.64,5.54,122.19,35.72,93.72,0
1812,2026-04-13 13:45:04,80.15,38.99,132.35,93.57,49.89,1
1813,2026-04-13 15:15:16,58.48,90.51,48.35,94.92,78.93,0
1814,2026-04-13 00:46:38,24.97,52.6,107.9,86.48,86.1,0
1815,2026-04-13 18:02:43,24.68,52.46,78.64,72.73,54.6,1
1816,2026-04-13 02:05:49,7.16,36.13,88.13,92.54,89.32,0
1817,2026-04-13 08:27:20,91.38,80.04,75.41,25.62,85.38,0
1818,2026-04-13 18:32:00,48.41,12.95,55.58,76.37,95.7,0
1819,2026-04-13 14:55:35,1.24,7.2,147.32,57.75,74.03,0
1820,2026-04-13 06:57:11,94.3,58.34,91.1,93.35,45.86,1
1821,2026-04-13 23:22:56,50.9,47.26,145.14,38.94,79.59,0
1822,2026-04-13 01:42:43,58.94,16.85,87.74,32.0,98.42,0
1823,2026-04-13 05:59:01,37.75,31.0,103.23,85.32,71.26,0
1824,2026-04-13 16:09:42,80.55,58.89,132.46,47.58,86.57,0
1825,2026-04-13 07:33:33,8.59,3.43,120.7,25.47,83.67,0
1826,2026-04-13 22:18:02,7.8,17.3,66.63,39.71,83.95,0
1827,2026-04-13 11:14:41,60.1,57.17,77.99,44.4,91.06,0
1828,2026-04-13 06:37:00,4.43,41.37,16.35,91.95,76.78,0
1829,2026-04-13 13:52:10,14.93,95.86,65.24,49.9,71.42,0
1830,2026-04-13 13:19:31,74.57,6.21,131.6,61.47,50.42,1
1831,2026-04-13 03:31:26,41.71,20.61,89.67,44.31,75.42,0
1832,2026-04-13 09:28:17,3.16,27.3,140.71,64.88,83.73,0
1833,2026-04-13 10:18:16,37.45,27.1,107.07,70.03,93.23,0
1834,2026-04-13 11:11:07,8.15,42.34,65.41,41.52,82.07,0
1835,2026-04-13 12:38:27,76.63,93.73,83.4,92.73,44.19,1
1836,2026-04-13 04:08:14,95.44,82.85,73.6,39.39,89.81,0
1837,2026-04-13 18:10:52,77.23,41.41,113.65,69.23,81.83,0
1838,2026-04-13 15:46:55,44.22,17.02,27.44,92.93,78.93,0
1839,2026-04-13 07:30:07,39.39,33.71,64.84,84.65,70.12,0
1840,2026-04-13 17:19:28,47.57,99.97,24.96,61.42,74.87,0
1841,2026-04-13 17:10:53,70.79,81.74,43.88,23.63,77.9,0
1842,2026-04-13 18:58:08,6.67,57.8,135.71,88.21,47.16,1
1843,2026-04-13 04:02:44,35.66,89.77,62.02,81.58,98.0,0
1844,2026-04-13 03:13:07,88.22,75.26,136.43,58.1,82.76,0
1845,2026-04-13 07:31:28,27.08,62.25,15.5,62.24,85.74,0
1846,2026-04-13 18:03:29,26.0,86.12,22.33,80.97,75.47,0
1847,2026-04-13 23:49:23,38.6,10.62,105.4,80.65,71.93,0
1848,2026-04-13 14:27:23,3.01,26.83,130.72,16.25,77.84,0
1849,2026-04-13 09:29:29,97.3,9.5,44.28,25.78,46.97,1
1850,2026-04-13 12:50:21,51.42,54.19,146.18,24.71,75.12,0
1851,2026-04-13 22:03:44,42.06,0.73,57.29,37.62,93.25,0
1852,2026-04-13 07:42:26,10.33,67.32,104.58,88.89,94.51,0
1853,2026-04-13 08:57:05,41.54,29.75,17.04,36.17,91.91,0
1854,2026-04-13 15:27:04,57.04,5.34,51.43,71.19,86.82,0
1855,2026-04-13 01:28:03,66.36,77.59,116.3,55.88,79.28,0
1856,2026-04-13 23:05:42,53.95,3.62,94.42,53.38,77.79,0
1857,2026-04-13 13:49:10,67.17,53.8,90.34,32.1,93.6,0
1858,2026-04-13 03:10:00,38.82,33.02,99.85,62.2,91.23,0
1859,2026-04-13 04:04:56,38.77,35.36,39.95,52.56,97.82,0
1860,2026-04-13 10:45:06,9.95,62.99,15.53,90.12,76.17,0
1861,2026-04-13 22:52:36,48.26,91.47,85.0,57.41,72.81,0
1862,2026-04-13 14:29:45,41.65,96.96,75.1,90.2,79.84,0
1863,2026-04-13 20:29:10,30.17,8.15,47.47,82.34,75.5,0
1864,2026-04-13 13:31:01,70.29,40.78,127.89,27.12,98.64,0
1865,2026-04-13 08:39:59,35.54,31.47,123.2,84.52,96.69,0
1866,2026-04-13 00:26:44,70.8,73.62,22.3,39.76,87.63,0
1867,2026-04-13 22:50:36,34.66,24.17,132.4,39.5,87.07,0
1868,2026-04-13 21:43:21,8.65,52.3,134.33,52.25,72.21,0
1869,2026-04-13 18:43:57,66.55,47.2,129.72,42.6,44.07,1
1870,2026-04-13 08:50:15,86.49,1.9,119.79,46.66,80.56,0
1871,2026-04-13 23:26:05,30.53,87.87,70.53,93.02,94.01,0
1872,2026-04-13 04:04:09,70.03,84.33,141.88,92.44,42.07,1
1873,2026-04-13 05:43:09,55.68,99.04,36.64,60.77,80.78,0
1874,2026-04-13 04:43:11,63.47,85.24,144.67,26.99,77.27,0
1875,2026-04-13 20:50:28,23.04,15.22,74.27,68.65,79.25,0
1876,2026-04-13 16:56:03,84.22,44.2,74.5,81.24,70.44,0
1877,2026-04-13 15:48:06,95.03,26.8,28.47,55.08,44.47,1
1878,2026-04-13 13:19:57,88.2,4.65,136.46,91.35,52.09,1
1879,2026-04-13 13:01:12,83.85,62.43,40.39,51.4,89.89,0
1880,2026-04-13 08:17:24,82.3,62.23,18.68,73.43,77.41,0
1881,2026-04-13 00:04:15,68.88,65.28,147.83,65.31,89.33,0
1882,2026-04-13 12:01:51,45.35,62.38,141.21,16.7,93.67,0
1883,2026-04-13 06:26:27,22.07,8.31,27.84,35.09,73.97,0
1884,2026-04-13 05:34:48,89.8,7.07,138.19,72.88,71.75,0
1885,2026-04-13 08:20:33,32.01,41.42,142.05,19.16,75.4,0
1886,2026-04-13 05:01:06,25.67,26.52,126.57,37.18,88.97,0
1887,2026-04-13 16:23:41,87.05,79.95,131.81,83.9,93.75,0
1888,2026-04-13 05:16:11,45.59,69.28,55.23,57.82,87.32,0
1889,2026-04-13 07:47:41,33.41,37.76,124.08,85.02,84.25,0
1890,2026-04-13 02:09:08,63.42,5.65,81.37,22.76,85.48,0
1891,2026-04-13 09:25:30,27.22,55.38,63.71,50.38,74.49,0
1892,2026-04-13 10:45:19,58.93,5.39,15.1,77.82,86.89,0
1893,2026-04-13 05:56:33,82.43,35.88,147.1,62.11,97.41,0
1894,2026-04-13 00:29:35,64.0,58.28,50.4,93.83,81.15,0
1895,2026-04-13 00:06:03,48.94,10.45,12.15,79.52,76.37,0
1896,2026-04-13 16:14:47,0.21,62.38,56.84,29.58,80.59,0
1897,2026-04-13 07:30:27,7.34,94.22,104.75,37.74,89.72,0
1898,2026-04-13 18:22:38,15.15,28.7,147.85,57.1,82.38,0
1899,2026-04-13 02:52:22,51.57,76.5,17.97,92.34,86.24,0
1900,2026-04-13 10:31:45,69.26,12.27,27.82,18.09,59.98,1
1901,2026-04-13 13:25:02,5.96,68.73,93.48,93.62,84.79,0
1902,2026-04-13 19:26:12,13.42,63.73,43.64,50.47,91.23,0
1903,2026-04-13 13:43:14,2.39,39.5,148.3,77.89,90.53,0
1904,2026-04-13 06:14:08,20.55,96.76,43.56,85.59,76.08,0
1905,2026-04-13 23:22:56,89.61,81.34,104.38,51.84,94.63,0
1906,2026-04-13 04:26:55,69.44,80.73,109.03,42.63,88.4,0
1907,2026-04-13 10:54:47,97.53,35.09,44.42,75.53,92.24,0
1908,2026-04-13 19:31:35,87.59,29.06,49.5,54.3,80.96,0
1909,2026-04-13 04:59:49,33.71,27.14,139.85,30.17,91.19,0
1910,2026-04-13 16:55:45,28.68,31.03,115.58,85.57,75.56,0
1911,2026-04-13 07:13:58,67.54,91.31,146.17,65.51,75.82,0
1912,2026-04-13 21:15:39,73.51,14.56,107.27,84.08,92.86,0
1913,2026-04-13 05:00:59,62.68,7.16,94.35,91.8,98.46,0
1914,2026-04-13 12:25:15,48.59,54.28,103.29,39.85,75.86,0
1915,2026-04-13 18:03:17,19.25,46.41,79.89,86.2,83.32,0
1916,2026-04-13 15:58:48,9.83,59.6,84.12,94.89,86.83,0
1917,2026-04-13 01:49:20,27.37,75.31,89.23,31.78,86.29,0
1918,2026-04-13 10:09:38,33.62,71.33,34.68,59.57,90.61,0
1919,2026-04-13 08:49:50,7.51,32.61,128.02,61.84,76.97,0
1920,2026-04-13 06:42:15,82.78,72.47,54.11,79.39,70.35,0
1921,2026-04-13 08:36:26,37.32,78.51,114.44,48.52,72.85,0
1922,2026-04-13 09:04:49,70.87,57.72,101.79,60.55,86.85,0
1923,2026-04-13 16:11:25,68.99,70.39,123.48,24.14,90.52,0
1924,2026-04-13 20:27:24,99.8,48.86,67.29,36.98,92.78,0
1925,2026-04-13 21:31:01,72.5,18.32,23.35,16.27,85.0,0
1926,2026-04-13 11:38:37,74.84,34.8,28.15,70.56,88.04,0
1927,2026-04-13 16:46:05,25.55,64.19,120.0,46.86,78.86,0
1928,2026-04-13 11:33:20,1.99,61.81,36.05,80.1,91.57,0
1929,2026-04-13 22:56:39,21.51,24.23,75.4,75.52,73.67,0
1930,2026-04-13 15:02:54,25.68,16.73,13.98,60.8,95.41,0
1931,2026-04-13 12:05:55,54.37,95.36,83.95,81.07,95.04,0
1932,2026-04-13 05:56:50,71.22,15.3,60.23,55.52,91.88,0
1933,2026-04-13 19:51:40,25.51,44.73,109.81,91.37,94.51,0
1934,2026-04-13 13:16:10,86.91,17.8,29.28,17.01,75.7,0
1935,2026-04-13 17:22:19,31.96,87.49,90.61,66.52,82.38,0
1936,2026-04-13 04:18:52,14.28,72.57,59.34,74.83,84.78,0
1937,2026-04-13 13:04:02,46.38,64.47,79.34,82.53,97.8,0
1938,2026-04-13 16:27:48,15.13,85.61,74.23,39.37,73.68,0
1939,2026-04-13 17:36:21,0.42,85.5,127.34,33.38,95.33,0
1940,2026-04-13 18:49:30,85.76,4.93,38.5,71.62,80.36,0
1941,2026-04-13 20:47:45,29.11,86.88,107.0,82.96,91.73,0
1942,2026-04-13 19:18:19,42.26,42.25,17.26,56.45,87.78,0
1943,2026-04-13 22:25:30,0.46,19.35,21.29,65.41,95.98,0
1944,2026-04-13 15:44:28,52.54,29.56,62.96,90.66,98.67,0
1945,2026-04-13 14:30:17,39.4,83.88,27.24,39.34,79.14,0
1946,2026-04-13 11:17:35,55.99,3.36,122.14,36.77,90.47,0
1947,2026-04-13 00:12:27,11.55,84.12,46.6,62.85,80.6,0
1948,2026-04-13 06:04:38,10.79,9.99,53.28,80.7,97.49,0
1949,2026-04-13 09:05:53,91.03,61.49,40.34,37.39,77.77,0
1950,2026-04-13 11:29:08,67.69,4.45,91.17,63.6,80.85,0
1951,2026-04-13 15:45:49,2.97,47.36,12.84,55.95,79.45,0
1952,2026-04-13 01:10:19,24.65,38.63,24.94,20.12,74.54,0
1953,2026-04-13 14:07:44,96.83,1.31,40.43,19.16,80.31,0
1954,2026-04-13 19:53:23,12.19,7.4,135.3,66.73,90.65,0
1955,2026-04-13 01:09:05,47.97,93.44,98.22,72.55,90.73,0
1956,2026-04-13 00:31:36,17.23,18.1,115.93,45.76,48.59,1
1957,2026-04-13 17:34:20,11.99,32.78,42.58,30.95,93.29,0
1958,2026-04-13 11:13:49,10.13,25.53,40.04,69.92,70.99,0
1959,2026-04-13 07:33:43,23.87,63.49,136.12,21.03,75.09,0
1960,2026-04-13 21:55:55,76.12,23.4,94.65,60.36,71.6,0
1961,2026-04-13 03:33:07,92.42,82.34,149.98,69.5,93.69,0
1962,2026-04-13 12:34:22,73.62,21.51,72.51,58.87,98.46,0
1963,2026-04-13 20:40:38,7.75,45.19,36.71,67.98,76.01,0
1964,2026-04-13 16:24:35,15.47,66.01,147.17,51.78,79.63,0
1965,2026-04-13 15:22:28,9.54,31.8,100.67,91.87,72.81,0
1966,2026-04-13 09:32:23,99.08,41.0,42.01,31.65,52.46,1
1967,2026-04-13 22:05:25,61.37,34.72,36.89,61.08,82.38,0
1968,2026-04-13 23:07:49,82.38,91.81,113.76,34.98,83.64,0
1969,2026-04-13 03:42:36,17.58,13.66,40.92,61.51,72.65,0
1970,2026-04-13 08:05:26,89.45,6.37,148.82,44.37,76.23,0
1971,2026-04-13 02:50:07,18.28,36.82,85.36,81.76,79.69,0
1972,2026-04-13 19:47:36,17.52,11.39,109.6,38.11,95.42,0
1973,2026-04-13 06:02:18,97.56,98.5,21.51,86.68,89.82,0
1974,2026-04-13 06:20:00,5.47,73.39,54.81,89.55,98.5,0
1975,2026-04-13 07:42:13,29.51,31.62,78.6,43.53,90.75,0
1976,2026-04-13 03:57:54,12.33,58.07,69.26,50.19,84.65,0
1977,2026-04-13 05:02:43,94.34,66.6,100.92,67.88,95.57,0
1978,2026-04-13 00:23:47,18.6,61.36,132.37,26.27,86.58,0
1979,2026-04-13 20:03:29,67.33,20.98,13.15,38.59,92.5,0
1980,2026-04-13 11:54:12,9.89,91.12,78.35,55.18,91.27,0
1981,2026-04-13 05:05:17,18.45,66.55,141.47,66.55,85.05,0
1982,2026-04-13 03:23:32,40.85,24.58,75.02,34.3,92.57,0
1983,2026-04-13 15:29:12,5.41,20.15,26.43,79.32,85.24,0
1984,2026-04-13 22:14:33,25.01,98.35,23.9,89.88,76.47,0
1985,2026-04-13 04:41:39,39.56,45.58,144.75,65.02,71.24,0
1986,2026-04-13 05:21:16,1.59,59.82,116.21,83.56,75.0,0
1987,2026-04-13 05:16:21,8.56,53.24,93.54,76.55,75.31,0
1988,2026-04-13 11:22:09,12.23,18.38,132.25,84.13,74.21,0
1989,2026-04-13 17:40:58,51.61,98.59,48.66,83.76,98.25,0
1990,2026-04-13 21:11:56,67.12,54.87,74.29,87.72,90.65,0
1991,2026-04-13 17:21:44,12.3,9.63,73.89,85.75,71.57,0
1992,2026-04-13 17:06:35,91.65,37.69,109.78,28.9,73.01,0
1993,2026-04-13 22:49:27,95.26,49.71,133.16,35.1,98.36,0
1994,2026-04-13 19:39:14,44.97,16.08,147.81,43.78,77.28,0
1995,2026-04-13 23:28:47,45.25,90.1,144.98,56.77,78.63,0
1996,2026-04-13 22:00:25,59.04,73.73,145.08,20.78,85.9,0
1997,2026-04-13 21:14:49,80.76,83.14,44.1,17.07,77.33,0
1998,2026-04-13 03:40:56,81.81,83.94,77.65,63.68,92.92,0
1999,2026-04-13 01:28:56,0.13,44.86,132.27,89.34,65.85,1
2000,2026-04-13 02:34:34,63.1,2.26,115.49,42.3,83.15,0
2001,2026-04-13 23:50:38,12.44,71.01,77.45,78.72,74.04,0
2002,2026-04-13 03:53:48,50.87,27.73,107.14,49.22,85.23,0
2003,2026-04-13 06:24:19,13.39,39.69,20.72,75.07,79.44,0
2004,2026-04-13 23:18:39,57.97,20.69,102.06,72.87,76.16,0
2005,2026-04-13 16:04:52,38.52,84.5,120.61,29.94,75.27,0
2006,2026-04-13 09:25:30,57.39,84.6,89.29,22.13,76.72,0
2007,2026-04-13 18:20:56,51.71,14.68,94.7,43.0,76.16,0
2008,2026-04-13 19:55:43,99.74,30.16,110.74,79.04,92.37,0
2009,2026-04-13 15:51:18,97.34,46.73,13.35,38.69,89.07,0
2010,2026-04-13 10:56:05,60.84,2.35,48.03,31.82,91.0,0
2011,2026-04-13 13:05:01,94.04,32.75,82.89,50.39,77.05,0
2012,2026-04-13 04:23:41,65.91,71.79,89.56,75.88,82.08,0
2013,2026-04-13 10:58:32,77.88,23.86,118.28,46.13,62.51,1
2014,2026-04-13 18:21:20,76.79,65.42,90.22,46.9,83.52,0
2015,2026-04-13 04:45:46,78.78,74.02,40.47,64.81,88.44,0
2016,2026-04-13 19:35:29,49.83,65.12,85.64,26.83,93.46,0
2017,2026-04-13 20:58:10,95.87,18.71,90.88,85.92,80.02,0
2018,2026-04-13 15:01:37,42.31,3.77,16.98,78.8,75.22,0
2019,2026-04-13 13:33:50,47.74,6.84,79.71,90.0,66.73,1
2020,2026-04-13 16:21:16,58.22,22.86,125.49,54.88,87.56,0
2021,2026-04-13 06:44:35,27.58,30.49,126.86,66.17,98.87,0
2022,2026-04-13 08:09:58,37.36,78.4,19.52,59.86,78.66,0
2023,2026-04-13 16:30:04,57.72,68.77,141.05,48.52,72.38,0
2024,2026-04-13 16:05:27,99.26,64.83,49.18,16.66,81.43,0
2025,2026-04-13 09:17:17,34.02,29.33,130.98,39.4,86.49,0
2026,2026-04-13 01:49:57,84.09,18.32,39.28,35.49,72.66,0
2027,2026-04-13 10:47:05,4.25,33.77,45.2,66.07,84.95,0
2028,2026-04-13 12:33:32,40.87,78.14,31.05,27.88,73.49,0
2029,2026-04-13 22:18:33,48.39,21.32,64.82,93.2,89.31,0
2030,2026-04-13 22:10:18,11.23,74.18,79.02,50.67,75.42,0
2031,2026-04-13 06:48:06,36.81,80.24,30.29,34.82,96.56,0
2032,2026-04-13 17:06:00,30.27,30.57,120.13,78.05,90.76,0
2033,2026-04-13 11:28:11,30.38,45.42,40.61,25.7,72.13,0
2034,2026-04-13 07:21:00,40.18,48.01,111.18,50.9,84.21,0
2035,2026-04-13 01:07:52,43.36,86.9,58.68,31.43,90.78,0
2036,2026-04-13 18:00:48,93.01,69.91,79.83,39.65,82.51,0
2037,2026-04-13 15:16:38,1.5,68.96,15.1,60.01,74.53,0
2038,2026-04-13 10:31:58,6.86,27.15,135.29,41.26,71.68,0
2039,2026-04-13 18:01:50,3.19,59.4,121.24,19.11,73.35,0
2040,2026-04-13 13:50:26,50.43,45.25,94.81,61.44,82.01,0
2041,2026-04-13 04:51:34,50.44,0.62,91.98,76.55,97.82,0
2042,2026-04-13 12:33:05,36.55,68.08,36.13,22.41,56.22,1
2043,2026-04-13 18:57:23,32.5,3.42,31.74,56.96,96.0,0
2044,2026-04-13 14:27:39,3.71,33.0,26.66,67.51,86.22,0
2045,2026-04-13 17:51:07,72.65,0.67,62.36,57.73,72.02,0
2046,2026-04-13 18:45:42,1.42,41.29,134.11,42.84,80.4,0
2047,2026-04-13 21:26:16,10.35,58.39,113.95,55.61,81.94,0
2048,2026-04-13 02:23:23,72.7,37.44,126.87,57.9,94.69,0
2049,2026-04-13 02:27:57,94.61,6.07,37.2,15.33,44.65,1
2050,2026-04-13 12:16:23,59.47,74.8,18.41,80.0,81.59,0
2051,2026-04-13 05:58:51,95.91,42.73,19.82,18.22,87.35,0
2052,2026-04-13 10:48:28,12.22,91.3,39.66,41.61,73.43,0
2053,2026-04-13 04:25:46,68.19,72.53,34.38,31.0,98.37,0
2054,2026-04-13 04:57:20,93.98,19.46,48.92,93.67,71.03,0
2055,2026-04-13 04:09:40,54.63,12.06,59.46,23.58,80.94,0
2056,2026-04-13 21:39:44,1.4,35.4,67.0,15.96,92.5,0
2057,2026-04-13 21:03:05,78.2,72.28,63.59,68.35,91.8,0
2058,2026-04-13 15:18:23,37.01,78.28,131.12,55.8,63.52,1
2059,2026-04-13 12:43:11,71.62,25.87,17.52,57.15,79.6,0
2060,2026-04-13 13:27:05,92.96,61.86,16.02,85.96,71.91,0
2061,2026-04-13 04:19:15,13.26,75.24,88.64,72.19,87.77,0
2062,2026-04-13 13:24:30,43.97,96.74,85.25,28.95,72.4,0
2063,2026-04-13 21:58:05,52.5,51.1,144.06,59.64,92.65,0
2064,2026-04-13 08:13:23,50.19,14.52,43.14,34.16,82.38,0
2065,2026-04-13 00:17:34,22.75,64.25,93.1,68.27,73.94,0
2066,2026-04-13 01:24:00,44.67,91.56,136.19,40.15,98.25,0
2067,2026-04-13 21:04:25,46.08,90.22,80.45,26.64,75.8,0
2068,2026-04-13 11:46:13,60.43,20.7,16.79,80.32,73.93,0
2069,2026-04-13 23:06:50,37.31,40.28,33.69,22.68,97.24,0
2070,2026-04-13 16:28:41,91.64,3.35,147.13,67.03,97.84,0
2071,2026-04-13 12:30:28,55.42,79.62,66.37,58.78,88.08,0
2072,2026-04-13 23:25:53,22.13,3.46,40.81,64.14,71.54,0
2073,2026-04-13 02:31:14,14.42,25.79,148.05,16.49,87.78,0
2074,2026-04-13 11:49:11,81.14,19.17,70.66,58.37,71.1,0
2075,2026-04-13 15:41:29,46.43,73.7,77.92,67.79,93.02,0
2076,2026-04-13 01:22:23,20.04,0.22,106.31,41.61,83.91,0
2077,2026-04-13 22:01:12,72.49,98.99,140.28,92.82,44.1,1
2078,2026-04-13 04:09:29,4.54,53.31,75.39,66.19,96.33,0
2079,2026-04-13 21:55:10,39.95,66.49,147.95,32.78,94.72,0
2080,2026-04-13 22:10:08,53.27,1.07,62.36,24.0,43.33,1
2081,2026-04-13 17:23:48,82.71,33.91,100.51,18.6,72.72,0
2082,2026-04-13 21:02:45,0.28,83.33,47.22,81.01,81.13,0
2083,2026-04-13 23:58:57,60.55,99.9,134.94,55.27,92.19,0
2084,2026-04-13 21:38:21,15.88,67.86,127.73,17.69,97.5,0
2085,2026-04-13 22:27:25,43.64,87.83,20.66,73.03,84.56,0
2086,2026-04-13 23:06:20,76.67,54.11,116.24,61.84,92.16,0
2087,2026-04-13 14:14:33,91.83,69.29,104.28,65.98,91.17,0
2088,2026-04-13 21:52:23,68.9,52.43,32.32,65.95,84.53,0
2089,2026-04-13 09:34:35,41.98,44.87,107.47,61.72,47.12,1
2090,2026-04-13 15:45:48,31.31,80.28,146.01,58.26,86.92,0
2091,2026-04-13 14:16:35,51.15,24.35,84.42,81.74,81.13,0
2092,2026-04-13 15:02:18,36.75,29.99,10.85,87.18,92.12,0
2093,2026-04-13 21:29:56,63.57,49.74,125.45,71.1,72.16,0
2094,2026-04-13 14:04:53,59.7,66.02,142.85,65.66,80.6,0
2095,2026-04-13 06:55:13,78.36,63.57,142.64,76.61,94.42,0
2096,2026-04-13 14:16:24,85.22,4.75,132.8,93.86,67.16,1
2097,2026-04-13 13:46:34,77.95,55.49,67.32,81.5,91.48,0
2098,2026-04-13 22:50:31,88.61,81.1,39.59,82.61,47.49,1
2099,2026-04-13 06:11:24,2.97,31.15,15.63,90.07,89.06,0
2100,2026-04-13 07:39:53,71.14,57.77,100.42,32.95,87.13,0
2101,2026-04-13 11:56:49,22.08,2.67,32.4,65.11,98.95,0
2102,2026-04-13 15:28:22,77.11,23.57,113.63,76.06,74.63,0
2103,2026-04-13 21:13:16,72.06,67.1,76.3,62.45,89.53,0
2104,2026-04-13 03:57:02,89.84,60.76,76.63,84.57,84.03,0
2105,2026-04-13 20:59:58,46.92,21.93,146.93,29.43,93.71,0
2106,2026-04-13 00:51:37,1.45,84.03,111.65,26.83,74.25,0
2107,2026-04-13 17:36:19,20.25,68.33,112.91,54.02,95.1,0
2108,2026-04-13 02:28:36,60.54,82.41,130.83,59.0,75.05,0
2109,2026-04-13 03:41:37,16.39,34.95,132.48,54.32,93.59,0
2110,2026-04-13 15:14:27,26.86,81.61,57.44,39.14,81.38,0
2111,2026-04-13 05:13:13,77.9,32.43,113.89,23.73,78.39,0
2112,2026-04-13 09:24:46,23.32,67.22,66.71,80.62,98.37,0
2113,2026-04-13 04:55:45,91.91,17.68,48.24,67.95,90.97,0
2114,2026-04-13 11:33:36,77.1,2.84,47.57,58.69,90.84,0
2115,2026-04-13 13:12:30,94.1,35.91,143.38,42.11,57.51,1
2116,2026-04-13 06:39:46,51.25,51.03,132.43,24.56,90.55,0
2117,2026-04-13 23:59:32,67.93,65.13,68.59,56.08,40.19,1
2118,2026-04-13 08:38:38,63.49,35.06,64.82,82.15,76.16,0
2119,2026-04-13 05:12:01,61.63,38.82,94.22,36.79,83.19,0
2120,2026-04-13 13:44:39,17.88,13.9,78.73,68.07,73.73,0
2121,2026-04-13 20:37:18,76.28,62.72,97.8,31.73,76.78,0
2122,2026-04-13 04:05:53,82.46,72.63,70.83,33.91,71.04,0
2123,2026-04-13 06:45:01,86.87,58.38,16.96,36.95,97.41,0
2124,2026-04-13 12:19:57,35.34,95.66,111.67,75.63,97.1,0
2125,2026-04-13 09:25:06,26.14,86.47,91.68,50.23,81.24,0
2126,2026-04-13 06:57:07,73.26,65.14,139.83,55.28,85.39,0
2127,2026-04-13 22:52:16,93.05,91.81,114.29,48.6,78.11,0
2128,2026-04-13 00:51:23,16.42,92.3,145.62,46.58,91.49,0
2129,2026-04-13 22:47:09,57.83,8.29,29.02,74.45,94.56,0
2130,2026-04-13 11:03:02,1.87,54.36,25.85,54.02,85.46,0
2131,2026-04-13 09:55:04,2.06,48.26,73.95,93.13,91.78,0
2132,2026-04-13 15:54:12,62.24,9.77,21.81,18.13,89.96,0
2133,2026-04-13 23:27:49,75.48,78.68,70.67,82.58,91.68,0
2134,2026-04-13 18:10:42,73.04,3.84,87.38,65.25,87.41,0
2135,2026-04-13 10:04:17,73.47,60.42,53.03,51.16,44.96,1
2136,2026-04-13 07:28:45,25.29,65.37,63.78,76.28,71.13,0
2137,2026-04-13 23:04:37,95.84,8.22,118.5,57.52,87.48,0
2138,2026-04-13 10:23:18,55.68,78.89,91.78,69.04,77.99,0
2139,2026-04-13 12:27:46,67.46,90.4,117.81,44.32,82.86,0
2140,2026-04-13 09:41:00,29.23,49.93,12.53,90.0,84.41,0
2141,2026-04-13 04:09:34,71.92,36.6,104.53,45.28,97.37,0
2142,2026-04-13 23:56:24,95.08,84.35,104.54,41.1,85.39,0
2143,2026-04-13 09:14:15,25.62,13.56,97.73,54.75,87.85,0
2144,2026-04-13 22:09:27,21.75,96.83,19.51,24.81,70.55,0
2145,2026-04-13 06:08:17,84.51,59.69,104.73,57.1,70.59,0
2146,2026-04-13 01:05:43,9.06,81.32,23.79,57.05,74.39,0
2147,2026-04-13 05:05:46,24.37,0.42,72.84,29.73,91.78,0
2148,2026-04-13 11:41:50,88.31,55.76,32.55,67.18,85.13,0
2149,2026-04-13 07:21:12,22.03,61.96,42.52,91.89,85.69,0
2150,2026-04-13 21:46:20,1.19,11.08,105.65,56.73,98.09,0
2151,2026-04-13 12:10:02,52.5,68.13,36.9,19.15,98.86,0
2152,2026-04-13 04:39:57,30.85,5.59,119.85,40.98,77.69,0
2153,2026-04-13 11:30:42,46.38,71.93,97.98,78.17,96.44,0
2154,2026-04-13 09:36:50,2.48,72.58,57.99,63.44,82.3,0
2155,2026-04-13 23:35:34,16.71,87.34,39.68,87.68,84.49,0
2156,2026-04-13 10:06:32,33.45,63.16,32.61,89.42,85.81,0
2157,2026-04-13 19:22:24,67.46,86.34,67.36,36.72,70.78,0
2158,2026-04-13 14:51:23,0.7,70.11,12.83,56.86,82.67,0
2159,2026-04-13 00:00:20,50.63,87.59,85.12,79.08,74.11,0
2160,2026-04-13 08:52:23,33.76,98.89,87.91,55.53,90.12,0
2161,2026-04-13 23:22:19,93.04,39.24,46.5,16.73,83.84,0
2162,2026-04-13 17:04:45,71.81,99.22,94.96,38.68,80.96,0
2163,2026-04-13 21:53:38,53.21,36.7,131.79,87.58,56.14,1
2164,2026-04-13 23:48:42,95.56,90.37,141.51,15.99,72.67,0
2165,2026-04-13 22:50:21,17.06,84.06,22.05,56.42,90.28,0
2166,2026-04-13 00:51:44,4.82,13.04,13.28,26.98,76.49,0
2167,2026-04-13 07:16:18,94.72,44.06,86.61,38.51,72.59,0
2168,2026-04-13 00:56:09,20.53,39.63,21.45,43.53,88.61,0
2169,2026-04-13 00:07:11,61.1,79.95,113.58,18.75,76.01,0
2170,2026-04-13 05:24:56,55.11,22.7,111.88,80.09,88.61,0
2171,2026-04-13 07:29:42,72.13,91.02,26.08,60.79,96.39,0
2172,2026-04-13 11:30:51,92.84,98.54,140.59,65.83,83.4,0
2173,2026-04-13 00:41:39,90.03,76.72,99.46,70.12,82.12,0
2174,2026-04-13 00:12:12,39.94,28.85,146.46,84.76,73.65,0
2175,2026-04-13 19:12:30,56.05,21.49,141.21,75.3,90.74,0
2176,2026-04-13 07:49:24,12.32,44.72,61.8,28.98,72.15,0
2177,2026-04-13 01:49:55,7.29,75.34,102.1,56.84,83.27,0
2178,2026-04-13 07:48:10,92.37,49.2,13.04,45.23,80.09,0
2179,2026-04-13 06:14:48,0.02,37.81,45.59,41.77,76.39,0
2180,2026-04-13 15:23:30,16.96,0.14,102.71,55.27,95.96,0
2181,2026-04-13 04:48:50,39.32,91.78,79.15,60.44,79.64,0
2182,2026-04-13 21:45:18,18.52,14.21,51.18,63.0,84.1,0
2183,2026-04-13 22:04:04,0.2,7.33,54.59,52.55,89.16,0
2184,2026-04-13 12:42:08,34.57,91.16,32.07,30.68,71.29,0
2185,2026-04-13 06:59:42,5.26,65.6,53.56,41.3,82.19,0
2186,2026-04-13 13:32:31,13.3,16.12,24.45,58.67,96.58,0
2187,2026-04-13 06:38:29,0.03,17.61,58.58,69.37,92.98,0
2188,2026-04-13 15:36:25,80.76,97.68,125.63,27.23,76.01,0
2189,2026-04-13 07:03:57,48.47,85.94,73.52,51.59,97.07,0
2190,2026-04-13 14:06:38,56.31,84.12,146.61,53.94,91.71,0
2191,2026-04-13 09:49:59,54.08,50.62,74.3,90.45,84.76,0
2192,2026-04-13 21:37:27,35.71,62.56,57.92,17.94,56.43,1
2193,2026-04-13 04:39:07,81.24,25.05,12.27,41.29,82.58,0
2194,2026-04-13 21:58:59,44.04,57.18,26.97,20.8,78.7,0
2195,2026-04-13 23:31:29,37.23,74.61,66.16,67.35,82.22,0
2196,2026-04-13 06:04:23,37.55,37.38,115.62,37.74,70.06,0
2197,2026-04-13 03:34:34,72.25,70.96,68.21,19.89,72.12,0
2198,2026-04-13 03:21:20,89.62,44.7,13.64,44.31,73.28,0
2199,2026-04-13 00:27:55,54.66,71.71,42.57,69.56,80.86,0
2200,2026-04-13 16:16:45,78.3,75.14,17.21,71.83,73.87,0
2201,2026-04-13 23:27:33,4.53,46.47,16.16,75.05,82.24,0
2202,2026-04-13 13:46:36,25.14,37.93,34.39,81.99,70.34,0
2203,2026-04-13 03:59:14,17.44,24.36,136.63,63.16,86.36,0
2204,2026-04-13 18:36:04,15.16,91.82,130.46,90.58,49.87,1
2205,2026-04-13 05:09:15,36.68,6.11,23.25,69.34,86.36,0
2206,2026-04-13 11:10:22,22.26,62.01,142.93,30.32,74.73,0
2207,2026-04-13 06:45:21,49.16,1.32,56.5,47.4,96.86,0
2208,2026-04-13 22:30:48,74.88,98.93,77.02,28.84,91.3,0
2209,2026-04-13 06:03:48,32.93,9.44,50.69,40.74,87.07,0
2210,2026-04-13 02:10:00,2.78,77.42,27.65,15.48,89.88,0
2211,2026-04-13 19:58:33,62.21,42.39,133.77,62.22,72.12,0
2212,2026-04-13 08:39:36,14.28,69.82,77.4,74.92,79.79,0
2213,2026-04-13 23:59:09,63.68,62.57,95.5,63.89,89.96,0
2214,2026-04-13 19:13:12,39.13,79.32,16.33,26.87,89.22,0
2215,2026-04-13 13:56:58,57.18,75.72,78.65,85.69,76.75,0
2216,2026-04-13 17:28:25,79.14,35.09,19.65,61.37,98.0,0
2217,2026-04-13 20:22:14,35.19,63.09,146.76,64.35,72.78,0
2218,2026-04-13 17:49:43,5.81,76.23,94.35,59.43,75.18,0
2219,2026-04-13 11:22:01,28.34,47.19,19.41,29.55,97.61,0
2220,2026-04-13 01:28:05,38.21,8.23,105.49,34.1,98.32,0
2221,2026-04-13 23:52:03,98.59,40.91,140.27,68.05,91.67,0
2222,2026-04-13 07:24:07,39.88,1.79,103.2,46.97,89.33,0
2223,2026-04-13 22:15:30,3.36,88.39,31.5,61.46,91.85,0
2224,2026-04-13 22:57:13,44.57,88.8,53.68,71.02,91.26,0
2225,2026-04-13 11:58:41,31.5,99.39,70.21,31.66,90.13,0
2226,2026-04-13 06:13:51,16.79,19.43,116.72,20.54,84.57,0
2227,2026-04-13 22:39:50,76.53,46.33,102.73,37.08,76.3,0
2228,2026-04-13 21:01:45,34.24,56.9,109.12,85.14,85.62,0
2229,2026-04-13 04:11:46,88.5,49.06,135.01,56.79,92.77,0
2230,2026-04-13 11:18:01,80.08,74.69,105.49,47.03,82.07,0
2231,2026-04-13 09:15:29,66.13,66.19,60.51,45.24,89.3,0
2232,2026-04-13 05:06:35,94.69,48.75,55.93,76.4,91.52,0
2233,2026-04-13 08:02:34,81.41,83.53,95.12,22.52,70.51,0
2234,2026-04-13 15:16:37,84.04,14.05,120.4,25.99,74.37,0
2235,2026-04-13 08:45:44,24.29,39.44,110.11,48.71,70.17,0
2236,2026-04-13 06:40:08,80.33,20.02,106.09,30.3,96.51,0
2237,2026-04-13 12:41:16,73.91,38.76,28.02,24.54,72.93,0
2238,2026-04-13 02:26:31,11.4,47.91,95.55,33.38,80.06,0
2239,2026-04-13 20:42:46,35.97,16.76,16.74,69.68,74.49,0
2240,2026-04-13 03:00:01,59.44,77.96,131.2,67.68,73.36,0
2241,2026-04-13 11:35:50,23.97,64.04,63.51,71.74,71.72,0
2242,2026-04-13 14:05:24,58.32,15.35,21.12,80.3,45.56,1
2243,2026-04-13 00:28:51,35.08,59.82,29.51,59.37,80.99,0
2244,2026-04-13 22:50:02,16.88,90.29,100.53,35.65,89.28,0
2245,2026-04-13 00:41:47,63.3,26.13,68.06,92.38,98.81,0
2246,2026-04-13 23:02:08,27.42,65.99,49.94,57.36,54.41,1
2247,2026-04-13 11:15:20,90.6,37.62,132.52,50.13,65.96,1
2248,2026-04-13 17:57:31,19.17,83.77,19.64,45.06,82.18,0
2249,2026-04-13 00:02:52,47.02,83.93,94.32,23.08,75.07,0
2250,2026-04-13 12:12:58,94.36,10.49,60.22,81.65,79.36,0
2251,2026-04-13 09:23:43,87.84,68.61,105.41,41.42,86.11,0
2252,2026-04-13 19:11:46,93.77,21.0,17.74,70.87,93.8,0
2253,2026-04-13 01:03:33,64.44,12.02,145.95,85.77,52.43,1
2254,2026-04-13 17:00:52,11.67,46.24,36.22,80.18,86.64,0
2255,2026-04-13 06:47:12,10.69,72.25,77.36,44.82,72.2,0
2256,2026-04-13 13:09:52,59.78,95.21,53.09,92.18,75.76,0
2257,2026-04-13 03:16:06,62.1,51.14,33.2,52.22,87.04,0
2258,2026-04-13 12:42:12,73.84,47.39,142.16,91.31,66.47,1
2259,2026-04-13 17:55:25,49.84,88.09,12.6,61.32,72.89,0
2260,2026-04-13 12:35:42,62.45,23.85,61.06,56.17,86.79,0
2261,2026-04-13 09:20:33,78.05,54.35,143.66,39.81,67.46,1
2262,2026-04-13 12:42:21,74.63,39.15,62.82,58.99,94.18,0
2263,2026-04-13 09:01:32,19.73,77.41,83.26,93.04,75.49,0
2264,2026-04-13 03:02:03,82.48,71.61,23.83,80.42,83.89,0
2265,2026-04-13 21:11:34,91.8,39.72,28.99,74.55,72.18,0
2266,2026-04-13 04:45:10,6.84,76.47,92.44,34.85,93.86,0
2267,2026-04-13 10:00:41,60.54,43.4,136.52,30.66,85.51,0
2268,2026-04-13 10:37:13,73.97,80.95,58.02,18.28,76.82,0
2269,2026-04-13 04:09:44,79.2,8.7,56.87,73.75,71.12,0
2270,2026-04-13 07:03:04,55.6,20.31,12.15,31.16,76.31,0
2271,2026-04-13 11:54:24,8.84,78.93,11.49,57.55,74.1,0
2272,2026-04-13 12:38:33,57.95,90.01,28.8,54.89,87.7,0
2273,2026-04-13 03:30:11,80.21,11.52,111.71,54.96,81.9,0
2274,2026-04-13 23:12:01,19.57,73.09,112.07,28.42,86.45,0
2275,2026-04-13 00:44:05,86.81,52.41,47.15,78.28,95.05,0
2276,2026-04-13 06:48:40,16.33,8.87,135.62,43.56,96.22,0
2277,2026-04-13 03:47:25,56.02,2.17,96.25,34.22,87.34,0
2278,2026-04-13 02:59:08,54.15,86.09,10.52,54.52,81.74,0
2279,2026-04-13 14:59:02,31.01,89.01,146.38,53.79,77.27,0
2280,2026-04-13 23:34:04,3.86,24.51,39.04,34.18,84.14,0
2281,2026-04-13 15:24:07,57.76,96.77,141.9,15.12,92.25,0
2282,2026-04-13 03:59:18,26.87,13.59,116.78,60.96,94.54,0
2283,2026-04-13 05:25:33,58.2,18.08,80.39,47.57,79.97,0
2284,2026-04-13 15:51:04,14.37,3.63,113.16,16.8,93.46,0
2285,2026-04-13 01:55:42,81.74,22.28,87.8,85.12,75.02,0
2286,2026-04-13 19:48:44,61.1,36.14,85.72,48.74,83.12,0
2287,2026-04-13 17:20:05,81.0,87.72,123.6,94.27,92.45,0
2288,2026-04-13 13:11:55,2.11,37.74,52.21,58.59,96.38,0
2289,2026-04-13 12:05:03,66.35,34.78,136.64,21.75,71.76,0
2290,2026-04-13 17:42:45,7.79,94.6,117.8,57.57,78.93,0
2291,2026-04-13 04:14:21,91.02,57.81,115.37,34.54,92.77,0
2292,2026-04-13 20:27:20,32.76,78.63,62.2,94.77,90.93,0
2293,2026-04-13 02:55:34,37.53,54.39,20.32,21.26,94.42,0
2294,2026-04-13 07:57:24,64.14,25.09,28.52,58.92,98.74,0
2295,2026-04-13 14:42:42,20.08,60.29,73.58,92.73,91.18,0
2296,2026-04-13 11:53:23,80.27,6.35,129.56,15.46,88.57,0
2297,2026-04-13 23:01:26,23.89,2.54,82.67,35.54,93.81,0
2298,2026-04-13 21:52:39,52.05,74.33,28.32,62.9,94.34,0
2299,2026-04-13 17:03:38,30.02,98.92,10.67,46.27,78.89,0
2300,2026-04-13 07:37:09,24.33,63.75,12.78,76.25,85.18,0
2301,2026-04-13 01:02:23,4.75,41.74,10.41,23.17,83.95,0
2302,2026-04-13 19:46:21,73.75,52.35,64.01,15.16,81.28,0
2303,2026-04-13 07:09:41,12.54,79.6,64.36,83.74,92.34,0
2304,2026-04-13 03:31:00,55.84,0.17,34.84,51.94,76.58,0
2305,2026-04-13 09:58:12,24.65,33.94,51.39,54.25,43.82,1
2306,2026-04-13 15:23:12,39.81,2.81,45.07,16.43,79.74,0
2307,2026-04-13 18:38:18,45.15,91.56,65.82,40.31,80.58,0
2308,2026-04-13 03:35:07,55.65,79.24,62.45,33.3,70.9,0
2309,2026-04-13 01:53:23,40.48,29.38,58.45,88.43,82.54,0
2310,2026-04-13 20:39:59,89.36,2.87,35.23,69.94,90.85,0
2311,2026-04-13 10:51:31,73.45,59.81,61.56,21.8,80.84,0
2312,2026-04-13 11:35:47,42.56,12.29,71.98,51.02,73.6,0
2313,2026-04-13 12:36:43,6.78,64.47,64.76,33.95,40.2,1
2314,2026-04-13 07:18:31,27.21,42.45,37.91,23.91,82.13,0
2315,2026-04-13 16:45:23,92.44,72.3,33.51,69.87,80.08,0
2316,2026-04-13 00:03:44,35.14,28.73,121.01,70.46,63.29,1
2317,2026-04-13 15:32:42,11.24,36.08,81.14,86.39,76.38,0
2318,2026-04-13 17:31:44,0.92,24.95,85.73,69.32,81.04,0
2319,2026-04-13 11:47:58,95.28,95.89,19.62,35.01,80.26,0
2320,2026-04-13 21:42:33,65.81,25.51,108.99,16.78,78.88,0
2321,2026-04-13 10:06:31,88.68,37.58,54.73,29.03,78.97,0
2322,2026-04-13 09:10:05,8.1,5.23,126.16,76.52,90.19,0
2323,2026-04-13 02:08:05,53.6,17.1,30.59,25.76,85.16,0
2324,2026-04-13 02:23:28,36.38,17.99,28.58,28.61,92.9,0
2325,2026-04-13 23:05:44,18.86,93.69,25.24,55.66,80.75,0
2326,2026-04-13 21:14:47,3.39,27.35,34.36,83.86,93.16,0
2327,2026-04-13 19:36:39,88.88,63.79,17.73,74.02,70.53,0
2328,2026-04-13 09:36:09,66.14,27.83,87.98,74.5,90.26,0
2329,2026-04-13 10:38:18,75.98,20.05,133.45,61.08,71.44,0
2330,2026-04-13 08:10:07,4.59,67.76,63.82,52.26,72.94,0
2331,2026-04-13 10:12:04,3.05,31.78,123.89,66.3,93.66,0
2332,2026-04-13 07:49:12,80.75,63.62,139.27,43.94,86.07,0
2333,2026-04-13 19:32:01,63.28,28.0,51.11,40.95,93.51,0
2334,2026-04-13 21:32:14,32.02,34.06,52.47,19.96,77.14,0
2335,2026-04-13 09:51:19,80.38,93.66,68.2,33.96,78.64,0
2336,2026-04-13 19:37:23,46.62,86.77,38.29,82.2,78.05,0
2337,2026-04-13 18:37:55,71.21,83.17,24.96,19.2,76.45,0
2338,2026-04-13 22:02:59,66.43,57.36,11.66,51.72,79.1,0
2339,2026-04-13 12:49:50,0.28,40.01,140.83,78.52,79.73,0
2340,2026-04-13 04:03:30,6.72,39.71,76.58,28.47,97.9,0
2341,2026-04-13 20:50:44,34.57,2.6,132.07,46.71,84.52,0
2342,2026-04-13 23:05:05,44.44,32.08,35.57,56.07,95.84,0
2343,2026-04-13 00:55:47,63.25,93.89,38.88,77.61,73.35,0
2344,2026-04-13 10:40:00,60.49,69.16,94.84,93.33,93.24,0
2345,2026-04-13 10:15:39,7.71,76.4,78.14,43.36,95.64,0
2346,2026-04-13 15:25:05,27.77,21.12,66.69,20.9,91.74,0
2347,2026-04-13 05:13:29,48.32,83.43,10.97,39.82,81.13,0
2348,2026-04-13 21:36:22,86.86,0.66,41.82,55.63,70.36,0
2349,2026-04-13 19:08:35,21.12,52.84,98.54,16.44,82.49,0
2350,2026-04-13 12:06:31,46.65,32.54,39.2,65.33,58.2,1
2351,2026-04-13 00:13:35,75.49,84.14,147.27,41.01,95.6,0
2352,2026-04-13 20:16:37,25.04,6.14,94.9,73.38,88.26,0
2353,2026-04-13 13:41:27,45.56,29.85,127.88,78.24,93.5,0
2354,2026-04-13 06:47:59,59.79,26.68,138.46,55.53,93.21,0
2355,2026-04-13 17:38:01,70.74,36.11,115.33,25.5,88.54,0
2356,2026-04-13 23:20:01,11.01,2.26,124.71,52.63,87.79,0
2357,2026-04-13 02:23:11,5.81,58.04,87.22,65.57,76.42,0
2358,2026-04-13 03:09:16,91.1,43.84,68.66,66.34,87.7,0
2359,2026-04-13 14:18:28,25.62,94.97,20.28,35.42,77.19,0
2360,2026-04-13 11:45:30,48.23,88.32,64.48,65.0,88.52,0
2361,2026-04-13 15:06:58,48.37,54.74,27.3,82.42,71.93,0
2362,2026-04-13 15:59:32,24.46,85.34,13.22,93.88,73.47,0
2363,2026-04-13 11:15:14,48.31,16.37,117.45,57.25,98.79,0
2364,2026-04-13 00:10:47,84.87,25.02,85.59,37.31,67.49,1
2365,2026-04-13 23:51:30,7.29,64.75,56.75,51.72,90.64,0
2366,2026-04-13 06:48:29,81.66,30.81,80.87,15.24,91.34,0
2367,2026-04-13 15:56:55,98.8,27.5,105.82,65.6,97.37,0
2368,2026-04-13 09:37:10,82.79,44.49,35.19,41.14,76.03,0
2369,2026-04-13 04:00:52,37.46,35.54,18.4,83.2,83.05,0
2370,2026-04-13 01:51:14,84.3,30.4,65.9,27.67,67.16,1
2371,2026-04-13 23:00:29,82.94,30.23,70.33,31.03,70.18,0
2372,2026-04-13 14:18:26,60.92,37.82,34.25,58.86,84.65,0
2373,2026-04-13 04:51:03,3.56,4.65,143.98,47.07,72.62,0
2374,2026-04-13 19:03:45,18.0,11.06,25.08,15.3,96.56,0
2375,2026-04-13 07:08:43,34.33,72.14,97.8,36.4,71.42,0
2376,2026-04-13 17:39:53,4.04,71.85,49.59,40.49,80.71,0
2377,2026-04-13 01:50:09,33.78,85.03,138.78,57.32,84.34,0
2378,2026-04-13 02:43:37,44.16,48.02,102.84,36.32,72.87,0
2379,2026-04-13 05:08:23,14.96,33.34,83.89,72.51,77.25,0
2380,2026-04-13 16:18:44,0.48,53.84,25.5,91.58,88.67,0
2381,2026-04-13 06:29:24,66.96,34.15,55.79,78.39,71.73,0
2382,2026-04-13 21:01:08,47.24,62.08,33.62,65.95,83.93,0
2383,2026-04-13 00:50:50,24.27,15.26,11.66,35.4,72.61,0
2384,2026-04-13 01:02:02,82.35,99.75,127.52,49.06,94.59,0
2385,2026-04-13 11:36:22,35.1,47.7,146.63,64.68,72.96,0
2386,2026-04-13 16:41:13,90.56,48.09,65.91,54.28,90.59,0
2387,2026-04-13 03:14:21,5.0,17.46,27.62,26.72,45.22,1
2388,2026-04-13 01:02:15,41.13,14.95,141.33,72.05,70.37,0
2389,2026-04-13 17:38:39,58.9,67.58,57.58,70.68,79.61,0
2390,2026-04-13 08:35:49,43.22,99.18,107.61,60.51,78.44,0
2391,2026-04-13 06:29:16,36.11,30.8,62.75,38.07,94.48,0
2392,2026-04-13 13:29:22,26.8,15.05,115.36,78.46,70.37,0
2393,2026-04-13 22:06:24,92.86,24.27,34.35,48.21,84.6,0
2394,2026-04-13 13:50:43,98.06,34.97,105.2,39.21,78.92,0
2395,2026-04-13 20:06:38,59.6,47.12,92.63,60.66,70.54,0
2396,2026-04-13 12:27:19,45.03,48.97,29.26,86.74,71.42,0
2397,2026-04-13 04:06:21,79.27,93.61,125.65,44.66,85.61,0
2398,2026-04-13 12:32:36,69.49,61.62,20.29,30.07,72.05,0
2399,2026-04-13 22:31:39,17.7,28.33,119.47,27.92,83.11,0
2400,2026-04-13 18:18:36,71.27,40.6,36.33,65.63,64.77,1
2401,2026-04-13 11:51:18,48.22,40.13,36.53,35.02,96.78,0
2402,2026-04-13 01:12:46,28.14,95.96,118.14,67.92,83.64,0
2403,2026-04-13 03:02:07,99.19,92.09,71.78,19.51,82.03,0
2404,2026-04-13 14:33:51,48.33,67.61,64.11,22.37,90.26,0
2405,2026-04-13 12:28:03,73.52,18.45,140.31,49.19,98.46,0
2406,2026-04-13 16:11:15,49.24,91.92,53.8,27.1,78.24,0
2407,2026-04-13 18:05:53,47.27,61.14,65.1,57.01,95.87,0
2408,2026-04-13 08:03:47,43.73,14.09,47.53,47.34,89.04,0
2409,2026-04-13 15:41:28,21.72,43.64,48.59,72.9,83.66,0
2410,2026-04-13 22:07:46,30.12,1.61,22.96,46.25,74.08,0
2411,2026-04-13 16:24:15,50.03,52.01,72.69,59.38,72.51,0
2412,2026-04-13 07:53:25,44.3,17.66,68.0,37.09,83.33,0
2413,2026-04-13 15:52:01,31.08,1.87,135.79,17.31,93.95,0
2414,2026-04-13 15:18:37,2.84,0.3,145.84,35.27,72.0,0
2415,2026-04-13 09:34:49,80.5,5.94,85.76,42.36,75.91,0
2416,2026-04-13 06:21:28,21.51,2.71,77.5,80.63,76.68,0
2417,2026-04-13 15:08:01,24.57,32.25,74.51,71.65,78.08,0
2418,2026-04-13 13:38:04,94.48,16.67,39.92,44.83,56.6,1
2419,2026-04-13 03:28:35,73.82,72.17,109.12,25.33,80.06,0
2420,2026-04-13 14:41:58,23.75,61.12,47.06,55.12,71.7,0
2421,2026-04-13 00:51:47,20.99,98.77,140.7,62.92,94.56,0
2422,2026-04-13 16:21:46,38.15,45.54,83.22,57.89,80.35,0
2423,2026-04-13 16:04:00,88.96,41.47,39.74,20.44,86.83,0
2424,2026-04-13 12:18:08,19.93,58.76,146.24,30.53,76.73,0
2425,2026-04-13 06:35:45,75.74,36.49,14.72,65.59,81.96,0
2426,2026-04-13 08:56:00,93.65,96.51,95.58,35.81,81.39,0
2427,2026-04-13 09:09:30,11.78,39.36,105.5,69.85,98.8,0
2428,2026-04-13 21:49:11,79.17,6.9,110.37,67.53,89.37,0
2429,2026-04-13 20:12:39,92.59,3.71,30.1,94.63,97.48,0
2430,2026-04-13 07:54:21,69.59,23.68,14.11,41.33,81.4,0
2431,2026-04-13 12:25:45,40.29,83.9,13.42,27.3,87.02,0
2432,2026-04-13 19:26:10,90.3,3.97,25.6,28.86,75.69,0
2433,2026-04-13 01:04:40,66.38,31.03,19.81,15.46,88.41,0
2434,2026-04-13 22:37:02,58.76,15.04,124.28,50.48,89.83,0
2435,2026-04-13 14:05:45,56.0,27.98,125.4,57.67,89.62,0
2436,2026-04-13 06:50:57,95.15,28.77,87.84,19.97,84.67,0
2437,2026-04-13 18:21:23,75.2,24.16,35.11,94.95,88.39,0
2438,2026-04-13 11:48:19,13.32,29.12,26.31,86.65,92.16,0
2439,2026-04-13 08:19:23,95.35,71.78,120.6,39.86,89.02,0
2440,2026-04-13 21:02:08,51.6,71.29,47.71,49.63,81.4,0
2441,2026-04-13 23:49:33,0.32,82.17,12.72,29.14,70.71,0
2442,2026-04-13 09:08:20,73.94,10.24,55.67,81.9,79.33,0
2443,2026-04-13 17:28:30,30.42,59.44,125.26,69.19,95.64,0
2444,2026-04-13 13:29:59,73.2,82.95,130.82,61.5,83.25,0
2445,2026-04-13 20:53:06,18.43,86.27,89.98,90.03,90.56,0
2446,2026-04-13 12:26:44,83.8,43.92,26.55,34.33,90.56,0
2447,2026-04-13 14:49:18,26.3,47.82,126.22,44.3,83.73,0
2448,2026-04-13 23:32:09,63.23,41.23,14.59,15.68,83.66,0
2449,2026-04-13 07:31:16,39.77,45.02,65.12,25.94,70.25,0
2450,2026-04-13 08:50:36,20.68,38.01,26.91,94.27,70.14,0
2451,2026-04-13 15:48:21,45.54,75.82,146.96,71.01,91.43,0
2452,2026-04-13 00:27:36,49.8,50.56,69.01,46.9,86.39,0
2453,2026-04-13 21:43:28,72.35,99.84,25.13,30.85,78.95,0
2454,2026-04-13 06:25:20,41.25,96.44,35.62,21.74,93.89,0
2455,2026-04-13 11:23:13,82.24,1.66,129.98,64.23,78.91,0
2456,2026-04-13 05:07:03,46.57,75.79,89.15,50.17,79.71,0
2457,2026-04-13 09:01:20,88.53,54.85,73.48,77.39,84.7,0
2458,2026-04-13 17:49:18,88.34,15.55,83.56,72.46,72.08,0
2459,2026-04-13 17:54:51,87.1,42.18,114.16,83.54,87.69,0
2460,2026-04-13 16:47:27,38.07,47.95,81.04,53.83,96.26,0
2461,2026-04-13 22:48:46,26.64,79.6,116.88,16.17,80.19,0
2462,2026-04-13 14:39:32,81.03,47.51,139.23,66.87,84.58,0
2463,2026-04-13 18:02:05,22.08,34.83,143.63,86.62,47.43,1
2464,2026-04-13 23:56:30,19.08,93.64,32.65,92.66,87.61,0
2465,2026-04-13 11:27:54,45.89,51.14,79.1,91.92,98.39,0
2466,2026-04-13 22:32:38,30.1,1.16,131.5,63.05,83.69,0
2467,2026-04-13 18:29:53,26.85,99.92,59.57,71.93,85.49,0
2468,2026-04-13 18:23:04,25.37,52.52,26.12,63.89,86.4,0
2469,2026-04-13 11:11:52,59.78,41.02,116.44,61.67,81.16,0
2470,2026-04-13 17:57:42,4.43,29.87,10.91,72.63,75.21,0
2471,2026-04-13 14:01:25,65.15,0.67,40.98,89.92,53.74,1
2472,2026-04-13 18:07:45,97.22,1.61,139.69,16.03,92.78,0
2473,2026-04-13 14:24:54,55.45,41.57,103.84,27.21,81.83,0
2474,2026-04-13 22:03:14,47.18,7.92,15.27,22.32,72.49,0
2475,2026-04-13 01:39:28,80.63,13.58,81.83,61.88,74.65,0
2476,2026-04-13 07:15:44,73.8,28.91,62.41,72.55,91.03,0
2477,2026-04-13 06:10:58,36.36,71.37,36.1,21.45,59.4,1
2478,2026-04-13 00:25:23,2.69,6.32,107.56,81.95,94.28,0
2479,2026-04-13 19:34:56,99.22,45.85,56.19,50.88,76.15,0
2480,2026-04-13 16:36:25,94.52,31.96,145.87,16.5,93.9,0
2481,2026-04-13 07:31:20,63.86,64.72,54.32,31.06,77.06,0
2482,2026-04-13 22:52:19,5.3,40.98,18.5,32.11,93.92,0
2483,2026-04-13 23:46:24,75.66,48.22,40.49,36.72,95.08,0
2484,2026-04-13 19:11:51,51.1,65.92,17.44,89.57,71.36,0
2485,2026-04-13 06:36:43,94.08,94.93,29.79,37.01,66.21,1
2486,2026-04-13 19:20:33,52.97,59.33,144.4,21.02,86.74,0
2487,2026-04-13 18:09:03,46.77,59.77,114.59,61.08,72.16,0
2488,2026-04-13 10:04:45,17.76,21.59,131.96,54.47,92.92,0
2489,2026-04-13 23:20:06,88.04,82.33,111.99,35.72,93.06,0
2490,2026-04-13 21:57:25,61.5,82.58,55.22,65.66,83.11,0
2491,2026-04-13 09:51:54,19.42,15.69,79.75,27.13,77.64,0
2492,2026-04-13 14:51:51,84.88,86.25,138.38,82.3,71.64,0
2493,2026-04-13 18:35:13,90.95,51.82,68.92,84.79,82.05,0
2494,2026-04-13 03:19:55,19.57,0.81,137.54,45.61,82.09,0
2495,2026-04-13 06:05:01,31.76,80.9,64.88,71.08,87.84,0
2496,2026-04-13 21:48:19,94.99,65.56,123.84,16.46,73.71,0
2497,2026-04-13 03:20:31,74.58,65.95,47.57,77.6,85.48,0
2498,2026-04-13 19:34:39,60.46,38.91,75.38,90.09,70.37,0
2499,2026-04-13 19:21:20,39.19,36.44,139.06,22.15,74.73,0
2500,2026-04-13 08:26:17,43.46,52.36,52.3,39.07,95.19,0
2501,2026-04-13 23:27:18,71.94,60.67,64.39,81.73,71.22,0
2502,2026-04-13 03:31:42,44.03,97.84,106.48,23.36,88.17,0
2503,2026-04-13 13:11:11,71.36,82.17,149.07,26.74,79.86,0
2504,2026-04-13 05:22:45,5.91,12.67,140.53,44.62,91.95,0
2505,2026-04-13 20:15:36,31.42,40.11,18.98,21.06,76.35,0
2506,2026-04-13 23:56:35,78.68,44.65,60.53,51.83,87.88,0
2507,2026-04-13 04:29:00,94.7,74.41,48.65,52.3,83.65,0
2508,2026-04-13 00:56:34,40.1,59.85,11.27,59.5,88.41,0
2509,2026-04-13 03:50:06,11.66,79.35,39.65,55.42,88.89,0
2510,2026-04-13 13:39:55,33.82,76.32,111.32,62.88,86.25,0
2511,2026-04-13 08:01:42,6.49,40.31,102.23,83.93,81.24,0
2512,2026-04-13 00:19:47,24.35,10.62,17.37,55.43,72.97,0
2513,2026-04-13 23:00:41,1.29,22.95,31.18,85.76,88.0,0
2514,2026-04-13 17:53:32,29.28,66.16,124.01,86.24,92.78,0
2515,2026-04-13 04:47:08,13.75,5.49,49.39,92.52,71.15,0
2516,2026-04-13 07:15:24,49.6,18.72,59.38,49.75,97.65,0
2517,2026-04-13 22:18:37,78.82,34.39,82.7,78.64,85.34,0
2518,2026-04-13 16:05:14,70.2,19.67,54.37,47.53,75.18,0
2519,2026-04-13 16:00:57,27.54,92.53,14.73,63.11,94.06,0
2520,2026-04-13 04:49:48,56.12,51.16,108.14,70.35,80.87,0
2521,2026-04-13 23:02:02,65.73,9.14,25.89,73.32,95.88,0
2522,2026-04-13 16:51:19,74.0,73.83,24.3,62.49,74.4,0
2523,2026-04-13 08:17:20,15.78,45.33,97.93,69.18,93.84,0
2524,2026-04-13 14:46:08,98.84,78.81,83.24,64.06,74.9,0
2525,2026-04-13 15:16:35,89.38,98.82,94.9,32.6,83.34,0
2526,2026-04-13 17:17:10,21.45,91.01,126.52,72.57,49.77,1
2527,2026-04-13 17:51:45,62.29,70.56,127.29,33.95,76.71,0
2528,2026-04-13 06:16:33,92.55,1.9,142.13,84.61,86.39,0
2529,2026-04-13 16:53:05,49.06,20.55,70.39,27.21,95.17,0
2530,2026-04-13 07:09:24,27.28,94.17,106.38,34.92,92.09,0
2531,2026-04-13 09:34:04,88.48,86.2,111.31,67.64,80.24,0
2532,2026-04-13 20:54:13,14.35,42.98,71.95,44.44,79.54,0
2533,2026-04-13 22:37:16,91.97,56.53,123.66,57.83,61.56,1
2534,2026-04-13 16:15:06,79.83,85.01,102.81,33.49,82.01,0
2535,2026-04-13 17:33:13,29.46,55.49,21.6,88.63,78.17,0
2536,2026-04-13 15:43:14,56.03,13.09,118.04,88.13,96.95,0
2537,2026-04-13 06:05:26,74.04,29.41,46.04,22.66,70.7,0
2538,2026-04-13 14:13:22,79.59,81.36,143.52,21.84,75.39,0
2539,2026-04-13 00:07:33,34.12,33.83,107.02,40.03,65.36,1
2540,2026-04-13 01:48:53,97.49,95.35,74.62,65.84,91.58,0
2541,2026-04-13 22:50:53,64.29,6.16,67.92,59.39,79.7,0
2542,2026-04-13 13:11:31,20.72,75.43,107.29,91.75,79.63,0
2543,2026-04-13 04:59:22,22.55,31.47,137.72,32.58,98.03,0
2544,2026-04-13 08:56:24,40.35,38.06,87.66,55.88,97.24,0
2545,2026-04-13 15:35:01,2.31,41.43,55.42,54.88,97.85,0
2546,2026-04-13 19:20:13,58.85,61.79,35.44,56.07,91.79,0
2547,2026-04-13 23:32:05,74.4,20.65,93.48,24.51,73.59,0
2548,2026-04-13 22:21:52,68.75,76.74,119.2,88.67,84.54,0
2549,2026-04-13 03:22:50,79.75,10.65,58.53,16.45,76.49,0
2550,2026-04-13 16:47:42,12.31,15.86,13.99,64.94,96.29,0
2551,2026-04-13 02:04:37,4.39,75.41,36.48,19.56,78.12,0
2552,2026-04-13 12:47:45,34.31,28.91,146.88,90.26,69.6,1
2553,2026-04-13 09:00:39,62.9,56.12,74.14,90.87,76.98,0
2554,2026-04-13 16:11:15,58.99,14.37,14.06,42.03,87.07,0
2555,2026-04-13 20:04:28,63.86,67.76,88.03,54.94,87.88,0
2556,2026-04-13 12:46:31,75.72,25.27,124.09,39.06,95.4,0
2557,2026-04-13 20:10:51,79.96,13.23,25.76,52.79,54.19,1
2558,2026-04-13 19:20:05,9.8,45.09,132.9,59.39,90.92,0
2559,2026-04-13 03:21:18,12.43,93.81,86.33,41.51,89.7,0
2560,2026-04-13 03:45:43,16.11,37.34,108.37,75.28,94.27,0
2561,2026-04-13 20:29:48,29.35,68.53,64.48,29.77,89.81,0
2562,2026-04-13 23:09:40,56.83,73.0,121.48,72.75,82.29,0
2563,2026-04-13 12:54:05,60.02,84.94,134.37,64.31,89.9,0
2564,2026-04-13 13:18:27,12.63,65.74,132.55,50.71,71.21,0
2565,2026-04-13 04:36:26,60.57,34.8,47.71,77.25,88.82,0
2566,2026-04-13 16:24:35,5.8,96.32,92.39,48.42,72.19,0
2567,2026-04-13 07:03:11,86.79,44.2,14.96,71.49,85.66,0
2568,2026-04-13 04:27:48,22.62,59.93,114.42,56.06,80.04,0
2569,2026-04-13 21:53:32,26.94,36.32,52.54,40.34,94.89,0
2570,2026-04-13 15:35:46,94.02,4.01,38.06,53.65,95.55,0
2571,2026-04-13 08:42:28,87.34,86.98,136.25,16.95,88.99,0
2572,2026-04-13 07:57:50,86.21,32.73,33.35,67.06,86.45,0
2573,2026-04-13 18:24:13,21.59,67.0,103.21,68.22,76.54,0
2574,2026-04-13 01:17:08,55.43,97.15,133.06,80.8,78.76,0
2575,2026-04-13 19:12:21,70.5,74.1,82.61,69.05,73.77,0
2576,2026-04-13 11:56:07,62.37,19.38,17.98,38.16,72.91,0
2577,2026-04-13 20:50:14,82.93,64.63,138.1,71.23,96.41,0
2578,2026-04-13 20:34:29,8.51,34.37,45.63,31.08,87.35,0
2579,2026-04-13 03:24:46,71.84,11.44,109.85,18.75,70.57,0
2580,2026-04-13 23:01:16,80.49,59.1,56.53,53.15,74.77,0
2581,2026-04-13 23:20:40,72.86,61.74,110.78,75.98,77.29,0
2582,2026-04-13 17:11:47,61.35,27.15,51.54,35.62,95.27,0
2583,2026-04-13 00:59:32,71.04,41.25,132.39,56.98,85.19,0
2584,2026-04-13 07:12:30,72.29,49.92,120.0,21.29,86.78,0
2585,2026-04-13 20:20:15,26.24,63.03,144.4,75.04,75.28,0
2586,2026-04-13 18:30:37,2.62,44.45,62.91,44.86,74.66,0
2587,2026-04-13 08:46:20,31.04,57.7,93.95,80.06,89.85,0
2588,2026-04-13 02:16:20,89.52,77.89,27.69,62.68,76.87,0
2589,2026-04-13 02:38:01,3.63,14.03,72.56,39.78,93.1,0
2590,2026-04-13 20:49:51,81.13,55.85,127.75,15.06,88.99,0
2591,2026-04-13 18:06:10,91.16,85.45,34.24,58.65,85.37,0
2592,2026-04-13 20:53:05,63.34,4.8,45.25,29.49,71.18,0
2593,2026-04-13 10:18:33,37.55,80.54,71.22,66.15,75.56,0
2594,2026-04-13 19:39:55,3.1,74.72,80.12,67.4,81.99,0
2595,2026-04-13 07:04:12,33.8,17.94,115.86,23.3,97.54,0
2596,2026-04-13 04:52:41,83.15,21.89,98.44,84.72,56.28,1
2597,2026-04-13 12:24:56,3.48,53.13,20.3,29.34,90.67,0
2598,2026-04-13 07:15:54,85.44,35.8,117.67,19.46,75.0,0
2599,2026-04-13 16:13:56,83.3,58.07,47.51,58.3,86.9,0
2600,2026-04-13 03:00:29,43.43,47.32,143.35,43.81,91.7,0
2601,2026-04-13 09:24:49,99.24,67.15,53.7,76.07,52.62,1
2602,2026-04-13 15:48:42,97.35,17.26,125.51,40.89,88.64,0
2603,2026-04-13 21:11:10,16.07,72.76,64.14,80.08,96.34,0
2604,2026-04-13 05:59:53,49.99,87.35,30.43,54.88,86.6,0
2605,2026-04-13 03:03:03,80.42,73.8,91.99,32.61,83.21,0
2606,2026-04-13 00:15:12,56.39,45.5,80.1,30.29,96.33,0
2607,2026-04-13 19:35:19,4.43,27.64,93.08,31.58,71.99,0
2608,2026-04-13 11:17:30,55.76,21.86,56.33,56.97,88.01,0
2609,2026-04-13 18:06:11,70.19,98.67,146.92,63.06,86.57,0
2610,2026-04-13 21:09:52,44.06,47.5,144.17,48.06,86.52,0
2611,2026-04-13 05:53:43,17.43,14.94,96.23,26.5,93.98,0
2612,2026-04-13 03:37:22,30.46,96.84,122.59,24.39,85.33,0
2613,2026-04-13 08:11:38,19.16,79.35,111.85,49.86,80.14,0
2614,2026-04-13 03:20:48,7.53,41.22,51.47,87.55,77.81,0
2615,2026-04-13 20:58:27,43.23,76.53,48.68,85.45,71.65,0
2616,2026-04-13 19:16:07,0.09,74.58,101.99,37.24,79.63,0
2617,2026-04-13 04:30:33,3.25,75.37,86.0,91.54,84.42,0
2618,2026-04-13 12:00:26,49.07,9.87,71.58,76.45,88.74,0
2619,2026-04-13 04:13:52,34.95,95.41,32.24,60.11,75.35,0
2620,2026-04-13 23:32:35,86.63,63.38,82.07,78.38,78.15,0
2621,2026-04-13 16:38:37,67.53,94.49,46.88,40.8,77.18,0
2622,2026-04-13 08:02:32,58.21,40.47,137.39,49.31,97.15,0
2623,2026-04-13 07:30:27,10.81,59.93,127.13,43.65,90.33,0
2624,2026-04-13 11:16:23,59.08,96.72,148.33,84.3,75.89,0
2625,2026-04-13 18:37:12,64.86,10.93,109.96,86.15,82.42,0
2626,2026-04-13 12:22:39,0.17,11.15,23.03,39.84,71.18,0
2627,2026-04-13 17:13:48,14.54,31.8,111.74,94.12,85.97,0
2628,2026-04-13 07:20:32,6.11,26.58,82.25,26.54,75.4,0
2629,2026-04-13 03:13:28,18.94,76.88,125.44,40.47,80.23,0
2630,2026-04-13 00:06:52,75.28,92.25,59.49,91.44,79.03,0
2631,2026-04-13 00:47:02,28.01,15.36,94.35,76.64,96.1,0
2632,2026-04-13 21:21:02,55.1,60.86,140.59,39.51,82.2,0
2633,2026-04-13 01:58:34,38.65,75.97,105.89,72.91,72.0,0
2634,2026-04-13 11:44:00,55.27,21.46,143.63,52.71,73.03,0
2635,2026-04-13 08:10:17,97.71,16.46,81.38,92.12,72.46,0
2636,2026-04-13 22:07:31,49.04,5.23,114.08,26.88,77.85,0
2637,2026-04-13 08:59:52,11.97,66.1,142.19,77.54,96.18,0
2638,2026-04-13 15:28:28,50.77,88.22,40.33,77.77,79.93,0
2639,2026-04-13 08:18:00,59.42,62.98,95.24,72.01,91.01,0
2640,2026-04-13 02:15:23,75.42,28.74,106.04,55.68,88.23,0
2641,2026-04-13 04:55:17,1.88,22.76,72.24,34.51,81.39,0
2642,2026-04-13 07:32:46,39.69,18.52,47.0,85.37,84.53,0
2643,2026-04-13 07:32:18,98.72,35.79,120.05,18.39,80.84,0
2644,2026-04-13 21:23:41,33.83,21.9,59.32,30.75,80.48,0
2645,2026-04-13 01:50:09,36.2,16.03,40.18,75.4,94.47,0
2646,2026-04-13 09:05:07,91.01,91.68,79.8,46.2,87.29,0
2647,2026-04-13 19:01:56,81.95,52.86,103.65,76.89,75.38,0
2648,2026-04-13 04:46:37,53.47,49.16,145.57,20.47,83.84,0
2649,2026-04-13 06:08:04,33.98,3.57,108.77,69.55,72.41,0
2650,2026-04-13 21:45:08,29.01,78.56,47.39,65.41,72.33,0
2651,2026-04-13 20:45:50,70.25,12.93,100.07,80.32,82.09,0
2652,2026-04-13 11:17:32,88.02,70.18,16.9,27.44,94.35,0
2653,2026-04-13 22:27:36,65.84,40.34,31.18,85.69,84.54,0
2654,2026-04-13 14:30:04,61.56,63.97,78.27,30.83,98.86,0
2655,2026-04-13 11:20:29,6.54,70.8,137.03,85.97,51.85,1
2656,2026-04-13 19:47:45,92.84,18.04,137.72,30.95,98.17,0
2657,2026-04-13 06:24:54,50.68,53.13,114.06,30.74,65.52,1
2658,2026-04-13 02:05:56,81.66,89.65,37.25,74.2,88.17,0
2659,2026-04-13 06:32:03,85.01,37.13,52.96,50.4,75.38,0
2660,2026-04-13 21:15:26,52.7,39.16,60.75,26.34,76.83,0
2661,2026-04-13 03:49:27,20.27,84.6,137.8,74.21,83.87,0
2662,2026-04-13 01:50:36,63.08,74.59,104.33,25.09,76.07,0
2663,2026-04-13 22:58:41,30.41,92.41,85.39,78.42,68.57,1
2664,2026-04-13 23:51:40,11.63,79.51,10.31,44.28,95.45,0
2665,2026-04-13 06:30:59,88.38,20.03,104.92,87.88,79.56,0
2666,2026-04-13 04:08:54,37.04,8.9,93.46,33.32,87.6,0
2667,2026-04-13 22:08:42,14.2,87.66,93.84,60.76,95.05,0
2668,2026-04-13 03:55:19,68.57,14.6,140.98,92.12,56.69,1
2669,2026-04-13 12:00:04,82.9,59.37,103.36,54.71,85.98,0
2670,2026-04-13 13:07:15,15.96,37.09,112.51,36.25,77.95,0
2671,2026-04-13 23:57:03,40.8,39.73,27.67,28.58,83.48,0
2672,2026-04-13 13:03:46,35.38,62.51,143.17,28.84,71.86,0
2673,2026-04-13 09:29:44,3.31,79.0,50.34,72.66,72.5,0
2674,2026-04-13 14:58:43,65.12,86.19,135.85,51.64,77.1,0
2675,2026-04-13 18:32:43,66.27,77.02,117.65,74.47,96.0,0
2676,2026-04-13 02:36:19,1.87,30.51,94.6,56.99,70.29,0
2677,2026-04-13 09:53:52,78.82,31.62,128.27,68.14,77.85,0
2678,2026-04-13 02:19:22,49.85,72.09,89.78,87.78,72.61,0
2679,2026-04-13 10:20:00,76.31,7.31,146.37,93.09,51.94,1
2680,2026-04-13 19:06:57,96.13,73.84,54.37,40.69,77.53,0
2681,2026-04-13 07:15:53,60.78,73.77,46.0,26.83,96.72,0
2682,2026-04-13 18:26:00,41.62,44.9,58.66,19.8,89.0,0
2683,2026-04-13 13:08:24,92.66,54.37,137.62,66.34,94.31,0
2684,2026-04-13 12:45:42,16.38,72.67,144.28,79.58,74.74,0
2685,2026-04-13 13:50:58,83.33,41.62,112.32,44.22,85.48,0
2686,2026-04-13 17:08:08,3.39,65.28,149.38,27.65,98.19,0
2687,2026-04-13 14:53:58,22.76,73.36,121.83,93.78,91.36,0
2688,2026-04-13 23:48:46,47.88,96.49,37.48,32.62,71.28,0
2689,2026-04-13 07:34:58,20.23,16.74,41.99,32.11,80.39,0
2690,2026-04-13 02:40:42,47.28,8.27,119.13,69.97,87.38,0
2691,2026-04-13 03:56:42,34.25,23.68,35.28,62.01,81.46,0
2692,2026-04-13 11:58:30,28.86,90.42,58.38,71.94,82.23,0
2693,2026-04-13 07:03:35,51.14,67.74,127.63,67.88,95.17,0
2694,2026-04-13 18:07:05,89.1,32.44,148.44,68.26,73.63,0
2695,2026-04-13 09:01:54,12.09,59.24,53.92,73.73,86.46,0
2696,2026-04-13 00:43:49,78.48,4.99,72.41,54.18,84.2,0
2697,2026-04-13 12:29:58,11.72,78.39,28.39,69.94,74.18,0
2698,2026-04-13 00:53:21,1.56,71.04,72.68,24.72,78.62,0
2699,2026-04-13 04:47:42,64.53,92.27,103.26,85.36,83.36,0
2700,2026-04-13 04:47:03,83.42,62.28,45.73,44.86,74.53,0
2701,2026-04-13 23:31:54,57.08,16.3,121.36,63.47,79.56,0
2702,2026-04-13 07:36:57,2.9,45.32,59.13,15.58,70.86,0
2703,2026-04-13 03:57:15,65.43,89.86,116.12,87.25,82.83,0
2704,2026-04-13 11:52:22,40.03,89.5,113.02,83.35,75.46,0
2705,2026-04-13 18:45:45,34.87,10.68,23.65,22.58,91.77,0
2706,2026-04-13 00:13:34,66.16,81.31,56.5,67.68,80.65,0
2707,2026-04-13 18:47:01,67.32,27.77,98.05,59.5,76.21,0
2708,2026-04-13 13:45:58,32.85,18.49,28.48,57.77,74.75,0
2709,2026-04-13 16:46:52,55.87,1.43,118.71,31.07,83.99,0
2710,2026-04-13 11:12:47,4.1,68.74,63.02,78.31,98.37,0
2711,2026-04-13 10:33:54,87.5,97.14,11.23,71.92,93.5,0
2712,2026-04-13 08:05:53,61.12,33.11,105.03,62.57,90.98,0
2713,2026-04-13 12:45:45,82.37,62.12,133.19,30.99,75.79,0
2714,2026-04-13 02:58:47,6.42,75.28,37.5,39.05,71.36,0
2715,2026-04-13 01:54:10,82.66,31.39,136.99,47.15,95.47,0
2716,2026-04-13 21:23:33,27.3,41.97,125.82,73.6,82.92,0
2717,2026-04-13 09:54:01,99.39,22.39,122.56,20.26,73.85,0
2718,2026-04-13 08:28:35,2.85,75.63,135.25,83.82,92.39,0
2719,2026-04-13 07:02:35,7.85,41.51,137.93,91.39,53.4,1
2720,2026-04-13 14:43:30,53.36,15.83,133.63,23.44,72.48,0
2721,2026-04-13 18:03:40,94.23,29.03,80.16,46.22,96.56,0
2722,2026-04-13 13:58:43,98.58,46.52,54.46,79.88,78.01,0
2723,2026-04-13 21:48:17,25.34,7.14,78.9,67.55,84.56,0
2724,2026-04-13 07:09:42,47.08,3.25,22.37,58.81,98.29,0
2725,2026-04-13 10:03:40,67.52,84.37,124.07,65.51,98.25,0
2726,2026-04-13 18:10:37,34.31,57.25,126.43,63.82,94.41,0
2727,2026-04-13 14:11:49,88.79,80.57,146.31,44.42,72.04,0
2728,2026-04-13 02:47:50,33.8,4.61,97.34,42.83,75.44,0
2729,2026-04-13 15:17:34,79.58,54.53,136.21,27.28,82.04,0
2730,2026-04-13 19:20:21,75.14,51.17,37.81,61.63,72.21,0
2731,2026-04-13 12:05:47,38.93,91.75,148.04,93.0,52.71,1
2732,2026-04-13 05:05:23,59.21,92.63,62.21,21.32,96.11,0
2733,2026-04-13 16:19:17,16.61,23.66,122.17,42.69,76.77,0
2734,2026-04-13 19:29:23,20.87,9.15,117.63,46.78,86.62,0
2735,2026-04-13 09:01:28,27.39,43.35,27.23,38.45,62.94,1
2736,2026-04-13 15:01:42,22.05,36.09,99.13,45.08,75.38,0
2737,2026-04-13 10:40:54,19.41,17.79,50.55,43.78,81.51,0
2738,2026-04-13 21:53:15,63.86,81.59,18.17,45.69,90.5,0
2739,2026-04-13 23:27:07,78.0,96.17,46.79,86.55,81.68,0
2740,2026-04-13 06:02:21,77.32,41.22,52.71,43.98,83.61,0
2741,2026-04-13 09:33:25,95.76,24.19,19.69,48.47,92.98,0
2742,2026-04-13 11:19:00,67.16,0.98,80.64,59.96,74.89,0
2743,2026-04-13 17:55:45,9.01,60.2,59.84,44.22,90.95,0
2744,2026-04-13 11:07:19,40.34,40.55,41.37,61.94,93.46,0
2745,2026-04-13 17:41:44,26.42,77.3,146.7,90.44,59.68,1
2746,2026-04-13 14:20:42,99.82,88.16,100.86,45.57,95.46,0
2747,2026-04-13 02:34:18,62.21,73.41,91.62,41.53,97.74,0
2748,2026-04-13 08:23:16,56.21,78.09,40.66,26.53,73.46,0
2749,2026-04-13 20:43:19,65.22,12.05,105.67,83.59,92.53,0
2750,2026-04-13 19:08:39,90.89,78.13,146.56,90.45,48.32,1
2751,2026-04-13 08:53:29,72.76,4.51,124.25,45.6,82.98,0
2752,2026-04-13 05:52:34,76.1,45.2,50.58,60.93,94.97,0
2753,2026-04-13 15:04:30,12.66,76.69,67.35,34.56,85.84,0
2754,2026-04-13 20:30:13,75.89,26.25,126.54,42.81,79.49,0
2755,2026-04-13 18:35:13,13.57,26.61,16.17,20.86,80.12,0
2756,2026-04-13 23:24:08,40.76,75.75,16.21,25.42,85.7,0
2757,2026-04-13 00:48:52,11.16,15.14,148.22,28.45,75.05,0
2758,2026-04-13 22:48:02,67.16,33.26,96.78,66.57,80.25,0
2759,2026-04-13 16:59:08,68.08,4.59,17.64,85.14,91.2,0
2760,2026-04-13 20:09:41,76.24,59.7,53.49,84.91,70.89,0
2761,2026-04-13 22:29:16,57.82,27.87,37.72,18.99,91.71,0
2762,2026-04-13 19:53:37,98.01,31.13,110.83,93.34,78.81,0
2763,2026-04-13 18:15:34,42.98,84.21,142.75,50.37,91.48,0
2764,2026-04-13 12:43:50,79.76,51.83,19.72,84.65,72.2,0
2765,2026-04-13 21:33:16,6.12,63.02,70.09,21.36,72.12,0
2766,2026-04-13 06:54:03,55.05,13.22,44.2,72.32,76.62,0
2767,2026-04-13 09:07:23,3.69,56.63,115.94,89.92,94.74,0
2768,2026-04-13 10:53:48,84.13,78.38,111.03,81.88,92.1,0
2769,2026-04-13 01:52:08,99.39,66.81,19.52,69.34,85.61,0
2770,2026-04-13 00:36:42,43.55,19.14,26.42,53.86,92.93,0
2771,2026-04-13 05:14:14,97.14,22.66,30.65,71.02,76.03,0
2772,2026-04-13 15:23:44,60.8,95.18,40.4,70.34,94.36,0
2773,2026-04-13 19:19:44,4.82,38.29,31.31,36.79,72.84,0
2774,2026-04-13 11:27:21,56.48,91.8,26.3,74.35,97.09,0
2775,2026-04-13 01:31:38,39.85,5.08,42.6,76.05,76.04,0
2776,2026-04-13 00:18:54,62.57,87.96,86.27,48.58,98.91,0
2777,2026-04-13 00:41:49,76.83,40.72,78.6,15.74,71.85,0
2778,2026-04-13 16:51:32,69.6,7.1,106.4,91.88,90.4,0
2779,2026-04-13 07:24:55,33.72,83.75,86.35,79.72,79.5,0
2780,2026-04-13 06:50:26,3.21,21.87,118.01,91.23,90.27,0
2781,2026-04-13 09:14:46,95.06,16.64,76.1,69.4,72.37,0
2782,2026-04-13 12:06:34,57.67,39.22,113.69,82.76,86.34,0
2783,2026-04-13 15:49:05,48.74,21.04,103.88,58.38,79.1,0
2784,2026-04-13 17:57:44,88.39,71.73,88.26,53.29,81.21,0
2785,2026-04-13 06:40:06,91.29,5.81,116.78,86.11,74.12,0
2786,2026-04-13 05:51:32,78.97,24.96,15.41,90.93,46.88,1
2787,2026-04-13 03:43:35,81.77,68.91,119.59,19.33,87.84,0
2788,2026-04-13 11:56:42,1.26,40.71,42.09,27.27,79.69,0
2789,2026-04-13 16:48:45,47.77,47.73,142.93,61.97,97.86,0
2790,2026-04-13 07:36:20,19.72,53.79,115.63,26.15,83.18,0
2791,2026-04-13 21:23:16,7.76,91.28,103.43,33.31,79.14,0
2792,2026-04-13 17:05:28,40.49,35.44,114.76,26.14,86.16,0
2793,2026-04-13 03:42:51,16.54,58.1,25.44,90.44,78.28,0
2794,2026-04-13 03:08:15,33.7,38.84,10.19,27.78,71.6,0
2795,2026-04-13 19:36:18,7.64,6.9,130.68,72.23,58.66,1
2796,2026-04-13 07:51:22,62.42,92.14,35.75,69.51,93.47,0
2797,2026-04-13 21:18:21,67.54,62.58,28.07,77.53,98.3,0
2798,2026-04-13 10:00:36,74.3,69.47,15.59,93.04,79.83,0
2799,2026-04-13 16:10:23,46.81,23.39,149.24,16.36,66.94,1
2800,2026-04-13 15:18:23,75.39,61.86,98.02,19.81,85.02,0
2801,2026-04-13 11:10:32,56.17,94.82,108.29,53.53,66.59,1
2802,2026-04-13 08:00:59,7.51,32.31,138.92,46.03,71.94,0
2803,2026-04-13 07:28:43,33.27,36.74,108.31,73.62,92.11,0
2804,2026-04-13 15:41:08,18.95,43.11,63.82,62.16,85.81,0
2805,2026-04-13 04:18:04,36.41,9.5,57.3,69.31,74.94,0
2806,2026-04-13 05:19:06,65.56,74.8,31.2,41.46,86.1,0
2807,2026-04-13 14:24:36,74.33,83.31,51.46,64.8,85.82,0
2808,2026-04-13 21:51:49,60.97,78.85,37.05,25.83,84.6,0
2809,2026-04-13 10:12:46,38.82,25.91,106.44,84.52,70.64,0
2810,2026-04-13 01:33:16,4.6,54.99,49.64,90.96,75.71,0
2811,2026-04-13 12:15:11,9.99,13.57,128.48,27.63,89.1,0
2812,2026-04-13 00:36:21,26.09,15.54,61.14,69.96,94.1,0
2813,2026-04-13 11:20:38,1.49,72.96,104.38,72.74,90.42,0
2814,2026-04-13 06:38:07,1.83,92.85,141.27,28.99,75.13,0
2815,2026-04-13 17:16:59,12.61,99.96,131.92,76.04,92.07,0
2816,2026-04-13 20:53:16,44.72,10.99,73.14,36.48,88.78,0
2817,2026-04-13 11:10:15,19.02,97.51,14.31,44.41,91.73,0
2818,2026-04-13 08:41:13,17.58,47.79,139.1,24.38,77.63,0
2819,2026-04-13 15:16:56,98.49,26.35,76.09,92.53,82.97,0
2820,2026-04-13 22:34:54,38.05,1.4,26.49,39.21,93.37,0
2821,2026-04-13 15:35:34,86.78,91.05,49.54,53.16,72.07,0
2822,2026-04-13 05:01:45,6.36,35.09,116.2,62.6,78.17,0
2823,2026-04-13 06:33:40,35.89,36.17,11.37,47.48,80.89,0
2824,2026-04-13 09:49:37,91.41,97.62,94.77,41.78,86.01,0
2825,2026-04-13 08:19:23,81.95,67.52,60.3,59.25,75.91,0
2826,2026-04-13 06:05:59,39.94,7.49,50.26,54.57,61.14,1
2827,2026-04-13 17:36:20,75.59,69.78,12.95,75.02,84.44,0
2828,2026-04-13 12:18:14,74.39,72.17,101.57,67.52,95.08,0
2829,2026-04-13 20:28:35,23.21,47.22,100.42,26.34,82.68,0
2830,2026-04-13 15:21:31,19.15,91.25,104.05,63.81,73.98,0
2831,2026-04-13 12:31:11,37.42,3.71,27.41,48.4,84.42,0
2832,2026-04-13 17:59:34,60.03,4.93,125.82,71.04,81.06,0
2833,2026-04-13 06:18:39,43.38,2.63,144.23,74.61,91.94,0
2834,2026-04-13 16:19:36,36.16,79.97,86.29,25.7,89.95,0
2835,2026-04-13 03:50:49,14.58,46.87,46.73,23.76,76.25,0
2836,2026-04-13 23:34:19,10.48,54.25,111.34,29.15,79.37,0
2837,2026-04-13 10:03:23,91.88,52.36,64.22,23.5,89.48,0
2838,2026-04-13 01:05:44,89.69,30.19,120.19,30.05,76.39,0
2839,2026-04-13 19:36:10,6.49,78.98,91.17,94.26,78.13,0
2840,2026-04-13 10:22:07,1.14,58.28,69.48,38.56,96.5,0
2841,2026-04-13 16:14:47,24.81,91.54,27.89,69.98,79.4,0
2842,2026-04-13 00:45:04,70.4,84.36,48.97,70.82,90.68,0
2843,2026-04-13 18:19:44,83.02,14.26,76.67,22.91,81.38,0
2844,2026-04-13 20:17:47,92.28,39.25,37.7,59.34,98.05,0
2845,2026-04-13 03:34:52,15.71,26.07,132.56,77.9,86.05,0
2846,2026-04-13 22:12:16,78.46,78.22,64.24,83.79,78.69,0
2847,2026-04-13 21:26:20,87.75,35.38,72.61,15.59,91.38,0
2848,2026-04-13 12:32:59,47.81,79.54,43.59,19.45,84.02,0
2849,2026-04-13 01:52:39,93.42,67.66,96.06,44.62,92.13,0
2850,2026-04-13 01:48:53,2.0,3.41,99.27,58.82,78.48,0
2851,2026-04-13 08:40:00,99.67,74.99,111.93,27.86,95.78,0
2852,2026-04-13 20:14:35,36.61,65.54,129.3,63.87,73.09,0
2853,2026-04-13 04:25:21,47.35,42.24,36.22,24.73,84.66,0
2854,2026-04-13 08:55:36,62.71,18.91,116.4,90.57,94.47,0
2855,2026-04-13 03:47:40,26.18,45.57,125.01,48.58,93.8,0
2856,2026-04-13 08:07:46,56.29,50.15,90.14,34.12,89.19,0
2857,2026-04-13 13:44:58,94.94,28.37,126.84,37.04,83.3,0
2858,2026-04-13 21:42:17,13.36,46.01,143.41,78.55,73.67,0
2859,2026-04-13 04:52:06,75.23,47.78,102.21,19.3,84.2,0
2860,2026-04-13 21:47:21,75.2,66.03,45.56,29.65,74.48,0
2861,2026-04-13 16:06:11,90.82,28.87,118.35,86.71,54.74,1
2862,2026-04-13 11:30:25,59.01,70.01,13.91,81.3,40.65,1
2863,2026-04-13 02:22:12,32.56,64.1,37.86,18.17,95.67,0
2864,2026-04-13 14:32:11,43.78,8.04,88.55,63.03,74.19,0
2865,2026-04-13 23:25:27,87.9,80.62,88.13,87.02,77.36,0
2866,2026-04-13 23:42:31,84.4,72.31,30.02,62.86,96.38,0
2867,2026-04-13 17:26:49,15.47,27.47,83.44,47.09,78.99,0
2868,2026-04-13 08:28:08,34.48,59.37,102.96,76.1,77.7,0
2869,2026-04-13 00:14:52,4.39,60.2,15.34,73.82,41.18,1
2870,2026-04-13 11:06:25,93.1,58.11,63.23,29.44,88.69,0
2871,2026-04-13 17:45:27,31.19,85.86,42.99,43.51,70.35,0
2872,2026-04-13 20:29:38,61.95,54.66,95.73,93.38,77.92,0
2873,2026-04-13 00:26:01,85.06,83.15,144.54,54.16,75.95,0
2874,2026-04-13 04:58:57,55.43,34.98,62.72,69.98,79.52,0
2875,2026-04-13 10:01:43,20.55,16.58,46.21,78.47,56.88,1
2876,2026-04-13 13:55:14,8.37,19.54,143.71,47.33,83.97,0
2877,2026-04-13 01:26:05,56.49,68.64,15.76,24.08,87.69,0
2878,2026-04-13 20:16:39,10.82,69.24,63.58,79.77,86.26,0
2879,2026-04-13 05:40:55,52.56,44.32,42.73,50.71,72.64,0
2880,2026-04-13 09:21:24,36.5,92.43,39.01,43.49,90.05,0
2881,2026-04-13 02:35:11,1.61,16.74,136.68,75.84,83.75,0
2882,2026-04-13 19:38:08,27.44,1.94,83.75,87.75,84.38,0
2883,2026-04-13 19:39:56,46.84,9.03,71.45,39.02,92.44,0
2884,2026-04-13 21:19:45,21.6,16.77,89.31,63.4,83.92,0
2885,2026-04-13 03:41:06,44.99,89.47,149.89,84.97,78.86,0
2886,2026-04-13 06:29:17,48.42,0.87,34.02,56.32,79.14,0
2887,2026-04-13 05:14:30,54.54,95.98,123.06,82.11,77.01,0
2888,2026-04-13 05:31:22,37.79,29.85,88.22,60.83,70.15,0
2889,2026-04-13 08:20:26,7.57,35.47,142.64,75.58,82.53,0
2890,2026-04-13 02:08:45,68.48,50.6,13.26,35.47,90.07,0
2891,2026-04-13 04:13:27,93.96,76.95,95.64,33.13,77.28,0
2892,2026-04-13 02:44:09,78.36,22.73,68.38,52.34,80.82,0
2893,2026-04-13 12:40:41,96.52,53.88,61.01,93.65,96.77,0
2894,2026-04-13 12:01:43,98.18,82.31,84.99,35.73,97.02,0
2895,2026-04-13 07:44:30,77.74,19.03,29.71,53.26,76.45,0
2896,2026-04-13 02:24:31,29.78,33.77,116.39,45.22,76.01,0
2897,2026-04-13 18:53:34,63.67,98.49,65.09,67.4,71.34,0
2898,2026-04-13 08:51:43,80.21,88.55,103.38,68.83,90.16,0
2899,2026-04-13 05:05:07,83.25,74.64,40.35,17.11,73.99,0
2900,2026-04-13 12:09:53,0.5,53.86,145.46,27.53,93.31,0
2901,2026-04-13 04:10:37,78.83,83.31,107.41,92.2,91.99,0
2902,2026-04-13 16:22:39,76.36,84.03,26.01,30.1,71.73,0
2903,2026-04-13 06:12:49,39.27,3.15,66.07,91.77,87.26,0
2904,2026-04-13 11:15:29,42.62,54.94,113.8,31.75,87.93,0
2905,2026-04-13 20:31:21,90.8,29.33,96.68,22.03,96.36,0
2906,2026-04-13 19:38:50,50.87,65.08,109.03,69.12,79.83,0
2907,2026-04-13 09:23:43,65.7,43.5,110.67,77.46,70.94,0
2908,2026-04-13 19:21:04,86.02,97.53,127.06,73.51,96.99,0
2909,2026-04-13 13:07:56,21.49,80.64,114.14,93.4,79.67,0
2910,2026-04-13 04:09:59,44.67,2.27,101.97,93.67,88.28,0
2911,2026-04-13 20:50:37,0.36,78.1,77.3,20.69,84.28,0
2912,2026-04-13 22:18:17,5.87,66.85,67.39,71.11,89.96,0
2913,2026-04-13 03:54:59,46.4,90.15,122.16,74.36,97.49,0
2914,2026-04-13 13:59:50,64.74,6.76,143.8,67.63,74.12,0
2915,2026-04-13 08:35:04,67.96,5.5,98.89,25.84,85.82,0
2916,2026-04-13 11:58:49,67.61,87.68,114.22,65.39,94.59,0
2917,2026-04-13 14:03:56,91.85,65.22,34.05,91.69,77.7,0
2918,2026-04-13 20:43:42,74.96,47.67,67.88,37.69,93.99,0
2919,2026-04-13 01:03:44,33.45,77.91,59.5,88.77,88.01,0
2920,2026-04-13 01:12:44,58.34,89.63,94.06,80.97,76.5,0
2921,2026-04-13 02:14:22,19.46,2.65,70.92,77.89,94.52,0
2922,2026-04-13 05:49:04,6.71,57.33,59.66,53.1,88.16,0
2923,2026-04-13 17:53:07,26.67,81.64,127.56,76.22,88.25,0
2924,2026-04-13 05:27:51,47.27,64.51,13.16,16.28,81.08,0
2925,2026-04-13 20:05:40,41.46,68.55,61.97,76.61,96.63,0
2926,2026-04-13 07:15:36,25.41,59.51,33.66,46.42,96.16,0
2927,2026-04-13 08:44:15,56.82,44.66,118.82,49.33,74.8,0
2928,2026-04-13 10:11:58,63.84,87.24,85.09,24.16,98.46,0
2929,2026-04-13 06:30:42,60.04,52.12,148.21,61.19,86.14,0
2930,2026-04-13 06:29:43,31.91,38.42,81.38,19.28,86.98,0
2931,2026-04-13 00:05:57,54.7,17.19,99.89,20.01,73.18,0
2932,2026-04-13 08:55:09,70.17,42.97,93.96,41.04,91.16,0
2933,2026-04-13 07:19:14,15.07,35.64,137.94,24.87,70.35,0
2934,2026-04-13 04:00:41,54.41,71.61,11.3,44.54,96.89,0
2935,2026-04-13 19:37:05,23.06,1.4,68.44,86.48,74.31,0
2936,2026-04-13 19:50:21,85.51,41.27,35.89,80.1,95.83,0
2937,2026-04-13 19:42:32,15.3,41.44,65.93,73.47,90.47,0
2938,2026-04-13 04:27:42,18.32,37.83,131.28,79.1,95.68,0
2939,2026-04-13 08:24:59,70.53,58.75,43.48,64.08,90.6,0
2940,2026-04-13 19:38:26,98.81,10.83,39.36,76.16,75.6,0
2941,2026-04-13 11:55:27,69.42,40.69,18.98,26.27,78.9,0
2942,2026-04-13 13:44:13,22.58,53.72,31.94,77.61,79.21,0
2943,2026-04-13 02:16:00,10.87,30.86,79.59,77.28,73.61,0
2944,2026-04-13 15:30:36,78.07,68.63,124.86,82.42,58.9,1
2945,2026-04-13 22:06:38,80.82,7.61,61.9,80.86,75.75,0
2946,2026-04-13 18:01:37,68.64,85.54,15.74,55.89,70.15,0
2947,2026-04-13 19:16:02,76.22,99.05,42.14,33.98,95.45,0
2948,2026-04-13 15:01:32,54.96,50.2,104.75,48.41,94.97,0
2949,2026-04-13 03:32:11,33.79,80.16,48.62,62.41,78.27,0
2950,2026-04-13 02:04:41,91.64,55.7,134.83,52.91,95.02,0
2951,2026-04-13 00:24:50,11.13,25.48,100.01,42.81,73.43,0
2952,2026-04-13 22:14:52,41.17,85.41,54.04,79.91,85.51,0
2953,2026-04-13 03:12:06,4.82,12.76,87.33,33.05,84.96,0
2954,2026-04-13 04:39:25,44.67,96.88,19.37,60.91,50.88,1
2955,2026-04-13 14:16:42,60.32,18.84,117.95,70.67,76.36,0
2956,2026-04-13 19:21:15,2.22,77.48,54.24,68.48,77.34,0
2957,2026-04-13 04:34:03,56.16,89.16,138.75,46.41,87.33,0
2958,2026-04-13 12:12:22,67.9,93.76,141.26,90.52,51.66,1
2959,2026-04-13 05:51:03,31.42,5.21,120.1,28.95,96.41,0
2960,2026-04-13 22:36:12,66.82,80.93,122.69,79.04,93.15,0
2961,2026-04-13 20:35:43,79.18,1.95,42.98,49.53,55.53,1
2962,2026-04-13 18:40:29,75.95,86.09,77.75,66.63,81.95,0
2963,2026-04-13 17:46:51,19.15,93.19,131.79,71.27,86.29,0
2964,2026-04-13 22:16:27,56.51,50.95,84.94,93.09,82.17,0
2965,2026-04-13 17:44:31,36.53,84.81,39.76,44.68,72.09,0
2966,2026-04-13 21:38:30,24.57,89.93,88.36,21.95,78.16,0
2967,2026-04-13 04:40:17,13.57,46.31,79.81,18.1,72.81,0
2968,2026-04-13 16:15:56,30.69,16.0,137.27,28.93,88.19,0
2969,2026-04-13 06:57:39,85.63,10.32,79.65,57.91,87.57,0
2970,2026-04-13 22:29:39,23.14,43.72,112.72,92.46,89.05,0
2971,2026-04-13 02:07:11,74.32,22.44,46.95,29.44,85.3,0
2972,2026-04-13 00:32:32,0.58,97.12,147.02,58.22,88.53,0
2973,2026-04-13 20:40:56,52.65,18.23,50.8,51.84,74.76,0
2974,2026-04-13 23:06:42,70.16,98.09,68.22,62.72,86.87,0
2975,2026-04-13 15:28:21,70.95,19.1,146.72,79.17,95.83,0
2976,2026-04-13 09:38:43,94.83,48.51,16.5,58.62,82.4,0
2977,2026-04-13 00:04:00,40.96,80.11,111.25,16.63,96.74,0
2978,2026-04-13 22:24:01,27.87,5.6,36.28,93.78,40.96,1
2979,2026-04-13 20:33:06,43.32,71.21,55.5,18.06,83.07,0
2980,2026-04-13 18:48:51,67.53,68.19,143.94,63.29,86.06,0
2981,2026-04-13 11:17:32,33.19,11.64,22.52,66.81,75.02,0
2982,2026-04-13 12:31:12,49.46,56.29,116.92,49.16,92.92,0
2983,2026-04-13 03:38:32,74.47,54.77,107.21,81.99,90.16,0
2984,2026-04-13 01:44:04,68.12,29.38,61.55,30.6,74.19,0
2985,2026-04-13 16:24:43,85.14,25.9,76.6,70.21,97.38,0
2986,2026-04-13 01:20:57,28.36,71.03,106.59,68.2,73.83,0
2987,2026-04-13 09:10:00,91.32,26.36,138.0,84.17,93.61,0
2988,2026-04-13 21:37:02,85.87,44.4,75.78,30.84,71.64,0
2989,2026-04-13 03:10:16,58.3,36.19,23.95,26.14,94.09,0
2990,2026-04-13 02:06:43,99.17,79.62,55.31,56.63,81.16,0
2991,2026-04-13 23:49:54,27.63,98.77,30.5,50.48,72.51,0
2992,2026-04-13 22:51:23,45.59,19.01,121.19,64.38,97.49,0
2993,2026-04-13 20:58:20,14.35,93.39,28.1,33.66,79.22,0
2994,2026-04-13 16:38:18,45.47,61.21,140.74,52.9,70.35,0
2995,2026-04-13 08:43:44,56.86,53.16,102.44,71.15,77.89,0
2996,2026-04-13 05:29:27,80.93,59.02,143.13,17.09,86.41,0
2997,2026-04-13 14:55:06,54.64,56.12,113.88,64.72,92.86,0
2998,2026-04-13 06:22:28,0.57,46.49,120.35,16.33,82.99,0
2999,2026-04-13 20:10:10,5.66,94.56,88.74,48.55,92.33,0
3000,2026-04-13 09:13:50,95.77,69.82,65.47,22.79,88.18,0
3001,2026-04-13 07:41:57,41.77,21.07,120.62,79.38,74.63,0
3002,2026-04-13 08:57:29,82.19,84.04,14.35,40.27,75.2,0
3003,2026-04-13 11:04:45,89.0,60.99,115.57,40.18,72.91,0
3004,2026-04-13 20:14:36,90.55,15.72,21.78,48.04,98.34,0
3005,2026-04-13 03:43:07,62.14,68.06,143.83,29.17,76.23,0
3006,2026-04-13 05:27:39,16.55,73.72,70.43,70.43,81.64,0
3007,2026-04-13 16:13:30,56.23,50.25,110.33,71.23,89.18,0
3008,2026-04-13 02:29:07,74.85,47.89,139.74,57.78,89.29,0
3009,2026-04-13 01:48:58,73.67,64.41,139.04,19.89,69.7,1
3010,2026-04-13 04:07:54,40.23,49.8,115.09,90.21,90.39,0
3011,2026-04-13 18:35:09,33.12,14.08,143.03,31.36,78.28,0
3012,2026-04-13 19:08:04,62.95,84.68,120.47,70.6,86.58,0
3013,2026-04-13 22:17:10,79.03,78.52,108.73,40.37,79.55,0
3014,2026-04-13 05:21:24,34.17,29.38,135.96,37.68,93.44,0
3015,2026-04-13 23:33:04,83.92,74.33,110.91,83.94,85.66,0
3016,2026-04-13 23:21:57,5.3,29.3,119.48,31.12,75.28,0
3017,2026-04-13 17:41:28,23.05,66.8,74.01,46.69,85.91,0
3018,2026-04-13 13:09:41,19.68,64.58,128.35,83.38,79.42,0
3019,2026-04-13 10:44:12,6.8,47.48,94.2,45.29,83.65,0
3020,2026-04-13 23:06:03,1.37,39.09,114.7,23.17,89.03,0
3021,2026-04-13 13:26:25,0.22,64.74,69.76,49.18,98.88,0
3022,2026-04-13 02:12:42,46.08,3.45,16.24,94.57,85.73,0
3023,2026-04-13 05:58:33,68.92,0.71,142.5,74.98,88.39,0
3024,2026-04-13 10:26:31,20.27,24.54,111.57,47.24,74.13,0
3025,2026-04-13 05:48:32,66.94,48.98,90.98,45.27,70.56,0
3026,2026-04-13 13:05:47,96.17,30.25,139.0,47.04,91.57,0
3027,2026-04-13 18:22:08,67.03,38.83,11.43,54.74,74.02,0
3028,2026-04-13 17:13:07,33.87,9.11,97.6,39.96,79.71,0
3029,2026-04-13 14:03:40,6.72,71.11,122.41,85.47,95.19,0
3030,2026-04-13 16:32:30,43.88,29.93,73.61,35.19,84.57,0
3031,2026-04-13 11:41:39,10.33,7.64,117.33,85.59,86.87,0
3032,2026-04-13 10:59:03,18.33,17.94,76.08,45.23,92.8,0
3033,2026-04-13 13:57:17,63.92,16.28,33.12,80.45,73.42,0
3034,2026-04-13 17:52:05,17.39,99.0,94.37,77.19,92.15,0
3035,2026-04-13 20:08:47,20.86,44.47,128.49,86.02,79.66,0
3036,2026-04-13 10:48:34,63.26,50.81,20.97,16.42,96.17,0
3037,2026-04-13 19:50:55,56.68,1.9,107.56,81.05,84.94,0
3038,2026-04-13 12:32:04,26.46,34.39,90.64,49.53,88.93,0
3039,2026-04-13 07:12:01,15.23,20.89,146.89,27.98,97.83,0
3040,2026-04-13 11:46:08,36.71,65.64,84.17,94.4,82.68,0
3041,2026-04-13 12:09:11,94.79,39.23,37.22,77.94,93.24,0
3042,2026-04-13 06:04:56,65.89,1.06,103.93,36.39,94.16,0
3043,2026-04-13 23:09:23,30.5,30.07,50.47,72.17,97.76,0
3044,2026-04-13 09:22:21,31.99,39.5,149.19,78.87,98.85,0
3045,2026-04-13 01:42:59,17.55,30.93,68.88,92.08,70.53,0
3046,2026-04-13 06:33:26,42.63,76.78,13.04,91.79,93.78,0
3047,2026-04-13 08:09:08,24.57,76.49,35.38,24.49,78.77,0
3048,2026-04-13 03:57:28,87.86,28.16,132.44,93.61,61.9,1
3049,2026-04-13 13:56:14,58.24,84.87,69.1,42.63,87.11,0
3050,2026-04-13 02:36:19,48.38,27.83,44.28,49.0,97.07,0
3051,2026-04-13 20:20:25,58.4,58.71,113.94,81.31,84.58,0
3052,2026-04-13 19:05:50,92.85,56.94,111.5,83.41,94.63,0
3053,2026-04-13 15:05:43,39.39,38.99,90.18,80.17,77.77,0
3054,2026-04-13 15:10:23,27.4,68.98,56.18,19.39,92.97,0
3055,2026-04-13 20:40:47,34.39,45.39,90.62,59.96,71.56,0
3056,2026-04-13 09:23:15,72.52,45.69,38.81,63.2,70.8,0
3057,2026-04-13 02:34:00,42.13,45.66,120.82,21.42,86.81,0
3058,2026-04-13 02:47:46,2.18,61.41,19.31,38.05,79.77,0
3059,2026-04-13 03:14:47,6.24,45.91,125.37,68.81,41.88,1
3060,2026-04-13 14:10:38,96.35,72.34,136.42,91.39,52.28,1
3061,2026-04-13 19:55:10,82.91,3.12,91.23,47.66,73.45,0
3062,2026-04-13 19:08:24,93.46,28.0,40.59,64.18,72.08,0
3063,2026-04-13 08:30:34,2.58,55.24,148.59,53.32,58.54,1
3064,2026-04-13 01:28:26,20.59,16.8,42.99,43.49,74.96,0
3065,2026-04-13 17:04:21,34.0,5.06,10.73,58.18,98.81,0
3066,2026-04-13 16:18:35,99.13,50.84,100.34,46.48,91.07,0
3067,2026-04-13 03:02:48,43.57,88.42,128.45,41.13,73.66,0
3068,2026-04-13 13:35:05,16.89,43.7,104.66,76.37,73.39,0
3069,2026-04-13 09:27:09,27.96,0.36,143.37,71.01,75.62,0
3070,2026-04-13 13:25:18,42.88,59.35,51.09,82.74,91.49,0
3071,2026-04-13 15:31:58,0.22,37.78,117.02,29.21,70.17,0
3072,2026-04-13 11:26:41,64.62,17.07,45.62,28.98,85.61,0
3073,2026-04-13 11:57:11,42.49,88.2,128.46,27.95,72.16,0
3074,2026-04-13 15:00:52,57.23,67.67,58.39,41.6,98.87,0
3075,2026-04-13 00:14:39,94.93,80.41,17.75,32.78,88.85,0
3076,2026-04-13 20:54:36,73.15,11.1,18.67,66.74,73.94,0
3077,2026-04-13 00:17:20,57.47,22.46,96.62,68.15,95.83,0
3078,2026-04-13 01:51:25,67.91,20.18,84.09,65.61,76.94,0
3079,2026-04-13 21:05:42,99.34,32.05,81.44,94.03,78.93,0
3080,2026-04-13 00:04:10,79.74,19.58,45.12,52.84,72.4,0
3081,2026-04-13 16:13:58,56.3,75.04,77.14,24.86,91.33,0
3082,2026-04-13 12:46:27,65.58,40.08,123.64,53.66,95.02,0
3083,2026-04-13 07:57:53,99.55,41.84,71.94,81.18,83.26,0
3084,2026-04-13 14:45:24,69.25,47.94,134.12,62.16,87.29,0
3085,2026-04-13 22:16:44,49.71,21.51,141.84,15.99,98.24,0
3086,2026-04-13 12:26:18,99.49,0.77,113.65,43.66,80.05,0
3087,2026-04-13 13:53:00,73.84,34.43,112.3,42.54,78.67,0
3088,2026-04-13 04:52:37,86.55,16.13,108.07,34.26,85.08,0
3089,2026-04-13 03:35:42,63.21,60.0,63.09,73.49,78.31,0
3090,2026-04-13 17:46:18,90.4,82.51,43.04,32.66,75.81,0
3091,2026-04-13 10:12:02,80.87,19.16,61.9,93.74,84.41,0
3092,2026-04-13 11:55:29,45.14,35.57,89.59,45.74,94.97,0
3093,2026-04-13 14:22:39,23.41,60.97,48.53,35.13,88.5,0
3094,2026-04-13 05:36:16,60.46,18.28,74.0,77.93,97.75,0
3095,2026-04-13 23:53:22,16.91,59.86,77.13,61.39,95.79,0
3096,2026-04-13 05:18:45,26.61,41.35,84.09,55.85,94.2,0
3097,2026-04-13 11:27:09,82.72,4.12,42.75,60.59,75.47,0
3098,2026-04-13 04:15:59,71.72,64.37,80.53,47.42,96.09,0
3099,2026-04-13 12:48:36,14.45,88.5,32.08,74.2,84.27,0
3100,2026-04-13 12:59:14,60.94,21.88,111.88,48.38,85.87,0
3101,2026-04-13 03:00:44,37.82,92.12,15.83,33.84,97.32,0
3102,2026-04-13 18:53:20,12.88,94.05,108.9,15.26,78.18,0
3103,2026-04-13 07:18:45,36.14,52.58,47.47,41.06,74.94,0
3104,2026-04-13 10:32:59,2.66,0.98,122.64,20.94,92.29,0
3105,2026-04-13 03:45:02,68.89,71.85,56.37,17.06,41.76,1
3106,2026-04-13 07:21:31,54.02,33.38,75.6,64.97,78.34,0
3107,2026-04-13 18:01:21,31.79,72.3,54.18,87.03,88.19,0
3108,2026-04-13 20:55:44,42.23,93.26,114.09,85.28,74.62,0
3109,2026-04-13 18:43:00,84.79,41.73,51.41,88.58,97.35,0
3110,2026-04-13 08:22:34,67.98,56.81,78.49,91.37,40.85,1
3111,2026-04-13 13:08:20,53.84,30.55,129.76,93.6,92.18,0
3112,2026-04-13 17:58:35,73.93,50.74,98.73,48.41,97.17,0
3113,2026-04-13 08:10:34,83.26,99.0,50.89,55.44,87.21,0
3114,2026-04-13 09:55:59,38.9,75.28,123.6,16.45,89.67,0
3115,2026-04-13 21:54:23,98.14,83.65,119.62,23.24,88.96,0
3116,2026-04-13 09:33:11,34.07,50.55,44.11,61.62,75.41,0
3117,2026-04-13 01:48:32,93.36,21.43,74.62,88.87,93.44,0
3118,2026-04-13 02:53:42,50.75,30.33,43.73,35.2,82.81,0
3119,2026-04-13 08:12:10,10.05,24.49,31.61,29.51,78.01,0
3120,2026-04-13 13:36:11,54.58,98.6,57.92,31.62,84.03,0
3121,2026-04-13 05:39:57,39.04,26.06,67.97,33.77,78.95,0
3122,2026-04-13 11:58:57,16.88,49.63,147.12,40.71,89.93,0
3123,2026-04-13 05:30:05,75.1,64.19,38.3,89.45,97.31,0
3124,2026-04-13 14:37:35,20.37,27.96,106.33,77.6,72.69,0
3125,2026-04-13 12:19:08,72.84,13.33,144.52,19.15,76.35,0
3126,2026-04-13 18:17:32,75.12,82.36,110.59,57.41,94.79,0
3127,2026-04-13 23:16:51,79.36,75.04,78.47,33.76,92.09,0
3128,2026-04-13 17:38:38,58.34,25.03,17.07,26.39,98.28,0
3129,2026-04-13 20:50:22,91.2,70.31,57.68,47.18,75.54,0
3130,2026-04-13 11:20:32,36.14,69.0,78.5,33.23,90.86,0
3131,2026-04-13 02:15:53,9.2,73.88,147.23,46.47,94.75,0
3132,2026-04-13 15:29:46,84.38,91.3,53.22,65.75,81.56,0
3133,2026-04-13 14:04:13,49.14,64.99,50.57,51.93,89.15,0
3134,2026-04-13 20:43:06,47.73,77.17,127.16,88.63,97.55,0
3135,2026-04-13 08:29:32,9.18,62.63,58.84,28.75,93.11,0
3136,2026-04-13 13:31:39,80.31,69.37,138.81,64.1,78.35,0
3137,2026-04-13 11:16:04,94.28,14.0,41.11,32.55,81.46,0
3138,2026-04-13 08:29:48,81.04,13.55,115.81,63.08,95.51,0
3139,2026-04-13 13:33:25,15.87,53.37,131.35,77.24,96.36,0
3140,2026-04-13 16:30:46,21.39,62.82,17.92,30.21,82.31,0
3141,2026-04-13 15:37:34,12.19,43.52,36.1,91.96,82.59,0
3142,2026-04-13 06:39:02,97.13,74.41,86.3,82.22,96.42,0
3143,2026-04-13 21:50:02,82.98,91.95,126.57,29.86,84.56,0
3144,2026-04-13 16:48:33,21.67,32.76,13.7,22.66,79.81,0
3145,2026-04-13 19:17:27,81.08,93.23,124.06,79.51,85.55,0
3146,2026-04-13 07:59:35,31.77,98.36,58.51,22.3,71.81,0
3147,2026-04-13 23:44:53,61.75,63.57,144.72,77.86,93.11,0
3148,2026-04-13 03:09:58,21.91,48.49,144.02,25.76,82.17,0
3149,2026-04-13 15:02:22,5.07,41.59,142.39,35.76,98.8,0
3150,2026-04-13 11:36:16,85.49,99.62,68.47,54.39,76.37,0
3151,2026-04-13 10:50:16,76.49,34.0,118.33,68.84,93.77,0
3152,2026-04-13 23:16:07,91.7,68.94,59.02,52.39,89.99,0
3153,2026-04-13 18:39:44,83.01,42.09,92.71,45.46,74.42,0
3154,2026-04-13 23:02:21,91.16,47.22,51.02,60.54,85.36,0
3155,2026-04-13 00:46:42,96.11,18.54,107.19,42.0,90.4,0
3156,2026-04-13 06:59:12,84.93,14.91,112.96,21.08,77.02,0
3157,2026-04-13 15:53:33,73.0,86.03,27.06,31.11,43.73,1
3158,2026-04-13 16:37:31,26.06,22.75,67.33,82.32,82.67,0
3159,2026-04-13 13:54:01,46.32,70.62,53.32,16.86,96.2,0
3160,2026-04-13 19:40:03,90.12,23.63,73.89,76.54,74.34,0
3161,2026-04-13 17:41:11,26.28,3.23,137.26,55.75,75.75,0
3162,2026-04-13 08:36:15,0.5,89.05,45.5,89.13,73.35,0
3163,2026-04-13 11:00:51,41.02,84.45,117.91,52.0,82.69,0
3164,2026-04-13 21:21:52,20.89,59.62,49.99,26.73,71.04,0
3165,2026-04-13 23:21:32,18.28,66.99,129.6,39.9,78.59,0
3166,2026-04-13 10:36:44,8.19,38.01,29.52,63.42,95.15,0
3167,2026-04-13 22:40:16,18.37,6.98,140.86,57.26,74.97,0
3168,2026-04-13 14:33:42,23.85,63.94,68.3,70.59,93.66,0
3169,2026-04-13 12:52:19,87.7,43.43,122.66,91.2,82.18,0
3170,2026-04-13 03:39:14,78.18,86.61,57.07,91.15,86.12,0
3171,2026-04-13 06:29:52,88.42,57.39,147.5,38.92,81.6,0
3172,2026-04-13 05:14:21,16.82,38.12,101.99,56.65,97.6,0
3173,2026-04-13 09:31:12,31.39,90.13,91.09,68.35,92.06,0
3174,2026-04-13 00:04:53,22.22,93.74,94.99,30.42,76.7,0
3175,2026-04-13 12:19:40,44.15,12.23,115.02,86.82,91.5,0
3176,2026-04-13 10:55:01,51.55,36.68,27.47,41.6,88.97,0
3177,2026-04-13 20:25:05,93.81,47.47,28.75,64.17,84.88,0
3178,2026-04-13 00:30:11,21.95,36.79,113.11,34.14,63.8,1
3179,2026-04-13 17:35:45,33.8,85.15,102.47,57.96,75.76,0
3180,2026-04-13 09:14:34,67.53,77.34,85.19,56.24,70.77,0
3181,2026-04-13 05:09:33,66.98,11.44,91.17,81.56,82.88,0
3182,2026-04-13 17:18:50,80.2,60.78,126.32,67.66,79.29,0
3183,2026-04-13 16:21:14,58.71,9.91,38.64,92.98,72.88,0
3184,2026-04-13 22:58:16,73.97,72.85,79.98,75.27,89.89,0
3185,2026-04-13 04:51:14,46.45,49.11,146.83,57.69,95.38,0
3186,2026-04-13 10:21:03,97.65,11.87,111.78,38.14,81.25,0
3187,2026-04-13 01:04:05,60.49,32.89,93.64,49.25,97.45,0
3188,2026-04-13 04:32:44,29.09,1.36,116.92,31.69,97.0,0
3189,2026-04-13 12:42:30,76.13,49.04,21.97,67.06,79.3,0
3190,2026-04-13 23:36:25,20.11,38.49,75.55,30.74,73.19,0
3191,2026-04-13 00:14:18,77.94,59.12,146.67,58.69,71.09,0
3192,2026-04-13 05:04:11,8.27,65.22,148.57,47.36,81.9,0
3193,2026-04-13 22:13:19,75.89,53.28,136.02,29.02,77.27,0
3194,2026-04-13 06:18:24,49.13,98.98,124.77,60.83,91.78,0
3195,2026-04-13 20:56:32,16.29,87.98,13.79,54.23,80.4,0
3196,2026-04-13 10:41:33,61.66,64.76,34.78,51.18,74.45,0
3197,2026-04-13 23:06:01,77.66,36.35,53.65,48.29,84.54,0
3198,2026-04-13 11:42:17,18.11,52.48,134.39,93.85,59.59,1
3199,2026-04-13 12:56:09,11.77,5.18,31.66,66.18,89.48,0
3200,2026-04-13 03:23:06,23.99,30.23,47.46,80.39,94.85,0
3201,2026-04-13 04:32:44,55.74,98.21,69.5,18.08,79.97,0
3202,2026-04-13 11:13:13,69.56,96.1,104.26,72.34,80.12,0
3203,2026-04-13 22:00:22,86.79,28.87,121.65,88.79,81.5,0
3204,2026-04-13 14:07:47,95.98,68.17,148.51,43.06,90.27,0
3205,2026-04-13 09:42:19,33.9,50.75,105.41,76.48,90.55,0
3206,2026-04-13 16:01:04,99.82,98.21,122.73,52.16,76.93,0
3207,2026-04-13 18:34:54,10.02,37.83,142.52,66.61,80.5,0
3208,2026-04-13 17:25:28,83.57,86.79,40.74,94.57,46.68,1
3209,2026-04-13 18:55:46,65.05,63.48,82.1,53.3,93.35,0
3210,2026-04-13 18:40:57,87.32,89.54,95.82,28.41,75.08,0
3211,2026-04-13 20:56:50,71.65,4.59,115.27,62.62,74.47,0
3212,2026-04-13 08:02:25,36.01,41.16,90.22,67.64,86.45,0
3213,2026-04-13 09:45:06,86.13,71.15,49.1,56.83,95.08,0
3214,2026-04-13 08:26:54,35.79,26.07,11.14,88.98,91.69,0
3215,2026-04-13 23:24:57,39.59,56.41,149.34,33.2,84.79,0
3216,2026-04-13 04:25:48,44.58,42.85,115.7,15.49,92.22,0
3217,2026-04-13 18:23:33,85.59,57.97,112.7,47.08,89.83,0
3218,2026-04-13 09:10:09,62.02,77.06,135.17,51.63,76.98,0
3219,2026-04-13 02:25:14,47.05,9.43,30.51,27.52,86.35,0
3220,2026-04-13 01:50:23,52.66,96.74,134.66,36.52,82.66,0
3221,2026-04-13 17:58:55,25.01,46.64,47.84,65.04,72.5,0
3222,2026-04-13 23:41:59,47.68,76.14,96.5,52.45,96.45,0
3223,2026-04-13 16:37:51,19.93,0.17,92.16,86.42,93.33,0
3224,2026-04-13 23:51:10,95.66,91.49,54.22,68.31,91.38,0
3225,2026-04-13 16:22:57,65.56,40.68,31.62,39.36,93.63,0
3226,2026-04-13 21:37:47,68.68,11.27,67.58,56.3,82.58,0
3227,2026-04-13 22:34:39,20.95,61.0,126.24,58.43,94.89,0
3228,2026-04-13 01:27:56,74.48,53.72,67.04,43.23,97.81,0
3229,2026-04-13 21:59:02,32.62,97.91,114.07,89.86,85.71,0
3230,2026-04-13 16:14:44,4.51,31.64,118.41,85.71,74.69,0
3231,2026-04-13 09:39:37,2.04,53.08,20.96,74.24,82.27,0
3232,2026-04-13 04:12:29,28.82,37.04,100.15,72.16,82.77,0
3233,2026-04-13 17:29:50,94.81,69.69,55.03,34.53,93.83,0
3234,2026-04-13 22:01:06,54.37,4.68,32.62,91.43,82.0,0
3235,2026-04-13 06:31:28,81.16,20.11,79.33,80.3,97.99,0
3236,2026-04-13 07:38:13,78.91,66.63,144.77,67.62,90.02,0
3237,2026-04-13 17:07:15,18.62,91.24,121.77,35.14,90.44,0
3238,2026-04-13 08:42:26,98.01,66.73,16.05,33.81,95.21,0
3239,2026-04-13 12:04:02,71.52,96.95,128.93,23.68,85.97,0
3240,2026-04-13 17:25:55,37.61,69.64,32.07,93.64,70.42,0
3241,2026-04-13 19:11:25,66.09,60.55,61.1,81.05,97.87,0
3242,2026-04-13 10:59:32,28.71,76.85,24.9,20.69,96.77,0
3243,2026-04-13 16:00:36,22.38,79.21,60.77,44.39,89.86,0
3244,2026-04-13 15:04:53,24.75,52.97,86.55,27.32,92.07,0
3245,2026-04-13 09:15:08,41.97,53.31,59.8,18.94,96.44,0
3246,2026-04-13 04:34:13,1.66,36.73,112.84,91.72,79.09,0
3247,2026-04-13 00:44:18,62.25,3.66,50.45,80.62,97.18,0
3248,2026-04-13 17:46:34,1.65,50.3,116.99,87.42,92.25,0
3249,2026-04-13 07:07:54,26.44,37.1,147.73,92.46,68.46,1
3250,2026-04-13 04:35:56,33.67,38.34,126.29,25.34,92.8,0
3251,2026-04-13 09:47:26,2.29,67.11,52.73,57.0,93.89,0
3252,2026-04-13 21:00:21,61.35,23.86,11.44,55.73,73.88,0
3253,2026-04-13 04:18:35,23.22,31.34,54.94,59.52,66.43,1
3254,2026-04-13 17:10:23,39.93,92.8,66.58,60.36,70.91,0
3255,2026-04-13 02:28:12,61.03,33.82,23.04,80.84,73.2,0
3256,2026-04-13 08:44:52,85.73,67.34,68.44,17.13,83.93,0
3257,2026-04-13 01:27:29,35.16,89.93,24.38,75.26,85.71,0
3258,2026-04-13 00:25:42,92.22,97.54,143.82,93.33,60.76,1
3259,2026-04-13 22:58:18,35.17,39.21,17.63,49.66,97.14,0
3260,2026-04-13 20:50:34,95.17,39.81,92.51,23.98,97.4,0
3261,2026-04-13 18:32:09,80.33,51.91,110.21,32.85,96.7,0
3262,2026-04-13 03:23:24,39.93,70.33,42.54,40.4,98.52,0
3263,2026-04-13 13:58:00,6.21,34.14,144.72,42.6,98.23,0
3264,2026-04-13 00:11:11,66.47,61.57,124.47,61.91,79.5,0
3265,2026-04-13 18:21:13,18.93,34.63,127.03,64.02,75.09,0
3266,2026-04-13 13:37:02,98.59,43.67,51.3,35.6,84.47,0
3267,2026-04-13 15:22:35,39.11,5.83,133.88,66.94,83.8,0
3268,2026-04-13 07:40:06,92.73,67.06,114.1,92.27,90.32,0
3269,2026-04-13 01:16:26,20.07,28.33,80.7,94.88,72.33,0
3270,2026-04-13 03:08:23,2.37,3.46,54.8,72.46,95.62,0
3271,2026-04-13 16:33:44,7.09,31.67,61.27,85.02,92.09,0
3272,2026-04-13 09:15:28,24.61,31.89,71.87,56.24,81.68,0
3273,2026-04-13 18:17:15,98.97,87.84,113.74,32.0,79.25,0
3274,2026-04-13 05:24:12,39.7,82.79,89.34,17.95,81.98,0
3275,2026-04-13 05:55:49,44.67,36.77,119.09,44.63,79.13,0
3276,2026-04-13 10:14:02,32.72,38.55,103.9,52.65,94.73,0
3277,2026-04-13 04:57:49,79.86,62.69,77.85,64.56,97.17,0
3278,2026-04-13 17:35:45,79.53,15.26,17.1,17.44,98.85,0
3279,2026-04-13 00:25:06,11.59,54.53,103.32,28.07,71.6,0
3280,2026-04-13 09:39:46,15.34,80.87,141.31,36.0,89.85,0
3281,2026-04-13 05:44:15,57.01,95.96,59.39,28.01,98.77,0
3282,2026-04-13 12:18:20,43.11,90.53,17.41,55.67,84.36,0
3283,2026-04-13 01:32:30,19.26,33.05,73.18,51.54,62.52,1
3284,2026-04-13 08:49:09,17.11,48.23,80.2,69.55,84.71,0
3285,2026-04-13 01:03:49,66.84,53.38,53.07,15.77,81.64,0
3286,2026-04-13 17:03:58,23.83,85.34,39.49,18.35,86.42,0
3287,2026-04-13 16:03:25,34.4,48.06,69.41,70.51,87.18,0
3288,2026-04-13 00:41:03,14.04,24.78,90.43,63.57,80.68,0
3289,2026-04-13 18:53:28,78.02,27.61,83.47,76.58,95.16,0
3290,2026-04-13 12:15:29,8.92,24.25,133.48,41.9,73.99,0
3291,2026-04-13 09:51:44,37.36,9.12,76.47,30.39,82.49,0
3292,2026-04-13 02:28:07,39.73,83.96,145.17,38.04,75.52,0
3293,2026-04-13 18:35:49,18.98,84.3,67.06,41.91,86.91,0
3294,2026-04-13 01:46:03,83.92,5.59,145.75,18.61,81.06,0
3295,2026-04-13 20:04:23,66.98,73.86,82.04,38.76,75.1,0
3296,2026-04-13 00:03:16,9.56,66.82,105.87,31.48,72.8,0
3297,2026-04-13 20:40:41,55.87,31.84,50.5,81.5,88.25,0
3298,2026-04-13 13:25:44,40.01,54.65,134.53,80.75,90.74,0
3299,2026-04-13 04:26:30,50.82,34.19,11.8,54.6,76.1,0
3300,2026-04-13 02:04:28,74.08,99.47,30.66,83.58,84.78,0
3301,2026-04-13 23:34:36,4.74,72.98,54.6,26.14,88.64,0
3302,2026-04-13 10:31:53,99.07,72.99,120.09,62.0,82.67,0
3303,2026-04-13 19:16:01,62.81,77.21,89.82,47.83,90.26,0
3304,2026-04-13 19:18:13,33.26,25.67,15.71,38.62,83.04,0
3305,2026-04-13 19:37:22,31.57,68.25,114.82,55.18,81.96,0
3306,2026-04-13 11:00:59,84.65,98.74,40.83,48.06,80.53,0
3307,2026-04-13 06:06:32,87.04,1.19,30.15,81.11,86.41,0
3308,2026-04-13 07:27:52,93.54,0.36,111.17,86.68,86.45,0
3309,2026-04-13 21:26:13,63.16,55.93,27.19,46.18,70.77,0
3310,2026-04-13 01:53:01,51.73,13.76,48.76,23.49,84.84,0
3311,2026-04-13 18:08:53,27.92,19.9,66.7,27.42,95.29,0
3312,2026-04-13 14:57:14,93.54,63.49,64.57,86.36,77.35,0
3313,2026-04-13 14:39:23,0.04,68.01,11.66,27.08,76.85,0
3314,2026-04-13 14:43:32,10.18,85.88,59.33,58.57,70.71,0
3315,2026-04-13 23:36:48,16.04,79.18,75.54,82.85,92.94,0
3316,2026-04-13 23:14:42,45.41,54.78,61.68,84.98,87.15,0
3317,2026-04-13 02:22:12,18.4,68.05,14.41,34.53,73.6,0
3318,2026-04-13 01:30:38,42.04,29.96,28.06,69.78,70.55,0
3319,2026-04-13 08:13:05,35.93,3.37,54.6,21.08,89.19,0
3320,2026-04-13 16:48:42,28.19,92.72,29.28,67.24,86.25,0
3321,2026-04-13 00:02:41,22.56,0.61,45.7,38.34,92.47,0
3322,2026-04-13 22:41:44,86.35,0.96,95.73,51.56,97.47,0
3323,2026-04-13 16:52:14,62.24,66.86,133.52,67.78,95.02,0
3324,2026-04-13 07:16:28,46.28,17.03,71.45,19.6,86.7,0
3325,2026-04-13 19:59:33,25.77,0.24,92.57,33.5,91.01,0
3326,2026-04-13 20:15:27,9.88,69.72,53.96,22.24,70.64,0
3327,2026-04-13 09:53:10,21.53,18.27,143.52,70.62,71.8,0
3328,2026-04-13 13:34:00,33.57,3.5,102.03,22.95,91.16,0
3329,2026-04-13 11:40:32,2.15,92.36,57.61,41.01,72.0,0
3330,2026-04-13 22:41:22,39.9,94.58,89.69,69.37,92.6,0
3331,2026-04-13 10:41:40,95.89,13.57,18.35,92.57,89.69,0
3332,2026-04-13 06:11:47,72.61,7.46,109.73,50.89,77.77,0
3333,2026-04-13 16:27:20,16.09,65.24,106.59,42.1,73.11,0
3334,2026-04-13 12:03:03,11.41,71.19,74.88,78.78,78.2,0
3335,2026-04-13 12:48:48,96.37,25.04,116.07,45.69,84.24,0
3336,2026-04-13 15:31:55,51.57,43.12,114.95,77.33,73.33,0
3337,2026-04-13 09:43:13,33.14,0.19,113.01,82.01,84.56,0
3338,2026-04-13 00:52:53,67.37,95.49,15.61,34.52,76.72,0
3339,2026-04-13 13:19:22,59.01,6.65,91.64,22.51,81.66,0
3340,2026-04-13 18:53:35,61.01,23.87,39.54,15.52,98.53,0
3341,2026-04-13 02:54:28,47.35,53.04,105.29,22.89,75.81,0
3342,2026-04-13 02:58:25,7.15,78.89,49.28,67.34,72.04,0
3343,2026-04-13 06:42:44,32.84,31.21,118.79,25.6,96.2,0
3344,2026-04-13 06:11:11,47.27,55.01,57.49,65.14,85.44,0
3345,2026-04-13 11:32:11,81.35,23.12,82.52,45.0,91.26,0
3346,2026-04-13 22:02:52,74.23,78.58,29.36,17.88,85.51,0
3347,2026-04-13 17:57:30,82.99,74.0,148.64,23.46,87.36,0
3348,2026-04-13 04:56:55,59.29,41.86,99.86,33.76,93.83,0
3349,2026-04-13 08:01:40,24.09,47.21,40.16,24.61,70.13,0
3350,2026-04-13 23:08:51,41.97,52.45,65.26,37.1,65.03,1
3351,2026-04-13 01:38:54,53.13,80.19,93.43,65.13,78.71,0
3352,2026-04-13 19:39:50,74.01,96.1,37.13,85.45,72.57,0
3353,2026-04-13 16:22:36,74.03,49.19,126.74,71.49,86.81,0
3354,2026-04-13 13:53:11,59.77,63.44,144.5,21.67,81.62,0
3355,2026-04-13 07:53:08,5.45,50.33,47.57,53.21,87.04,0
3356,2026-04-13 08:10:12,9.93,7.49,88.26,18.83,47.83,1
3357,2026-04-13 08:29:05,82.57,76.51,44.68,25.76,76.4,0
3358,2026-04-13 03:56:04,36.83,94.9,67.06,70.39,71.36,0
3359,2026-04-13 11:10:30,39.89,49.16,82.31,19.31,87.39,0
3360,2026-04-13 18:41:16,99.22,62.38,83.38,38.87,70.18,0
3361,2026-04-13 08:03:33,13.84,99.32,124.04,24.1,58.38,1
3362,2026-04-13 09:33:13,28.99,46.11,100.06,16.56,87.58,0
3363,2026-04-13 08:55:45,15.08,24.07,71.59,20.19,81.83,0
3364,2026-04-13 22:18:14,76.55,88.87,115.5,64.2,91.76,0
3365,2026-04-13 19:40:04,25.15,58.76,104.95,40.11,72.12,0
3366,2026-04-13 17:41:50,10.71,79.96,99.2,26.19,75.89,0
3367,2026-04-13 12:28:18,47.67,95.85,141.34,83.16,85.34,0
3368,2026-04-13 15:48:31,58.65,44.62,146.09,66.91,86.26,0
3369,2026-04-13 17:21:39,48.53,60.54,117.89,83.66,79.53,0
3370,2026-04-13 17:36:41,45.94,74.15,117.0,45.82,77.36,0
3371,2026-04-13 14:51:05,62.22,30.35,21.42,83.83,86.63,0
3372,2026-04-13 11:26:26,29.91,13.77,27.87,53.23,76.81,0
3373,2026-04-13 13:53:29,44.74,31.01,62.51,84.62,71.29,0
3374,2026-04-13 18:01:55,13.44,93.05,111.52,15.47,92.02,0
3375,2026-04-13 13:40:47,21.63,15.83,114.24,35.83,96.31,0
3376,2026-04-13 06:41:49,82.83,39.28,26.71,43.74,98.44,0
3377,2026-04-13 22:01:10,76.9,32.09,125.95,40.63,93.83,0
3378,2026-04-13 11:37:22,9.35,81.09,62.9,60.56,70.9,0
3379,2026-04-13 03:52:32,14.66,0.67,22.8,47.02,54.87,1
3380,2026-04-13 20:14:11,1.64,4.49,98.27,59.82,94.26,0
3381,2026-04-13 11:17:42,52.81,40.44,91.36,55.83,83.43,0
3382,2026-04-13 04:02:05,65.27,66.23,107.32,15.07,74.66,0
3383,2026-04-13 06:02:21,66.21,81.27,39.14,57.89,96.47,0
3384,2026-04-13 17:26:17,52.63,85.42,78.29,47.85,89.25,0
3385,2026-04-13 13:48:39,7.51,36.59,141.73,34.9,76.88,0
3386,2026-04-13 05:58:24,65.15,47.97,144.15,26.39,98.99,0
3387,2026-04-13 13:04:32,29.86,41.96,75.54,29.32,63.73,1
3388,2026-04-13 09:08:31,51.36,69.92,90.4,63.06,73.02,0
3389,2026-04-13 10:20:44,22.83,78.17,73.65,44.01,72.56,0
3390,2026-04-13 16:05:52,52.93,51.28,127.8,69.81,64.78,1
3391,2026-04-13 11:20:31,76.71,8.12,24.89,60.45,80.87,0
3392,2026-04-13 02:29:09,85.35,8.16,109.97,85.66,78.1,0
3393,2026-04-13 23:44:00,11.11,96.99,105.87,30.32,96.62,0
3394,2026-04-13 06:38:14,45.07,94.53,21.54,23.83,76.96,0
3395,2026-04-13 16:51:30,55.24,51.51,128.29,53.66,89.15,0
3396,2026-04-13 12:28:58,9.47,4.64,143.46,58.95,88.37,0
3397,2026-04-13 17:45:43,95.41,76.18,18.25,35.46,98.21,0
3398,2026-04-13 02:41:52,19.29,35.38,52.99,94.62,82.13,0
3399,2026-04-13 17:50:48,32.81,23.0,141.05,17.01,82.15,0
3400,2026-04-13 12:35:46,9.6,29.0,109.05,41.42,79.96,0
3401,2026-04-13 08:27:22,81.56,94.88,73.25,20.48,94.15,0
3402,2026-04-13 10:29:13,17.06,46.23,148.98,42.4,77.77,0
3403,2026-04-13 06:52:09,83.81,46.04,43.19,26.63,70.72,0
3404,2026-04-13 11:30:57,42.54,6.96,42.63,53.82,82.16,0
3405,2026-04-13 02:41:27,85.88,68.63,102.3,35.69,92.0,0
3406,2026-04-13 01:11:14,7.48,47.54,67.94,64.63,71.61,0
3407,2026-04-13 23:56:38,78.4,52.75,124.82,77.83,83.31,0
3408,2026-04-13 15:11:14,7.24,20.86,145.26,41.35,87.46,0
3409,2026-04-13 09:18:24,9.87,65.89,74.86,35.72,72.88,0
3410,2026-04-13 23:44:48,52.72,7.86,112.17,31.14,94.06,0
3411,2026-04-13 00:59:28,4.13,84.53,67.92,16.6,90.22,0
3412,2026-04-13 13:45:53,78.91,95.79,35.63,61.82,76.62,0
3413,2026-04-13 00:45:51,76.08,31.64,148.62,33.55,70.81,0
3414,2026-04-13 12:57:53,59.93,52.9,24.49,17.21,71.38,0
3415,2026-04-13 13:22:36,78.02,94.99,42.78,90.18,86.77,0
3416,2026-04-13 05:54:42,79.22,46.93,104.49,45.41,80.3,0
3417,2026-04-13 18:25:41,91.2,29.99,45.93,20.56,72.77,0
3418,2026-04-13 05:11:11,85.05,61.29,125.18,56.97,95.05,0
3419,2026-04-13 01:36:28,68.33,53.15,10.76,35.37,82.07,0
3420,2026-04-13 19:07:39,6.9,15.82,35.27,54.98,91.21,0
3421,2026-04-13 06:16:20,61.65,32.57,29.33,40.31,90.86,0
3422,2026-04-13 23:14:14,81.68,74.69,59.29,20.45,82.87,0
3423,2026-04-13 05:05:28,89.06,17.04,69.82,24.95,73.55,0
3424,2026-04-13 02:42:29,81.89,71.63,30.87,91.34,72.35,0
3425,2026-04-13 16:40:25,3.57,78.26,20.38,42.95,97.47,0
3426,2026-04-13 02:33:26,17.34,29.7,52.06,78.86,81.93,0
3427,2026-04-13 16:19:11,83.98,12.17,52.87,75.64,76.1,0
3428,2026-04-13 17:02:38,91.04,25.28,100.07,35.09,88.89,0
3429,2026-04-13 14:36:47,80.44,45.91,21.24,90.3,73.16,0
3430,2026-04-13 21:26:19,94.44,55.33,101.44,43.51,67.54,1
3431,2026-04-13 10:04:53,73.71,78.43,58.35,16.69,74.56,0
3432,2026-04-13 14:28:52,85.11,10.07,126.98,64.54,84.03,0
3433,2026-04-13 19:56:35,72.18,15.59,131.81,19.89,76.75,0
3434,2026-04-13 16:17:03,76.79,83.49,135.05,34.33,80.28,0
3435,2026-04-13 04:56:56,22.54,42.68,16.58,62.06,76.66,0
3436,2026-04-13 17:36:22,63.16,83.07,121.56,54.87,83.2,0
3437,2026-04-13 11:53:28,71.11,18.87,76.08,25.14,48.42,1
3438,2026-04-13 22:45:58,86.42,29.84,63.75,39.32,76.26,0
3439,2026-04-13 14:46:26,42.26,5.47,36.13,51.31,70.79,0
3440,2026-04-13 15:40:47,14.61,46.05,100.07,23.87,96.06,0
3441,2026-04-13 18:21:59,13.04,22.87,51.22,25.77,91.81,0
3442,2026-04-13 05:55:35,57.26,35.5,16.08,17.59,96.97,0
3443,2026-04-13 06:47:07,80.36,45.96,120.85,72.88,80.89,0
3444,2026-04-13 07:11:09,76.91,61.65,10.96,60.06,80.82,0
3445,2026-04-13 14:52:01,59.21,16.95,73.58,79.55,79.79,0
3446,2026-04-13 06:01:12,12.08,40.07,130.63,80.37,81.13,0
3447,2026-04-13 02:55:01,79.66,33.76,33.93,33.9,96.17,0
3448,2026-04-13 11:45:07,9.21,95.81,22.02,86.82,71.59,0
3449,2026-04-13 17:25:41,87.57,91.96,104.33,55.91,72.43,0
3450,2026-04-13 23:22:54,19.93,14.74,104.26,64.72,73.86,0
3451,2026-04-13 11:59:43,58.95,86.59,86.25,32.56,95.97,0
3452,2026-04-13 21:53:26,46.33,79.8,97.98,87.89,80.57,0
3453,2026-04-13 13:07:24,96.62,40.95,72.95,56.83,75.16,0
3454,2026-04-13 17:15:04,63.66,39.14,47.78,52.96,71.04,0
3455,2026-04-13 03:40:01,73.62,12.75,129.42,82.25,87.85,0
3456,2026-04-13 01:31:03,18.62,16.65,142.83,59.36,84.26,0
3457,2026-04-13 10:06:14,89.9,90.0,64.89,88.54,76.31,0
3458,2026-04-13 16:36:30,35.18,28.8,75.6,35.58,70.5,0
3459,2026-04-13 05:18:11,11.96,29.1,105.18,82.59,47.43,1
3460,2026-04-13 22:54:31,85.92,60.32,43.55,57.09,72.94,0
3461,2026-04-13 11:06:08,80.43,83.43,51.9,50.87,97.37,0
3462,2026-04-13 19:31:47,16.83,28.23,14.86,28.91,86.21,0
3463,2026-04-13 09:47:27,57.8,36.23,57.76,76.65,91.76,0
3464,2026-04-13 14:58:28,67.55,17.99,11.36,41.86,71.66,0
3465,2026-04-13 09:58:44,52.04,7.55,15.66,78.49,89.32,0
3466,2026-04-13 13:21:13,70.82,17.37,38.65,30.89,89.53,0
3467,2026-04-13 17:04:59,23.8,79.92,147.26,21.83,95.92,0
3468,2026-04-13 23:22:07,90.01,21.95,128.67,22.11,53.31,1
3469,2026-04-13 18:04:10,17.93,74.88,75.49,75.03,85.33,0
3470,2026-04-13 09:50:45,62.97,73.22,101.92,26.61,94.82,0
3471,2026-04-13 02:13:41,83.43,35.32,131.34,29.72,96.22,0
3472,2026-04-13 12:31:00,28.11,95.23,25.0,25.74,94.68,0
3473,2026-04-13 20:24:56,39.76,74.5,140.89,54.31,77.39,0
3474,2026-04-13 18:48:38,60.0,69.76,84.91,53.76,70.68,0
3475,2026-04-13 01:59:35,73.41,98.88,72.85,30.89,96.37,0
3476,2026-04-13 10:06:07,71.4,58.58,11.92,52.67,94.47,0
3477,2026-04-13 10:23:41,56.74,77.62,128.72,36.9,79.87,0
3478,2026-04-13 09:38:19,22.48,26.27,90.47,91.19,74.22,0
3479,2026-04-13 13:37:08,91.11,53.03,113.49,19.62,91.65,0
3480,2026-04-13 13:59:34,48.33,32.64,46.98,90.96,69.31,1
3481,2026-04-13 07:57:32,16.52,30.55,88.93,25.94,87.43,0
3482,2026-04-13 10:30:03,38.22,52.24,39.7,93.45,88.92,0
3483,2026-04-13 12:32:46,7.19,14.46,116.82,67.15,76.58,0
3484,2026-04-13 22:25:09,70.76,63.11,94.67,93.86,92.37,0
3485,2026-04-13 13:57:12,96.99,19.83,104.44,35.13,89.68,0
3486,2026-04-13 12:09:29,2.63,75.49,109.1,48.61,90.22,0
3487,2026-04-13 13:52:20,73.14,66.12,71.01,80.15,94.2,0
3488,2026-04-13 02:30:24,57.91,63.75,89.45,89.1,75.54,0
3489,2026-04-13 18:02:26,99.05,0.69,79.57,38.02,82.52,0
3490,2026-04-13 08:56:43,0.88,6.56,123.17,35.27,92.12,0
3491,2026-04-13 20:08:49,63.98,7.79,149.16,86.22,43.4,1
3492,2026-04-13 16:15:13,73.14,55.2,88.95,85.57,96.71,0
3493,2026-04-13 05:46:30,70.05,0.12,93.22,47.06,85.6,0
3494,2026-04-13 16:35:42,18.76,67.92,29.06,73.67,77.11,0
3495,2026-04-13 21:21:19,17.42,54.05,141.7,53.01,86.16,0
3496,2026-04-13 16:19:46,76.64,57.74,61.82,59.78,93.68,0
3497,2026-04-13 03:23:04,84.57,98.6,140.14,76.32,92.15,0
3498,2026-04-13 21:34:30,4.22,16.52,96.06,26.25,84.63,0
3499,2026-04-13 09:07:51,67.39,36.87,43.06,60.23,76.47,0
3500,2026-04-13 19:15:41,12.76,30.73,40.42,88.93,77.9,0
3501,2026-04-13 18:48:28,36.68,90.63,95.72,79.75,65.53,1
3502,2026-04-13 13:09:13,64.58,19.6,95.98,94.39,80.72,0
3503,2026-04-13 13:48:35,28.76,61.19,64.43,61.22,96.64,0
3504,2026-04-13 21:35:02,80.65,58.45,108.2,92.09,76.39,0
3505,2026-04-13 07:16:04,9.18,1.53,147.48,84.25,72.11,0
3506,2026-04-13 12:17:04,74.94,81.39,127.38,57.8,90.32,0
3507,2026-04-13 07:13:59,98.49,35.05,126.62,55.68,89.85,0
3508,2026-04-13 12:26:38,51.7,42.31,67.97,27.46,78.39,0
3509,2026-04-13 13:02:24,31.04,58.05,40.28,80.92,88.99,0
3510,2026-04-13 18:11:30,62.24,7.17,112.35,50.77,95.06,0
3511,2026-04-13 10:19:45,85.1,60.33,148.32,55.03,86.65,0
3512,2026-04-13 06:31:15,83.71,13.69,129.67,67.72,75.05,0
3513,2026-04-13 13:49:18,12.47,43.39,31.2,82.43,82.84,0
3514,2026-04-13 05:41:22,37.7,3.79,107.55,74.77,82.57,0
3515,2026-04-13 07:32:07,83.52,36.11,11.28,31.27,42.58,1
3516,2026-04-13 09:45:26,80.67,41.27,71.37,25.95,79.94,0
3517,2026-04-13 04:58:19,22.74,88.71,149.04,62.86,83.52,0
3518,2026-04-13 05:13:07,24.49,14.96,106.24,18.0,72.9,0
3519,2026-04-13 08:10:30,79.57,35.17,48.89,44.41,89.63,0
3520,2026-04-13 22:41:18,57.22,46.22,47.67,72.95,96.09,0
3521,2026-04-13 04:25:44,30.69,64.94,55.24,39.6,79.88,0
3522,2026-04-13 15:54:24,27.11,38.47,88.66,57.88,90.97,0
3523,2026-04-13 12:43:06,65.11,87.23,22.34,79.17,84.99,0
3524,2026-04-13 20:52:13,29.81,11.94,127.43,68.59,82.98,0
3525,2026-04-13 16:25:49,55.95,28.42,39.35,75.68,86.58,0
3526,2026-04-13 04:11:51,38.14,43.56,13.73,21.3,95.77,0
3527,2026-04-13 13:26:44,85.55,95.69,146.01,59.39,63.68,1
3528,2026-04-13 17:16:28,65.95,81.5,136.92,36.87,83.57,0
3529,2026-04-13 03:32:23,29.0,87.1,94.33,43.05,91.01,0
3530,2026-04-13 01:23:27,39.18,76.04,113.56,42.24,72.76,0
3531,2026-04-13 22:02:53,72.39,6.44,39.51,43.46,95.54,0
3532,2026-04-13 20:22:31,5.45,62.43,78.98,36.6,71.03,0
3533,2026-04-13 20:17:38,76.01,49.37,136.6,57.2,86.87,0
3534,2026-04-13 00:03:00,95.61,82.32,74.0,44.67,78.38,0
3535,2026-04-13 04:45:35,12.98,19.5,55.28,27.3,94.01,0
3536,2026-04-13 21:54:32,15.01,17.19,36.23,57.41,92.06,0
3537,2026-04-13 08:21:08,49.59,90.74,123.51,83.54,95.26,0
3538,2026-04-13 07:31:27,20.93,8.7,58.57,76.44,75.5,0
3539,2026-04-13 23:05:04,26.96,80.58,83.31,23.42,81.84,0
3540,2026-04-13 21:14:07,42.08,63.43,46.44,57.79,85.48,0
3541,2026-04-13 15:01:19,33.51,61.42,103.06,61.46,78.28,0
3542,2026-04-13 23:34:41,76.29,43.31,97.55,19.57,84.63,0
3543,2026-04-13 08:27:49,79.73,97.63,44.36,18.3,86.45,0
3544,2026-04-13 08:27:07,91.84,98.78,70.19,72.84,87.14,0
3545,2026-04-13 16:05:44,10.48,56.75,67.45,24.02,90.71,0
3546,2026-04-13 05:44:02,4.05,29.02,144.63,38.54,96.89,0
3547,2026-04-13 10:14:33,46.51,90.46,131.24,89.47,44.3,1
3548,2026-04-13 22:27:07,17.94,48.68,28.85,16.15,77.39,0
3549,2026-04-13 03:27:22,49.17,67.3,34.92,85.31,73.96,0
3550,2026-04-13 15:08:33,9.09,24.01,107.4,56.78,76.18,0
3551,2026-04-13 06:00:23,33.16,89.11,65.77,25.35,72.07,0
3552,2026-04-13 21:55:44,42.15,53.81,31.93,24.31,71.92,0
3553,2026-04-13 03:01:25,44.66,85.64,12.09,51.84,72.74,0
3554,2026-04-13 20:22:09,54.59,81.75,41.47,73.76,86.48,0
3555,2026-04-13 07:20:02,30.72,10.0,55.26,62.93,94.28,0
3556,2026-04-13 23:48:09,50.09,89.57,124.03,31.96,95.07,0
3557,2026-04-13 23:56:27,48.0,1.51,129.94,78.75,75.68,0
3558,2026-04-13 06:28:40,51.02,40.85,10.41,17.8,94.76,0
3559,2026-04-13 23:09:18,91.13,76.89,135.43,42.3,76.75,0
3560,2026-04-13 06:38:21,45.95,84.98,85.57,77.11,46.65,1
3561,2026-04-13 06:06:59,89.06,51.44,111.21,17.92,73.91,0
3562,2026-04-13 06:29:24,1.35,76.52,41.76,78.78,77.33,0
3563,2026-04-13 15:02:02,77.88,18.49,28.72,65.1,87.89,0
3564,2026-04-13 15:31:43,46.88,14.5,56.18,76.49,98.85,0
3565,2026-04-13 19:57:03,4.09,28.44,140.28,59.2,88.79,0
3566,2026-04-13 23:58:19,50.96,33.51,15.99,35.44,85.31,0
3567,2026-04-13 15:02:25,63.94,35.03,28.37,86.28,96.73,0
3568,2026-04-13 10:36:33,43.99,45.05,88.79,73.08,97.44,0
3569,2026-04-13 05:18:12,80.51,91.4,67.71,21.83,94.45,0
3570,2026-04-13 23:41:27,64.26,70.46,115.41,52.17,97.8,0
3571,2026-04-13 08:22:55,75.1,71.6,98.82,57.06,95.72,0
3572,2026-04-13 11:57:35,53.12,43.65,30.6,41.28,88.25,0
3573,2026-04-13 00:15:07,16.96,81.76,61.81,76.79,95.88,0
3574,2026-04-13 18:08:13,83.15,36.64,125.79,64.56,75.65,0
3575,2026-04-13 05:11:28,14.01,88.92,107.84,76.57,71.64,0
3576,2026-04-13 05:42:06,29.97,48.5,45.81,88.04,95.48,0
3577,2026-04-13 13:06:55,74.21,82.73,136.27,74.68,97.74,0
3578,2026-04-13 11:00:55,91.47,33.34,41.73,50.41,85.54,0
3579,2026-04-13 05:43:02,52.82,72.57,26.5,80.77,65.43,1
3580,2026-04-13 15:22:53,30.92,86.08,60.63,49.21,85.57,0
3581,2026-04-13 14:46:09,63.63,6.0,44.14,29.71,82.85,0
3582,2026-04-13 05:24:25,83.36,85.05,115.17,72.22,92.13,0
3583,2026-04-13 03:40:07,30.44,95.25,19.7,63.78,74.8,0
3584,2026-04-13 20:39:43,55.92,39.36,13.09,66.66,81.94,0
3585,2026-04-13 05:45:46,78.77,35.05,32.82,68.29,72.44,0
3586,2026-04-13 04:14:31,76.72,7.17,84.13,34.6,89.65,0
3587,2026-04-13 06:31:16,76.34,39.16,80.82,64.51,76.68,0
3588,2026-04-13 04:56:21,51.66,32.2,74.52,67.08,78.91,0
3589,2026-04-13 07:43:22,81.91,60.69,59.28,37.57,84.19,0
3590,2026-04-13 04:41:42,11.62,48.29,29.23,92.48,98.62,0
3591,2026-04-13 05:54:48,57.57,75.74,62.58,47.93,86.63,0
3592,2026-04-13 16:18:10,22.54,10.91,93.44,57.69,90.26,0
3593,2026-04-13 05:21:21,99.81,19.65,91.91,76.41,76.72,0
3594,2026-04-13 05:55:34,60.11,52.84,27.15,84.77,75.47,0
3595,2026-04-13 06:33:45,28.57,46.67,50.45,47.05,98.36,0
3596,2026-04-13 16:57:42,74.74,68.91,24.7,79.61,80.11,0
3597,2026-04-13 17:38:30,85.73,97.62,124.56,51.94,88.29,0
3598,2026-04-13 06:32:27,79.64,65.31,113.77,58.91,47.76,1
3599,2026-04-13 01:54:51,16.96,54.93,63.04,27.29,87.25,0
3600,2026-04-13 21:52:40,58.63,31.75,145.0,18.42,88.76,0
3601,2026-04-13 10:58:31,11.13,38.7,17.22,88.69,97.7,0
3602,2026-04-13 00:27:04,44.75,40.46,16.88,87.97,87.25,0
3603,2026-04-13 08:17:35,1.06,66.2,21.02,16.84,75.29,0
3604,2026-04-13 21:40:01,24.1,84.5,109.75,28.74,72.21,0
3605,2026-04-13 16:50:29,95.3,50.45,46.7,50.42,95.4,0
3606,2026-04-13 10:11:45,55.77,56.24,85.39,45.52,81.9,0
3607,2026-04-13 20:34:00,37.37,79.58,33.09,28.03,88.81,0
3608,2026-04-13 22:04:01,34.02,3.78,124.1,51.09,98.71,0
3609,2026-04-13 08:19:21,0.99,99.14,115.93,44.16,78.79,0
3610,2026-04-13 08:17:12,86.48,23.62,77.5,65.59,89.28,0
3611,2026-04-13 06:29:43,77.86,4.76,145.31,55.43,79.1,0
3612,2026-04-13 08:17:22,45.73,35.87,126.62,73.66,91.78,0
3613,2026-04-13 23:24:51,45.88,13.81,123.19,76.72,86.75,0
3614,2026-04-13 18:11:14,23.63,27.54,42.4,25.81,97.78,0
3615,2026-04-13 06:29:17,8.87,78.17,107.13,88.25,65.75,1
3616,2026-04-13 02:14:30,19.0,18.38,15.31,77.27,77.42,0
3617,2026-04-13 09:49:14,61.13,16.94,138.71,26.93,70.69,0
3618,2026-04-13 18:59:10,14.93,83.36,47.57,47.22,75.03,0
3619,2026-04-13 05:55:10,30.15,93.18,143.06,55.03,82.74,0
3620,2026-04-13 03:53:19,84.81,47.49,33.77,30.59,86.07,0
3621,2026-04-13 14:16:57,51.86,67.71,23.53,43.96,90.79,0
3622,2026-04-13 19:29:09,58.91,31.32,114.68,90.63,97.84,0
3623,2026-04-13 17:40:01,80.83,59.99,22.3,61.94,98.77,0
3624,2026-04-13 15:51:08,44.33,3.83,90.27,86.11,97.94,0
3625,2026-04-13 18:33:53,48.93,23.74,47.14,48.75,80.68,0
3626,2026-04-13 11:45:18,91.54,2.47,70.36,89.98,80.61,0
3627,2026-04-13 10:24:54,91.95,58.64,23.03,34.57,75.78,0
3628,2026-04-13 16:45:39,78.44,33.74,107.84,75.55,91.98,0
3629,2026-04-13 14:40:14,96.95,20.22,58.13,86.85,91.7,0
3630,2026-04-13 21:11:11,68.43,48.53,91.18,75.43,80.22,0
3631,2026-04-13 18:34:57,31.4,84.92,66.25,29.91,71.83,0
3632,2026-04-13 15:03:38,94.29,94.6,139.28,78.69,73.62,0
3633,2026-04-13 23:51:29,2.08,56.79,11.68,58.42,91.66,0
3634,2026-04-13 05:17:06,68.82,4.9,49.44,94.54,94.41,0
3635,2026-04-13 01:29:51,21.03,56.84,35.26,53.2,80.49,0
3636,2026-04-13 11:58:29,34.01,59.29,79.66,61.55,73.99,0
3637,2026-04-13 22:11:57,45.54,62.32,139.1,54.12,87.77,0
3638,2026-04-13 16:57:35,52.49,16.91,75.79,74.22,81.48,0
3639,2026-04-13 00:33:07,53.6,94.97,46.68,60.34,92.63,0
3640,2026-04-13 01:27:01,96.55,5.93,23.04,87.45,75.41,0
3641,2026-04-13 10:25:11,78.24,88.45,14.11,47.45,92.2,0
3642,2026-04-13 12:37:28,46.12,98.99,129.24,27.39,84.51,0
3643,2026-04-13 17:30:41,84.03,64.82,88.55,61.99,74.46,0
3644,2026-04-13 00:21:05,47.19,60.27,75.6,53.71,80.27,0
3645,2026-04-13 14:44:59,20.91,61.15,82.36,16.82,98.14,0
3646,2026-04-13 16:37:51,70.98,1.67,147.92,33.6,75.81,0
3647,2026-04-13 13:24:21,53.95,8.36,106.96,15.08,75.5,0
3648,2026-04-13 05:11:22,21.52,90.79,15.28,62.11,96.92,0
3649,2026-04-13 03:26:44,95.88,24.9,18.24,66.32,77.86,0
3650,2026-04-13 10:12:48,34.36,9.56,95.44,83.71,79.06,0
3651,2026-04-13 13:22:06,67.24,46.98,67.09,92.73,90.13,0
3652,2026-04-13 07:32:41,76.42,68.91,110.58,59.73,81.48,0
3653,2026-04-13 20:51:26,43.75,72.25,107.12,55.52,96.6,0
3654,2026-04-13 20:56:47,5.93,96.03,108.89,72.03,94.29,0
3655,2026-04-13 12:07:15,18.3,2.39,136.1,89.58,49.07,1
3656,2026-04-13 15:04:14,96.95,15.25,14.86,58.56,93.09,0
3657,2026-04-13 13:56:09,54.82,8.67,77.38,29.22,82.0,0
3658,2026-04-13 10:13:48,40.95,87.2,82.55,56.15,94.65,0
3659,2026-04-13 07:55:12,96.43,92.84,42.0,83.79,92.12,0
3660,2026-04-13 06:30:28,37.63,2.57,35.08,24.7,74.53,0
3661,2026-04-13 08:30:20,53.27,32.87,51.75,34.32,77.56,0
3662,2026-04-13 14:47:13,34.52,96.46,93.9,36.46,90.75,0
3663,2026-04-13 02:26:17,86.06,22.41,55.55,39.26,75.97,0
3664,2026-04-13 14:08:08,99.34,53.36,109.72,20.61,70.83,0
3665,2026-04-13 07:52:41,95.34,0.13,40.95,60.94,75.14,0
3666,2026-04-13 16:35:51,30.66,81.7,11.42,25.43,93.03,0
3667,2026-04-13 17:26:31,64.34,47.25,144.64,17.88,76.95,0
3668,2026-04-13 12:11:41,18.27,58.04,118.92,91.42,85.95,0
3669,2026-04-13 11:45:13,58.74,82.93,79.94,78.54,74.81,0
3670,2026-04-13 12:06:35,5.97,41.24,33.79,39.5,97.49,0
3671,2026-04-13 12:15:58,4.89,73.95,127.01,92.54,76.99,0
3672,2026-04-13 12:40:45,4.56,25.73,39.85,89.33,96.64,0
3673,2026-04-13 04:48:01,88.04,94.54,141.92,43.59,73.94,0
3674,2026-04-13 07:50:50,41.02,26.77,37.87,28.7,85.9,0
3675,2026-04-13 17:38:21,52.53,73.54,120.54,83.64,93.85,0
3676,2026-04-13 23:44:31,82.56,82.34,40.52,28.37,83.44,0
3677,2026-04-13 18:42:14,50.78,1.92,147.88,45.18,97.7,0
3678,2026-04-13 03:21:02,81.36,22.9,124.82,63.93,86.89,0
3679,2026-04-13 07:20:21,26.79,82.83,126.98,23.54,68.62,1
3680,2026-04-13 20:42:06,73.13,75.24,81.31,63.35,81.25,0
3681,2026-04-13 13:07:24,43.17,73.42,18.39,70.24,72.44,0
3682,2026-04-13 11:50:49,76.53,47.9,68.33,64.91,69.06,1
3683,2026-04-13 07:01:52,4.63,39.26,88.62,36.57,96.28,0
3684,2026-04-13 04:21:11,9.83,3.58,146.37,35.74,88.87,0
3685,2026-04-13 10:55:28,25.37,77.48,96.18,68.09,85.69,0
3686,2026-04-13 17:35:17,57.06,35.92,106.19,24.14,98.17,0
3687,2026-04-13 04:04:07,76.05,88.49,129.37,84.38,97.55,0
3688,2026-04-13 03:31:12,21.31,31.13,108.89,74.67,84.99,0
3689,2026-04-13 13:35:42,76.25,31.81,121.38,52.34,93.68,0
3690,2026-04-13 20:13:35,80.2,57.93,34.49,68.05,74.23,0
3691,2026-04-13 13:05:35,43.12,66.15,32.31,21.29,73.28,0
3692,2026-04-13 11:32:43,38.2,32.45,130.55,86.66,63.7,1
3693,2026-04-13 14:13:34,90.23,24.8,38.05,58.3,93.07,0
3694,2026-04-13 04:39:00,56.58,41.53,59.59,79.31,92.4,0
3695,2026-04-13 03:10:58,67.19,80.24,141.94,83.01,72.07,0
3696,2026-04-13 12:05:14,47.86,32.64,11.93,66.35,89.33,0
3697,2026-04-13 11:22:28,3.83,87.54,30.06,47.27,96.01,0
3698,2026-04-13 00:04:02,26.92,89.52,80.16,29.02,77.28,0
3699,2026-04-13 23:34:19,61.82,45.37,139.68,73.28,72.94,0
3700,2026-04-13 09:02:58,70.32,86.29,108.77,66.04,80.99,0
3701,2026-04-13 18:41:48,99.9,77.62,114.27,34.31,77.39,0
3702,2026-04-13 14:13:09,51.62,3.36,60.56,75.19,85.61,0
3703,2026-04-13 15:55:50,22.42,52.84,63.92,79.14,87.97,0
3704,2026-04-13 02:45:10,99.17,2.95,83.29,59.1,98.72,0
3705,2026-04-13 21:22:57,93.27,12.95,99.74,91.5,95.76,0
3706,2026-04-13 11:45:29,11.64,36.94,101.95,83.95,98.89,0
3707,2026-04-13 13:14:01,36.12,29.49,31.23,26.77,76.82,0
3708,2026-04-13 18:01:18,24.17,51.67,101.83,53.95,75.02,0
3709,2026-04-13 16:15:34,50.04,72.78,123.58,92.07,79.75,0
3710,2026-04-13 19:18:37,62.08,51.94,141.28,61.85,61.0,1
3711,2026-04-13 14:37:07,19.8,0.62,15.77,33.42,92.75,0
3712,2026-04-13 23:02:44,99.52,9.51,132.61,36.31,73.01,0
3713,2026-04-13 14:06:51,45.35,41.74,144.49,47.06,98.06,0
3714,2026-04-13 09:10:59,85.83,60.46,149.73,87.57,50.14,1
3715,2026-04-13 00:28:41,22.82,66.59,100.63,80.87,73.43,0
3716,2026-04-13 09:49:18,61.11,69.41,138.9,27.95,73.78,0
3717,2026-04-13 07:15:24,84.48,90.77,39.31,89.85,73.86,0
3718,2026-04-13 14:14:46,97.3,26.88,137.34,35.0,94.06,0
3719,2026-04-13 15:52:40,50.27,22.65,135.98,59.88,74.34,0
3720,2026-04-13 13:58:04,48.22,61.49,122.98,26.44,78.13,0
3721,2026-04-13 02:52:13,6.71,79.59,142.41,25.96,86.29,0
3722,2026-04-13 21:58:24,24.29,19.11,14.95,35.85,85.58,0
3723,2026-04-13 18:36:49,76.12,10.57,93.56,72.11,77.39,0
3724,2026-04-13 17:51:16,68.41,26.25,48.38,56.13,85.74,0
3725,2026-04-13 19:30:18,16.71,17.74,130.94,30.64,76.11,0
3726,2026-04-13 15:53:29,31.4,50.25,149.85,83.31,98.94,0
3727,2026-04-13 10:43:40,46.02,94.19,24.04,93.63,85.65,0
3728,2026-04-13 13:20:20,19.46,11.71,99.98,72.88,93.94,0
3729,2026-04-13 19:25:25,41.78,74.47,66.11,50.72,86.16,0
3730,2026-04-13 22:49:25,94.48,77.43,109.38,68.24,96.73,0
3731,2026-04-13 07:48:12,7.05,68.44,96.84,17.48,72.31,0
3732,2026-04-13 08:18:10,37.74,12.93,57.89,78.94,96.29,0
3733,2026-04-13 23:40:28,29.49,67.85,129.56,51.37,74.27,0
3734,2026-04-13 21:40:07,12.78,76.42,25.8,58.34,79.41,0
3735,2026-04-13 18:11:16,59.6,20.15,82.06,75.77,82.71,0
3736,2026-04-13 02:08:49,69.91,45.21,109.54,19.96,91.32,0
3737,2026-04-13 01:41:18,14.68,0.44,118.28,25.37,93.77,0
3738,2026-04-13 14:34:43,92.68,82.19,139.59,28.27,73.51,0
3739,2026-04-13 07:24:48,73.62,71.43,111.41,93.25,77.44,0
3740,2026-04-13 02:01:06,94.78,21.98,144.21,28.57,94.67,0
3741,2026-04-13 01:37:16,46.69,61.27,118.27,83.86,79.97,0
3742,2026-04-13 01:08:44,18.08,38.29,115.03,32.25,96.21,0
3743,2026-04-13 22:15:52,99.1,43.73,71.51,51.69,80.84,0
3744,2026-04-13 19:55:07,83.12,7.05,95.51,15.47,81.26,0
3745,2026-04-13 19:14:57,75.92,53.25,50.44,18.85,73.41,0
3746,2026-04-13 17:22:09,98.85,6.83,71.08,53.25,74.44,0
3747,2026-04-13 16:35:40,7.74,63.2,61.89,43.32,71.46,0
3748,2026-04-13 02:34:54,80.5,10.43,62.35,94.86,46.26,1
3749,2026-04-13 08:10:29,42.43,59.95,15.49,17.85,89.5,0
3750,2026-04-13 07:58:04,49.02,80.79,35.49,22.23,84.21,0
3751,2026-04-13 17:18:51,96.5,89.55,29.33,21.96,82.44,0
3752,2026-04-13 14:09:22,48.81,35.84,142.48,63.66,85.07,0
3753,2026-04-13 01:12:59,29.84,8.67,26.52,90.95,74.8,0
3754,2026-04-13 00:25:54,57.07,99.84,130.12,89.85,51.92,1
3755,2026-04-13 12:07:21,34.09,3.17,123.53,73.49,89.41,0
3756,2026-04-13 09:51:36,14.87,59.73,94.33,72.03,90.05,0
3757,2026-04-13 16:41:13,83.99,16.9,53.6,24.75,93.14,0
3758,2026-04-13 21:45:19,14.75,28.65,69.13,84.98,84.88,0
3759,2026-04-13 00:47:39,95.56,55.83,21.2,48.76,88.51,0
3760,2026-04-13 09:39:23,1.78,36.93,61.28,81.42,84.25,0
3761,2026-04-13 08:28:04,78.58,79.06,73.86,45.73,94.82,0
3762,2026-04-13 10:34:54,16.07,84.01,110.48,74.32,76.51,0
3763,2026-04-13 18:48:39,40.02,48.01,108.67,58.21,96.65,0
3764,2026-04-13 22:41:17,87.32,80.73,100.08,89.67,77.0,0
3765,2026-04-13 13:35:59,95.17,8.33,81.86,53.13,74.14,0
3766,2026-04-13 15:53:24,95.8,67.98,92.45,72.94,96.96,0
3767,2026-04-13 12:55:27,34.51,16.94,42.6,87.0,93.48,0
3768,2026-04-13 11:15:46,51.03,63.69,108.51,61.56,75.0,0
3769,2026-04-13 02:06:24,36.03,66.74,26.98,82.29,93.02,0
3770,2026-04-13 09:43:41,6.72,85.07,109.43,16.52,97.9,0
3771,2026-04-13 21:23:13,62.99,53.74,25.56,87.05,79.99,0
3772,2026-04-13 03:32:34,78.53,87.73,121.93,77.17,98.26,0
3773,2026-04-13 05:53:43,12.03,80.36,91.23,90.96,87.66,0
3774,2026-04-13 21:28:47,4.96,63.84,56.74,79.66,77.95,0
3775,2026-04-13 14:17:22,98.12,45.99,13.71,35.39,74.72,0
3776,2026-04-13 23:58:30,99.01,12.85,61.18,28.99,76.03,0
3777,2026-04-13 06:32:27,60.73,38.02,144.73,51.46,85.17,0
3778,2026-04-13 12:34:42,67.47,87.32,50.55,64.13,94.2,0
3779,2026-04-13 03:23:21,84.25,29.48,24.93,50.18,72.56,0
3780,2026-04-13 06:31:22,77.0,37.94,26.02,92.72,72.67,0
3781,2026-04-13 15:20:27,86.77,27.05,78.89,16.23,71.7,0
3782,2026-04-13 11:54:31,47.34,88.6,66.32,19.33,73.38,0
3783,2026-04-13 23:23:10,86.62,79.75,109.24,67.73,97.38,0
3784,2026-04-13 01:38:15,41.05,5.62,148.95,16.71,95.02,0
3785,2026-04-13 12:10:24,88.21,36.22,23.05,51.68,92.17,0
3786,2026-04-13 07:49:06,70.02,47.82,71.8,53.88,85.54,0
3787,2026-04-13 22:07:08,78.43,70.04,88.6,94.86,70.07,0
3788,2026-04-13 16:43:00,5.15,50.2,127.07,75.66,86.41,0
3789,2026-04-13 04:24:19,6.77,9.02,74.55,92.96,82.87,0
3790,2026-04-13 14:25:40,34.03,40.07,50.32,79.94,88.62,0
3791,2026-04-13 06:09:41,83.87,6.13,113.8,42.25,73.04,0
3792,2026-04-13 16:57:13,71.71,49.27,74.53,90.24,90.64,0
3793,2026-04-13 03:01:36,38.18,49.12,120.39,87.28,72.84,0
3794,2026-04-13 13:40:08,69.94,38.49,120.87,50.24,81.19,0
3795,2026-04-13 12:37:23,1.67,38.11,88.55,57.19,81.5,0
3796,2026-04-13 22:15:17,30.49,42.08,97.04,20.12,77.8,0
3797,2026-04-13 08:33:41,38.22,64.54,124.54,92.39,77.47,0
3798,2026-04-13 08:26:04,82.24,93.31,63.89,66.7,75.66,0
3799,2026-04-13 19:32:51,35.02,84.63,83.34,30.49,80.91,0
3800,2026-04-13 21:45:42,12.77,51.66,74.09,36.66,85.96,0
3801,2026-04-13 07:03:15,56.34,5.14,112.97,28.05,78.72,0
3802,2026-04-13 14:44:23,68.23,60.11,59.7,43.84,79.83,0
3803,2026-04-13 07:41:14,48.52,37.92,42.57,16.79,71.35,0
3804,2026-04-13 05:23:48,54.23,78.21,19.8,50.89,81.33,0
3805,2026-04-13 05:17:45,70.91,7.92,118.39,15.95,80.29,0
3806,2026-04-13 13:27:12,52.62,17.46,110.87,81.35,78.99,0
3807,2026-04-13 14:26:36,80.59,32.43,121.3,36.0,85.55,0
3808,2026-04-13 01:03:04,79.91,1.84,123.51,93.08,91.99,0
3809,2026-04-13 20:18:39,85.18,64.79,24.56,47.42,72.12,0
3810,2026-04-13 10:58:24,73.21,45.72,51.47,50.14,80.12,0
3811,2026-04-13 00:23:34,0.44,96.56,115.29,75.0,83.59,0
3812,2026-04-13 08:16:53,1.72,97.75,106.32,51.08,98.53,0
3813,2026-04-13 06:21:12,9.29,99.44,106.4,60.47,89.92,0
3814,2026-04-13 06:00:59,37.18,27.77,120.0,18.47,91.48,0
3815,2026-04-13 14:20:01,6.39,76.76,60.17,17.97,72.63,0
3816,2026-04-13 01:14:34,15.26,44.46,47.23,63.2,94.0,0
3817,2026-04-13 16:18:03,62.29,27.97,45.09,70.07,92.61,0
3818,2026-04-13 08:29:21,23.25,89.07,61.92,31.15,87.4,0
3819,2026-04-13 09:12:32,2.83,93.06,112.09,56.73,90.89,0
3820,2026-04-13 04:07:34,1.86,84.13,41.31,84.74,87.71,0
3821,2026-04-13 08:33:53,31.98,92.72,70.95,88.86,94.97,0
3822,2026-04-13 22:31:11,87.81,90.15,100.13,18.39,83.89,0
3823,2026-04-13 07:09:19,22.13,95.28,145.34,29.77,78.06,0
3824,2026-04-13 02:21:39,95.11,78.87,85.34,79.44,88.4,0
3825,2026-04-13 05:16:15,97.57,44.63,34.28,23.74,92.37,0
3826,2026-04-13 17:53:46,31.93,5.06,25.18,27.88,77.75,0
3827,2026-04-13 09:36:37,38.13,68.28,91.99,81.14,88.78,0
3828,2026-04-13 16:24:42,76.41,1.78,133.73,74.08,70.03,0
3829,2026-04-13 19:50:16,92.43,29.26,75.12,34.03,88.37,0
3830,2026-04-13 12:12:38,10.14,46.59,113.55,26.95,94.79,0
3831,2026-04-13 22:43:22,78.89,8.06,146.79,27.28,73.48,0
3832,2026-04-13 13:01:02,78.6,49.23,131.91,65.31,73.17,0
3833,2026-04-13 14:09:46,42.93,92.24,16.57,34.58,94.1,0
3834,2026-04-13 05:53:44,99.2,56.62,145.58,84.74,45.25,1
3835,2026-04-13 07:32:12,79.6,95.44,10.75,65.45,74.8,0
3836,2026-04-13 12:58:07,35.3,48.44,57.93,71.65,84.51,0
3837,2026-04-13 17:39:25,26.1,8.55,108.25,94.56,71.47,0
3838,2026-04-13 01:29:01,91.24,98.2,76.64,27.01,74.44,0
3839,2026-04-13 04:27:20,58.36,24.59,66.45,46.77,98.23,0
3840,2026-04-13 14:36:25,23.08,37.35,27.04,46.05,84.3,0
3841,2026-04-13 16:21:45,55.69,84.28,128.32,17.72,77.6,0
3842,2026-04-13 09:52:33,92.08,12.68,75.34,87.85,79.83,0
3843,2026-04-13 01:12:14,85.22,75.21,128.0,79.27,80.72,0
3844,2026-04-13 09:21:39,91.79,32.91,120.14,29.02,95.55,0
3845,2026-04-13 12:58:14,35.94,62.99,138.07,42.63,90.23,0
3846,2026-04-13 09:01:07,82.02,54.51,114.91,41.23,89.63,0
3847,2026-04-13 15:36:26,65.67,2.36,72.73,28.59,75.23,0
3848,2026-04-13 05:24:57,46.95,53.91,20.37,30.19,89.1,0
3849,2026-04-13 10:26:51,50.8,97.9,33.12,27.93,90.13,0
3850,2026-04-13 10:06:52,72.5,63.58,69.58,39.36,40.05,1
3851,2026-04-13 15:29:31,41.3,94.26,94.35,86.37,83.62,0
3852,2026-04-13 10:54:16,32.01,20.44,19.98,44.75,77.73,0
3853,2026-04-13 04:31:39,11.42,78.27,53.91,69.27,68.85,1
3854,2026-04-13 04:58:51,92.95,78.28,125.01,80.68,76.98,0
3855,2026-04-13 07:07:29,93.5,45.81,44.68,67.12,91.86,0
3856,2026-04-13 07:53:25,6.61,59.0,48.65,87.3,77.0,0
3857,2026-04-13 11:36:11,42.52,26.58,134.84,70.13,73.82,0
3858,2026-04-13 12:09:11,65.18,51.18,72.49,80.63,81.27,0
3859,2026-04-13 23:48:24,95.78,39.8,149.09,73.6,98.45,0
3860,2026-04-13 16:34:35,85.95,56.4,66.65,90.41,76.45,0
3861,2026-04-13 13:26:33,93.54,39.37,33.56,71.41,78.2,0
3862,2026-04-13 12:34:44,74.58,19.88,115.9,55.25,81.15,0
3863,2026-04-13 18:58:04,25.13,95.37,136.12,86.57,66.26,1
3864,2026-04-13 10:24:45,97.82,81.85,112.34,58.29,90.35,0
3865,2026-04-13 15:13:12,34.82,91.24,73.4,23.47,84.38,0
3866,2026-04-13 21:43:41,10.42,32.69,93.09,56.16,85.73,0
3867,2026-04-13 17:54:34,30.61,37.09,45.21,49.54,94.97,0
3868,2026-04-13 16:05:29,88.41,82.72,19.26,82.03,87.25,0
3869,2026-04-13 17:18:08,88.98,1.41,96.78,18.71,92.84,0
3870,2026-04-13 09:53:34,66.63,28.11,114.3,53.83,55.98,1
3871,2026-04-13 09:44:40,86.48,18.31,81.47,77.18,85.29,0
3872,2026-04-13 07:26:57,38.97,56.32,101.12,44.99,94.73,0
3873,2026-04-13 12:44:40,81.39,81.24,147.15,40.66,72.42,0
3874,2026-04-13 16:31:59,90.96,39.35,138.27,67.31,82.52,0
3875,2026-04-13 14:09:10,94.75,15.11,82.84,78.85,91.46,0
3876,2026-04-13 21:52:50,29.75,10.17,40.21,81.32,93.27,0
3877,2026-04-13 14:07:22,27.05,48.67,37.06,78.43,70.42,0
3878,2026-04-13 01:56:41,43.84,10.3,141.85,30.74,86.65,0
3879,2026-04-13 01:13:54,97.05,94.37,27.67,26.34,81.51,0
3880,2026-04-13 00:27:15,79.24,60.21,19.16,56.56,95.79,0
3881,2026-04-13 09:20:11,84.43,61.51,20.72,26.84,75.24,0
3882,2026-04-13 21:41:22,30.73,22.9,15.13,29.64,74.62,0
3883,2026-04-13 07:19:10,72.98,87.95,67.51,83.99,79.86,0
3884,2026-04-13 08:24:29,30.78,69.79,73.61,54.35,83.62,0
3885,2026-04-13 16:09:06,33.02,83.21,110.32,32.03,87.03,0
3886,2026-04-13 23:09:25,71.27,90.97,47.98,56.6,75.75,0
3887,2026-04-13 03:01:56,83.86,47.02,35.31,68.28,79.54,0
3888,2026-04-13 16:49:23,1.59,39.62,133.36,65.54,96.79,0
3889,2026-04-13 15:07:23,88.17,42.82,80.88,57.66,78.54,0
3890,2026-04-13 03:02:21,30.39,46.16,119.07,79.59,74.28,0
3891,2026-04-13 15:17:54,23.12,14.13,120.2,62.54,83.57,0
3892,2026-04-13 02:14:49,67.76,91.43,50.61,67.56,90.71,0
3893,2026-04-13 06:58:24,42.46,33.75,136.75,35.63,84.17,0
3894,2026-04-13 09:28:12,65.95,30.27,107.59,31.73,72.38,0
3895,2026-04-13 16:27:03,44.1,9.76,136.65,31.88,81.51,0
3896,2026-04-13 09:38:36,6.51,63.86,33.77,39.59,93.87,0
3897,2026-04-13 16:29:38,81.92,97.6,62.45,87.34,90.48,0
3898,2026-04-13 01:43:12,35.75,10.49,134.83,42.03,72.73,0
3899,2026-04-13 18:31:27,8.39,2.82,119.8,39.17,83.07,0
3900,2026-04-13 20:48:05,72.0,10.65,93.79,22.99,98.53,0
3901,2026-04-13 23:40:08,94.44,90.95,10.43,31.11,78.31,0
3902,2026-04-13 05:02:28,81.57,35.38,18.55,82.63,82.59,0
3903,2026-04-13 11:42:14,54.58,59.19,108.4,82.43,85.38,0
3904,2026-04-13 15:37:53,17.43,61.18,132.86,21.41,70.2,0
3905,2026-04-13 13:48:53,2.86,0.19,122.19,38.12,84.78,0
3906,2026-04-13 08:16:53,38.89,20.05,118.46,60.41,84.64,0
3907,2026-04-13 06:12:44,95.14,87.4,134.74,61.74,74.06,0
3908,2026-04-13 11:11:12,34.12,61.37,80.96,85.82,94.43,0
3909,2026-04-13 12:04:36,68.63,55.71,36.54,31.53,91.43,0
3910,2026-04-13 18:54:15,22.95,47.27,95.32,34.56,84.92,0
3911,2026-04-13 09:53:18,27.05,62.68,11.05,69.7,75.04,0
3912,2026-04-13 10:28:57,28.41,15.48,64.71,30.7,97.71,0
3913,2026-04-13 18:00:02,93.18,58.48,132.53,48.95,92.01,0
3914,2026-04-13 23:59:34,42.29,23.41,13.5,23.64,87.15,0
3915,2026-04-13 20:00:14,13.0,43.25,111.16,35.86,93.18,0
3916,2026-04-13 20:12:45,22.73,28.6,145.88,48.38,73.33,0
3917,2026-04-13 15:07:46,43.96,15.63,55.81,28.85,92.91,0
3918,2026-04-13 03:16:22,54.01,32.71,81.29,47.57,80.13,0
3919,2026-04-13 17:19:31,19.74,41.38,72.46,52.94,88.85,0
3920,2026-04-13 07:42:49,0.18,62.79,25.44,48.89,95.51,0
3921,2026-04-13 09:31:18,31.4,90.8,115.55,58.33,88.4,0
3922,2026-04-13 23:01:38,68.0,5.21,74.33,58.04,57.26,1
3923,2026-04-13 04:55:09,9.37,39.51,95.27,70.35,90.11,0
3924,2026-04-13 12:24:15,41.05,75.87,71.8,55.25,77.18,0
3925,2026-04-13 12:13:48,19.21,39.76,39.55,68.27,71.48,0
3926,2026-04-13 04:42:48,86.89,22.7,66.2,30.75,82.51,0
3927,2026-04-13 07:37:19,56.79,35.27,55.28,80.26,72.71,0
3928,2026-04-13 02:45:57,28.97,62.53,38.45,37.56,43.45,1
3929,2026-04-13 03:54:35,51.73,24.84,27.03,83.39,96.33,0
3930,2026-04-13 12:44:27,93.77,54.07,29.95,40.22,97.55,0
3931,2026-04-13 13:38:58,91.08,69.26,121.76,60.22,90.06,0
3932,2026-04-13 04:10:26,12.53,89.46,45.03,83.75,85.81,0
3933,2026-04-13 09:24:45,75.8,50.14,93.18,74.97,83.1,0
3934,2026-04-13 19:15:07,78.13,24.02,67.9,44.91,43.29,1
3935,2026-04-13 14:39:15,65.93,58.08,32.96,21.8,73.51,0
3936,2026-04-13 07:12:13,62.99,81.55,44.59,43.94,86.05,0
3937,2026-04-13 16:50:35,50.73,5.84,119.66,43.24,96.37,0
3938,2026-04-13 17:34:12,8.84,94.99,120.44,16.41,94.12,0
3939,2026-04-13 13:25:26,6.04,24.04,32.09,87.82,94.99,0
3940,2026-04-13 19:45:25,42.93,26.06,48.33,55.17,92.44,0
3941,2026-04-13 17:22:09,98.55,7.37,144.75,81.35,70.8,0
3942,2026-04-13 07:58:04,9.61,60.05,82.68,30.58,71.16,0
3943,2026-04-13 21:39:14,54.78,49.58,46.72,63.85,88.86,0
3944,2026-04-13 16:54:15,62.26,56.52,149.16,16.59,96.21,0
3945,2026-04-13 06:41:44,72.91,62.73,106.07,40.54,76.3,0
3946,2026-04-13 18:52:10,22.98,71.55,144.46,17.03,47.32,1
3947,2026-04-13 10:35:14,10.55,28.65,21.49,60.57,71.78,0
3948,2026-04-13 23:58:23,28.99,35.25,104.46,26.66,94.17,0
3949,2026-04-13 06:18:32,25.83,83.73,130.89,22.57,81.95,0
3950,2026-04-13 04:03:27,99.56,1.98,141.7,94.11,48.47,1
3951,2026-04-13 03:37:09,13.87,99.22,70.8,22.73,75.53,0
3952,2026-04-13 03:03:25,48.26,87.97,116.25,33.11,94.38,0
3953,2026-04-13 23:48:04,99.28,38.14,104.94,81.11,82.15,0
3954,2026-04-13 06:38:19,57.32,89.96,98.96,78.09,80.73,0
3955,2026-04-13 23:19:51,64.05,11.83,120.48,55.23,98.67,0
3956,2026-04-13 01:20:39,5.87,67.18,141.07,39.07,76.01,0
3957,2026-04-13 08:31:53,23.03,42.42,87.93,81.83,82.77,0
3958,2026-04-13 06:36:33,98.46,46.0,149.29,54.31,71.92,0
3959,2026-04-13 14:07:23,47.66,8.71,32.4,64.14,87.58,0
3960,2026-04-13 23:03:10,83.44,68.29,44.21,94.06,94.29,0
3961,2026-04-13 22:43:45,84.16,68.41,92.45,27.44,76.2,0
3962,2026-04-13 07:39:41,50.8,72.98,24.83,50.44,75.75,0
3963,2026-04-13 23:10:28,32.61,35.6,34.33,20.44,96.81,0
3964,2026-04-13 19:49:41,24.8,33.65,63.11,39.75,83.47,0
3965,2026-04-13 07:30:15,13.53,24.7,19.76,77.71,94.81,0
3966,2026-04-13 08:03:52,97.05,17.11,84.49,20.56,91.91,0
3967,2026-04-13 09:22:41,45.15,91.29,120.08,32.33,84.43,0
3968,2026-04-13 00:03:02,96.12,50.04,121.5,77.3,76.68,0
3969,2026-04-13 00:04:35,85.01,53.15,72.47,82.41,74.25,0
3970,2026-04-13 10:40:00,9.68,95.57,102.45,82.47,96.65,0
3971,2026-04-13 12:41:53,88.02,82.08,34.63,43.91,76.73,0
3972,2026-04-13 10:34:56,53.96,34.47,132.89,79.82,78.28,0
3973,2026-04-13 23:16:33,98.2,38.73,26.09,75.36,81.31,0
3974,2026-04-13 20:33:34,65.57,69.31,126.69,27.73,70.01,0
3975,2026-04-13 21:59:57,0.19,32.44,122.87,89.42,84.85,0
3976,2026-04-13 00:27:06,1.63,36.09,22.53,39.23,88.31,0
3977,2026-04-13 21:25:10,56.77,31.35,15.64,60.26,97.54,0
3978,2026-04-13 07:10:07,23.99,14.03,109.16,17.82,77.36,0
3979,2026-04-13 19:20:40,73.66,54.13,29.74,59.16,87.7,0
3980,2026-04-13 03:07:53,48.29,88.06,142.67,18.06,74.48,0
3981,2026-04-13 04:13:19,50.13,39.07,61.56,42.98,70.23,0
3982,2026-04-13 13:35:45,6.85,35.49,20.41,66.58,93.64,0
3983,2026-04-13 18:47:26,97.92,70.39,145.62,86.43,68.94,1
3984,2026-04-13 02:34:37,47.7,55.63,51.58,65.4,77.47,0
3985,2026-04-13 09:13:37,51.99,80.47,140.78,79.25,76.99,0
3986,2026-04-13 16:13:15,27.48,32.91,91.4,88.69,73.44,0
3987,2026-04-13 09:00:19,40.59,17.1,94.93,66.31,84.04,0
3988,2026-04-13 09:47:10,41.71,0.71,139.58,36.26,94.74,0
3989,2026-04-13 15:38:38,81.87,22.28,108.24,84.69,83.95,0
3990,2026-04-13 04:37:16,96.03,17.13,146.1,62.14,98.48,0
3991,2026-04-13 05:02:33,91.9,63.39,47.6,44.36,77.53,0
3992,2026-04-13 07:01:22,36.38,29.99,33.0,46.89,95.78,0
3993,2026-04-13 13:04:22,57.08,82.08,86.59,87.3,94.55,0
3994,2026-04-13 10:09:51,72.96,72.48,110.7,58.03,86.68,0
3995,2026-04-13 05:38:09,38.07,3.33,107.81,49.29,92.06,0
3996,2026-04-13 11:04:26,58.89,93.87,109.19,25.41,82.6,0
3997,2026-04-13 12:43:27,99.33,10.29,11.27,40.47,85.02,0
3998,2026-04-13 03:33:21,70.66,39.17,69.39,81.01,93.71,0
3999,2026-04-13 23:05:06,43.31,73.62,21.59,64.86,92.07,0
4000,2026-04-13 05:59:50,37.19,13.02,76.71,59.54,75.97,0
4001,2026-04-13 12:23:25,42.44,25.53,68.78,51.84,95.48,0
4002,2026-04-13 01:12:53,28.37,27.02,40.9,48.23,75.94,0
4003,2026-04-13 18:20:42,33.43,0.3,45.34,51.14,86.54,0
4004,2026-04-13 06:16:38,89.64,38.14,89.99,38.78,80.98,0
4005,2026-04-13 13:59:00,20.76,51.77,38.28,16.7,92.88,0
4006,2026-04-13 13:57:33,0.1,61.16,26.33,94.56,79.77,0
4007,2026-04-13 21:17:31,50.22,58.1,25.88,69.55,76.98,0
4008,2026-04-13 18:54:12,84.89,74.57,97.06,75.54,78.72,0
4009,2026-04-13 06:47:48,13.43,54.3,101.31,71.79,98.09,0
4010,2026-04-13 16:47:00,1.04,80.58,54.76,33.43,85.68,0
4011,2026-04-13 13:15:04,82.61,12.54,126.47,16.78,76.0,0
4012,2026-04-13 06:08:45,82.41,29.98,48.65,59.12,91.76,0
4013,2026-04-13 10:47:31,59.23,88.65,148.15,29.47,94.0,0
4014,2026-04-13 08:23:35,0.38,9.56,113.21,23.26,71.87,0
4015,2026-04-13 00:50:05,88.89,27.4,27.15,60.24,91.15,0
4016,2026-04-13 07:02:15,41.96,49.11,65.3,90.34,93.6,0
4017,2026-04-13 02:12:02,7.57,50.01,119.29,19.53,84.83,0
4018,2026-04-13 18:04:01,90.76,19.01,15.84,24.77,71.78,0
4019,2026-04-13 16:35:03,8.49,87.75,133.7,89.76,65.28,1
4020,2026-04-13 06:41:46,49.7,93.45,25.61,43.42,93.39,0
4021,2026-04-13 01:47:27,43.82,26.28,75.51,46.99,70.26,0
4022,2026-04-13 07:44:52,79.49,25.07,97.12,92.5,84.32,0
4023,2026-04-13 09:55:40,77.59,79.57,137.88,77.52,85.91,0
4024,2026-04-13 14:51:14,4.53,13.29,115.0,27.8,86.85,0
4025,2026-04-13 10:02:21,24.81,88.48,44.57,50.86,66.36,1
4026,2026-04-13 04:25:35,98.43,23.2,12.03,62.49,95.04,0
4027,2026-04-13 10:25:49,63.11,42.94,102.71,64.4,65.36,1
4028,2026-04-13 21:24:23,15.14,16.55,110.87,91.91,93.04,0
4029,2026-04-13 03:52:13,49.6,73.81,88.38,72.66,92.43,0
4030,2026-04-13 03:39:54,28.76,4.52,88.25,85.27,81.89,0
4031,2026-04-13 03:55:51,22.52,81.93,105.5,15.69,85.25,0
4032,2026-04-13 04:59:46,27.95,22.35,13.89,50.9,83.71,0
4033,2026-04-13 20:21:30,63.52,46.59,137.95,35.45,97.43,0
4034,2026-04-13 07:42:14,72.72,19.83,105.7,24.82,73.01,0
4035,2026-04-13 16:33:43,35.71,15.28,38.99,17.6,72.23,0
4036,2026-04-13 20:57:39,35.26,61.13,84.62,45.97,75.06,0
4037,2026-04-13 14:01:59,95.59,58.49,115.46,72.73,74.62,0
4038,2026-04-13 19:27:08,8.15,69.36,20.97,94.7,90.25,0
4039,2026-04-13 00:47:03,27.71,35.58,27.13,30.05,82.35,0
4040,2026-04-13 12:57:54,90.19,15.81,39.09,90.45,84.35,0
4041,2026-04-13 15:34:32,32.62,9.83,100.04,85.09,73.85,0
4042,2026-04-13 04:07:20,19.26,23.84,93.89,76.66,83.05,0
4043,2026-04-13 12:05:25,71.98,71.46,54.45,28.2,98.91,0
4044,2026-04-13 23:06:01,81.01,57.72,134.53,22.85,76.64,0
4045,2026-04-13 23:46:34,45.74,81.36,69.23,71.13,86.09,0
4046,2026-04-13 19:07:01,9.52,65.91,74.06,57.36,71.74,0
4047,2026-04-13 06:37:23,8.25,94.12,74.06,59.23,75.99,0
4048,2026-04-13 16:08:44,50.68,5.55,139.19,88.44,53.11,1
4049,2026-04-13 04:03:27,97.53,8.94,121.4,48.33,75.17,0
4050,2026-04-13 22:58:50,71.38,81.26,97.78,28.9,84.58,0
4051,2026-04-13 08:52:22,42.73,13.3,78.83,29.69,88.43,0
4052,2026-04-13 09:39:37,22.44,84.74,133.14,83.55,79.97,0
4053,2026-04-13 11:15:36,6.61,39.2,110.14,67.67,81.34,0
4054,2026-04-13 18:22:51,45.84,61.71,125.03,72.99,72.54,0
4055,2026-04-13 23:19:12,90.62,70.24,123.36,68.14,86.69,0
4056,2026-04-13 21:59:23,1.14,65.36,125.74,93.96,87.28,0
4057,2026-04-13 01:38:25,28.85,7.58,48.11,34.03,87.42,0
4058,2026-04-13 11:41:22,49.7,19.51,131.02,53.9,72.31,0
4059,2026-04-13 17:08:20,21.76,82.03,84.94,65.13,78.52,0
4060,2026-04-13 13:28:01,43.12,78.75,142.51,30.99,77.75,0
4061,2026-04-13 12:56:58,98.48,86.61,83.03,59.43,73.78,0
4062,2026-04-13 20:21:48,96.05,0.07,65.68,87.25,96.34,0
4063,2026-04-13 20:07:37,31.68,49.67,47.18,83.59,87.83,0
4064,2026-04-13 06:50:41,91.09,51.63,87.56,78.96,71.68,0
4065,2026-04-13 02:20:09,37.3,1.12,87.11,43.7,81.1,0
4066,2026-04-13 13:47:25,54.18,31.19,89.88,30.08,77.49,0
4067,2026-04-13 09:00:07,56.22,89.99,138.74,74.26,86.46,0
4068,2026-04-13 16:25:10,70.32,7.68,96.84,24.87,90.65,0
4069,2026-04-13 09:32:33,69.31,5.67,10.6,93.63,76.04,0
4070,2026-04-13 21:37:24,40.9,97.64,116.82,70.06,90.8,0
4071,2026-04-13 04:11:22,81.15,40.3,121.74,46.48,76.4,0
4072,2026-04-13 04:01:49,68.3,93.53,101.73,62.8,83.6,0
4073,2026-04-13 01:24:56,20.65,5.41,66.81,65.23,79.41,0
4074,2026-04-13 10:32:19,13.53,75.35,125.36,83.38,81.93,0
4075,2026-04-13 22:45:58,14.56,31.01,64.6,66.37,79.76,0
4076,2026-04-13 07:45:41,56.07,12.37,33.69,53.76,79.16,0
4077,2026-04-13 10:11:41,54.35,26.25,13.6,34.58,93.05,0
4078,2026-04-13 09:27:21,41.63,27.2,134.91,55.54,76.46,0
4079,2026-04-13 20:21:42,91.99,3.22,140.99,65.22,81.28,0
4080,2026-04-13 21:10:21,39.68,56.15,75.0,58.98,87.65,0
4081,2026-04-13 06:14:27,26.26,32.29,35.14,27.82,92.94,0
4082,2026-04-13 04:24:11,80.96,95.47,118.72,39.83,93.63,0
4083,2026-04-13 13:32:02,11.44,31.15,91.78,89.42,89.9,0
4084,2026-04-13 23:42:10,0.63,47.29,87.66,50.54,74.7,0
4085,2026-04-13 22:08:16,29.11,91.66,10.08,38.11,97.27,0
4086,2026-04-13 18:46:45,25.52,50.39,88.06,15.75,85.78,0
4087,2026-04-13 06:12:56,19.58,61.49,28.15,48.94,70.76,0
4088,2026-04-13 23:29:06,66.88,31.59,46.01,89.38,77.42,0
4089,2026-04-13 06:50:37,64.62,86.34,92.29,62.02,76.08,0
4090,2026-04-13 22:04:58,88.47,96.02,35.71,61.4,71.01,0
4091,2026-04-13 09:34:30,86.62,8.87,83.75,66.54,76.04,0
4092,2026-04-13 10:26:38,71.08,12.99,37.36,63.09,74.2,0
4093,2026-04-13 23:58:22,78.86,88.04,134.26,84.24,97.62,0
4094,2026-04-13 07:54:54,83.76,86.84,127.26,22.64,88.16,0
4095,2026-04-13 03:51:01,51.8,19.36,84.5,67.48,97.22,0
4096,2026-04-13 02:52:03,45.71,59.94,43.62,66.93,92.0,0
4097,2026-04-13 02:30:41,14.82,26.83,37.44,16.68,80.65,0
4098,2026-04-13 13:12:00,94.62,28.95,106.36,73.12,88.28,0
4099,2026-04-13 08:10:03,70.03,71.97,23.55,62.92,88.52,0
4100,2026-04-13 00:30:20,77.86,70.65,72.63,41.6,92.7,0
4101,2026-04-13 03:14:02,59.6,56.59,51.86,89.82,97.69,0
4102,2026-04-13 17:51:15,95.67,48.25,127.8,76.26,92.52,0
4103,2026-04-13 14:52:38,21.75,52.88,108.25,82.82,78.65,0
4104,2026-04-13 10:42:34,65.82,46.16,90.5,89.32,70.59,0
4105,2026-04-13 16:49:20,32.26,70.87,130.05,84.89,73.84,0
4106,2026-04-13 04:48:29,39.79,53.3,130.49,34.52,72.45,0
4107,2026-04-13 07:16:09,11.19,24.56,130.79,28.08,75.76,0
4108,2026-04-13 09:05:52,61.37,30.12,34.58,79.72,52.97,1
4109,2026-04-13 08:31:19,13.52,86.27,61.57,60.54,78.13,0
4110,2026-04-13 12:55:31,52.02,43.28,48.45,75.55,82.29,0
4111,2026-04-13 13:31:37,23.03,22.47,73.93,50.41,88.17,0
4112,2026-04-13 18:21:00,16.62,25.72,31.99,65.06,75.33,0
4113,2026-04-13 02:01:57,42.58,1.99,131.38,29.34,95.07,0
4114,2026-04-13 21:25:13,56.2,9.58,43.83,59.04,71.42,0
4115,2026-04-13 22:12:58,41.01,8.17,58.71,17.81,83.44,0
4116,2026-04-13 14:07:05,71.35,33.69,125.82,58.95,40.28,1
4117,2026-04-13 07:47:40,40.44,34.45,126.96,27.62,74.46,0
4118,2026-04-13 05:40:09,18.1,67.63,140.55,67.76,73.32,0
4119,2026-04-13 15:14:10,91.25,24.24,36.55,32.94,95.73,0
4120,2026-04-13 06:02:18,56.63,11.2,19.77,58.68,97.89,0
4121,2026-04-13 07:15:35,51.87,64.16,132.2,65.86,90.26,0
4122,2026-04-13 11:54:28,23.99,80.39,140.37,23.95,75.71,0
4123,2026-04-13 03:50:27,53.25,20.94,102.19,26.52,56.02,1
4124,2026-04-13 21:24:59,64.96,67.82,34.18,91.43,90.92,0
4125,2026-04-13 04:15:56,17.89,6.33,82.82,67.96,91.76,0
4126,2026-04-13 21:11:14,51.84,68.5,67.6,73.78,88.83,0
4127,2026-04-13 19:51:57,41.42,54.31,56.67,86.09,71.87,0
4128,2026-04-13 11:54:46,94.18,85.44,75.13,81.98,86.14,0
4129,2026-04-13 17:10:33,26.74,13.03,131.91,28.89,87.65,0
4130,2026-04-13 22:44:27,77.29,34.87,149.99,15.2,89.97,0
4131,2026-04-13 04:27:19,12.33,54.68,115.43,64.64,87.7,0
4132,2026-04-13 02:51:14,70.98,24.13,146.3,64.38,91.34,0
4133,2026-04-13 21:34:18,81.43,3.23,104.32,70.24,84.99,0
4134,2026-04-13 10:34:57,24.83,36.61,69.71,68.55,73.25,0
4135,2026-04-13 12:26:31,52.77,59.6,14.66,86.02,98.17,0
4136,2026-04-13 22:30:25,31.73,13.62,130.49,86.9,61.08,1
4137,2026-04-13 22:27:08,82.48,52.25,107.26,91.63,86.11,0
4138,2026-04-13 02:07:22,20.36,78.96,114.87,43.62,91.7,0
4139,2026-04-13 11:48:11,67.42,68.44,110.44,51.48,83.55,0
4140,2026-04-13 12:59:57,97.57,51.09,52.52,63.99,81.18,0
4141,2026-04-13 14:02:07,26.87,46.24,119.77,86.54,90.39,0
4142,2026-04-13 05:53:45,44.15,70.16,92.96,40.76,97.86,0
4143,2026-04-13 06:05:29,77.22,31.22,28.6,16.82,91.19,0
4144,2026-04-13 08:36:10,53.96,91.6,29.29,85.52,77.11,0
4145,2026-04-13 21:41:59,71.73,83.37,91.43,16.74,96.49,0
4146,2026-04-13 17:18:08,30.0,19.8,89.97,39.37,76.83,0
4147,2026-04-13 20:09:50,31.67,13.82,133.53,58.0,72.24,0
4148,2026-04-13 09:20:14,38.32,61.16,84.92,31.83,98.72,0
4149,2026-04-13 16:51:51,41.02,92.15,118.46,48.76,76.65,0
4150,2026-04-13 21:35:48,18.4,47.94,114.5,90.95,84.31,0
4151,2026-04-13 14:30:04,84.72,29.54,138.82,53.85,84.5,0
4152,2026-04-13 17:30:11,4.4,73.13,149.92,66.03,80.07,0
4153,2026-04-13 14:14:58,40.97,17.58,69.21,33.45,75.5,0
4154,2026-04-13 20:19:15,78.34,52.8,117.21,49.83,84.35,0
4155,2026-04-13 18:40:34,25.18,53.35,46.87,76.87,77.66,0
4156,2026-04-13 10:10:04,19.06,6.83,18.41,90.14,76.21,0
4157,2026-04-13 00:34:03,73.03,53.51,21.5,19.63,98.79,0
4158,2026-04-13 22:14:40,16.39,24.46,71.97,70.97,79.23,0
4159,2026-04-13 19:14:48,4.53,45.93,82.18,32.65,81.92,0
4160,2026-04-13 21:37:35,32.52,86.87,55.47,26.69,74.61,0
4161,2026-04-13 20:55:54,95.11,38.69,23.1,16.33,80.7,0
4162,2026-04-13 10:37:48,84.59,71.65,28.53,56.31,52.84,1
4163,2026-04-13 07:01:07,88.21,69.78,131.5,39.27,96.89,0
4164,2026-04-13 06:54:34,4.26,68.55,21.97,57.14,85.18,0
4165,2026-04-13 05:02:55,12.51,37.98,50.68,53.46,66.69,1
4166,2026-04-13 15:15:18,1.94,57.55,61.48,72.16,78.15,0
4167,2026-04-13 23:38:43,8.8,52.01,37.44,60.77,47.57,1
4168,2026-04-13 06:06:02,43.04,35.34,145.12,81.4,93.86,0
4169,2026-04-13 14:18:59,93.23,16.37,116.45,90.78,91.69,0
4170,2026-04-13 09:03:11,26.84,6.05,138.7,84.24,48.45,1
4171,2026-04-13 21:37:21,59.34,11.91,40.71,58.21,83.52,0
4172,2026-04-13 10:24:28,44.8,91.27,134.58,82.86,93.02,0
4173,2026-04-13 01:00:06,71.55,40.45,137.19,22.85,71.95,0
4174,2026-04-13 05:20:52,29.41,60.57,107.04,45.24,84.86,0
4175,2026-04-13 16:12:14,20.09,20.7,55.7,42.02,97.21,0
4176,2026-04-13 06:48:51,14.12,55.73,63.43,92.08,88.74,0
4177,2026-04-13 04:35:05,17.75,90.74,54.62,44.58,75.34,0
4178,2026-04-13 18:56:00,15.33,50.18,148.06,37.55,75.48,0
4179,2026-04-13 17:44:20,99.27,25.2,38.72,18.27,77.98,0
4180,2026-04-13 21:07:46,88.64,19.28,32.1,19.39,85.79,0
4181,2026-04-13 04:02:56,40.73,6.45,74.91,70.55,95.51,0
4182,2026-04-13 16:35:54,79.87,57.18,56.5,31.63,94.86,0
4183,2026-04-13 17:47:50,65.72,25.56,42.69,44.72,83.03,0
4184,2026-04-13 02:28:56,17.76,94.77,115.55,30.15,84.45,0
4185,2026-04-13 07:38:07,6.05,68.17,132.45,90.3,47.13,1
4186,2026-04-13 03:58:50,41.52,18.07,61.39,77.87,74.27,0
4187,2026-04-13 15:20:40,18.73,32.88,27.19,77.42,87.42,0
4188,2026-04-13 03:02:41,49.9,71.29,53.44,83.43,92.73,0
4189,2026-04-13 11:31:55,74.61,25.32,26.1,49.17,73.54,0
4190,2026-04-13 05:22:46,36.52,68.78,139.78,21.05,76.66,0
4191,2026-04-13 01:21:25,75.28,34.15,145.83,80.93,82.47,0
4192,2026-04-13 06:29:05,81.08,41.2,138.15,94.02,69.09,1
4193,2026-04-13 15:54:04,94.25,27.49,17.5,80.78,78.37,0
4194,2026-04-13 17:34:32,10.0,86.04,101.94,72.13,78.86,0
4195,2026-04-13 21:28:18,52.77,79.59,106.95,31.92,62.36,1
4196,2026-04-13 11:23:01,8.99,71.34,16.53,66.03,95.12,0
4197,2026-04-13 17:50:24,48.98,96.97,33.28,57.74,58.86,1
4198,2026-04-13 18:14:41,96.06,33.04,49.09,25.27,94.11,0
4199,2026-04-13 14:36:15,77.82,97.75,30.21,33.66,90.98,0
4200,2026-04-13 00:30:39,93.78,28.87,26.6,19.78,95.12,0
4201,2026-04-13 21:04:14,60.9,28.66,17.26,17.81,81.8,0
4202,2026-04-13 10:50:45,59.82,80.58,89.93,75.62,81.34,0
4203,2026-04-13 06:54:58,75.81,21.8,123.11,40.98,71.29,0
4204,2026-04-13 20:53:40,22.36,37.97,117.03,47.24,85.98,0
4205,2026-04-13 21:22:26,89.19,77.31,33.23,18.97,86.9,0
4206,2026-04-13 05:17:28,46.27,71.42,130.58,47.69,98.08,0
4207,2026-04-13 19:30:27,95.04,4.74,97.03,21.2,95.26,0
4208,2026-04-13 01:38:36,51.35,94.2,116.95,21.5,78.31,0
4209,2026-04-13 18:56:12,64.7,84.33,61.83,51.7,83.96,0
4210,2026-04-13 23:14:21,95.35,92.61,41.11,48.49,80.05,0
4211,2026-04-13 09:59:17,28.53,49.49,45.9,53.85,70.96,0
4212,2026-04-13 23:26:09,51.57,28.23,146.59,50.27,87.52,0
4213,2026-04-13 20:35:37,68.63,11.67,50.12,21.53,71.28,0
4214,2026-04-13 11:51:20,21.42,85.69,120.83,73.74,84.76,0
4215,2026-04-13 19:43:50,52.05,95.29,54.61,46.68,75.27,0
4216,2026-04-13 07:14:55,88.18,11.25,27.73,54.37,97.79,0
4217,2026-04-13 22:15:55,24.17,61.44,141.84,24.06,66.95,1
4218,2026-04-13 12:39:27,61.0,46.34,60.74,60.22,83.64,0
4219,2026-04-13 01:23:03,36.11,55.82,57.55,73.41,72.21,0
4220,2026-04-13 16:28:19,70.31,66.01,14.76,80.96,88.8,0
4221,2026-04-13 08:38:56,84.59,89.87,142.59,26.78,73.17,0
4222,2026-04-13 07:32:56,72.62,90.4,137.49,89.89,51.07,1
4223,2026-04-13 15:00:23,25.11,31.87,140.37,41.49,72.9,0
4224,2026-04-13 20:07:13,86.39,33.34,102.14,22.58,92.6,0
4225,2026-04-13 18:47:10,55.86,22.2,29.08,52.26,94.25,0
4226,2026-04-13 20:39:23,46.04,64.07,19.91,47.26,71.93,0
4227,2026-04-13 11:39:59,70.56,38.35,51.92,24.15,73.06,0
4228,2026-04-13 06:59:18,34.99,52.48,114.69,77.83,95.74,0
4229,2026-04-13 18:58:19,60.74,36.68,88.48,31.55,82.43,0
4230,2026-04-13 03:10:44,31.3,47.59,70.65,33.58,87.16,0
4231,2026-04-13 15:45:47,82.15,99.44,46.71,56.02,89.22,0
4232,2026-04-13 17:42:51,80.43,7.34,109.48,81.23,96.07,0
4233,2026-04-13 18:28:52,45.99,61.49,49.43,20.65,70.16,0
4234,2026-04-13 08:16:16,83.78,8.49,110.98,71.13,88.78,0
4235,2026-04-13 02:35:55,34.36,10.8,132.53,40.38,79.2,0
4236,2026-04-13 18:11:50,5.5,34.31,126.14,79.51,80.13,0
4237,2026-04-13 22:37:56,23.35,53.27,135.36,65.37,87.09,0
4238,2026-04-13 12:35:24,9.61,13.2,91.99,34.22,94.54,0
4239,2026-04-13 06:45:37,46.6,9.21,38.98,75.23,95.58,0
4240,2026-04-13 13:50:42,92.21,52.02,40.58,40.05,71.03,0
4241,2026-04-13 19:59:27,46.5,63.7,66.95,44.03,90.21,0
4242,2026-04-13 02:13:58,93.94,78.01,110.88,40.13,83.94,0
4243,2026-04-13 00:50:14,16.52,47.73,104.65,59.27,91.91,0
4244,2026-04-13 03:50:22,66.75,57.09,28.49,83.24,83.74,0
4245,2026-04-13 00:31:52,45.79,62.01,112.77,31.33,95.87,0
4246,2026-04-13 10:13:55,30.92,57.38,101.75,80.21,94.37,0
4247,2026-04-13 01:21:35,45.97,80.12,99.6,61.96,96.26,0
4248,2026-04-13 04:26:20,70.07,20.87,52.22,32.21,83.11,0
4249,2026-04-13 08:07:31,20.66,38.26,57.04,77.27,90.97,0
4250,2026-04-13 18:43:21,5.14,66.08,20.22,22.95,93.51,0
4251,2026-04-13 13:39:45,34.36,43.94,83.78,37.36,72.69,0
4252,2026-04-13 13:29:13,67.8,85.3,72.13,49.79,87.35,0
4253,2026-04-13 21:40:18,95.6,11.82,23.61,82.83,79.37,0
4254,2026-04-13 17:23:33,53.71,59.45,89.43,41.33,97.67,0
4255,2026-04-13 21:54:24,81.64,5.86,107.12,73.66,78.12,0
4256,2026-04-13 21:49:08,42.78,11.37,40.07,41.39,91.15,0
4257,2026-04-13 09:43:35,0.16,9.7,147.91,68.28,98.73,0
4258,2026-04-13 15:39:06,27.74,87.15,116.27,38.32,89.67,0
4259,2026-04-13 17:24:09,2.19,36.63,141.46,90.51,54.05,1
4260,2026-04-13 16:57:03,21.18,50.13,52.49,68.93,82.41,0
4261,2026-04-13 22:22:06,19.25,84.45,146.64,28.07,74.09,0
4262,2026-04-13 03:45:43,46.19,87.26,116.76,70.34,90.22,0
4263,2026-04-13 09:05:39,77.88,54.57,97.55,83.97,94.96,0
4264,2026-04-13 01:57:03,44.11,12.15,63.22,57.55,84.23,0
4265,2026-04-13 11:34:55,99.85,94.71,106.31,45.56,88.36,0
4266,2026-04-13 11:41:44,63.59,93.02,61.99,40.97,79.6,0
4267,2026-04-13 06:35:11,10.86,10.02,20.79,50.12,75.56,0
4268,2026-04-13 02:07:13,91.65,71.13,135.37,88.14,53.09,1
4269,2026-04-13 00:29:54,71.52,44.75,133.38,26.92,96.92,0
4270,2026-04-13 06:40:56,7.39,57.41,19.04,74.28,92.98,0
4271,2026-04-13 18:50:57,1.05,68.82,130.62,68.26,90.44,0
4272,2026-04-13 03:40:19,50.82,65.11,10.68,32.69,95.18,0
4273,2026-04-13 20:01:10,12.99,17.12,142.39,85.13,44.08,1
4274,2026-04-13 03:22:59,64.84,99.18,141.7,87.92,54.14,1
4275,2026-04-13 06:48:00,79.47,7.88,55.0,22.63,70.1,0
4276,2026-04-13 05:57:02,70.09,96.21,104.23,22.15,79.47,0
4277,2026-04-13 09:42:53,23.85,69.87,147.83,77.59,92.61,0
4278,2026-04-13 07:04:34,73.11,34.27,19.43,40.1,83.15,0
4279,2026-04-13 02:10:53,35.44,0.5,131.15,71.84,98.99,0
4280,2026-04-13 21:31:21,62.93,6.95,57.06,67.14,76.31,0
4281,2026-04-13 12:11:47,0.63,52.41,52.72,21.38,85.66,0
4282,2026-04-13 02:50:00,91.39,55.85,72.28,24.6,73.84,0
4283,2026-04-13 03:43:37,40.32,42.0,82.65,72.92,85.71,0
4284,2026-04-13 18:51:43,81.74,46.19,85.75,35.81,93.52,0
4285,2026-04-13 22:17:50,22.27,84.99,145.55,17.24,77.01,0
4286,2026-04-13 10:40:01,88.18,26.92,148.49,65.2,84.52,0
4287,2026-04-13 06:17:41,16.7,25.83,66.17,71.86,86.54,0
4288,2026-04-13 16:07:37,91.51,64.3,45.2,53.49,94.89,0
4289,2026-04-13 02:30:50,4.28,17.86,94.87,58.42,95.87,0
4290,2026-04-13 05:42:28,44.92,58.17,70.92,90.51,87.2,0
4291,2026-04-13 16:57:15,99.64,69.13,92.68,21.73,97.32,0
4292,2026-04-13 20:14:42,29.54,79.93,105.28,50.22,90.41,0
4293,2026-04-13 15:28:25,52.02,85.75,28.61,81.04,86.97,0
4294,2026-04-13 16:00:11,25.54,82.22,10.17,64.11,98.71,0
4295,2026-04-13 00:02:20,95.88,39.46,47.85,29.98,90.67,0
4296,2026-04-13 17:59:38,46.02,79.25,115.26,39.05,72.87,0
4297,2026-04-13 16:53:13,76.4,38.88,140.55,56.27,96.86,0
4298,2026-04-13 19:47:57,54.52,34.94,123.56,59.51,77.39,0
4299,2026-04-13 16:46:19,27.71,99.36,30.97,33.08,84.61,0
4300,2026-04-13 07:41:55,92.58,53.48,62.97,36.57,70.25,0
4301,2026-04-13 12:21:33,61.71,37.84,70.76,28.1,77.36,0
4302,2026-04-13 15:41:08,65.86,72.65,74.5,29.93,86.93,0
4303,2026-04-13 21:58:23,31.01,49.08,88.78,80.13,74.37,0
4304,2026-04-13 18:12:00,1.42,15.07,74.02,31.28,74.21,0
4305,2026-04-13 14:33:17,15.9,19.89,94.82,70.57,73.23,0
4306,2026-04-13 03:36:43,65.43,19.59,51.24,82.27,89.96,0
4307,2026-04-13 11:59:36,33.62,20.13,129.1,63.14,72.87,0
4308,2026-04-13 09:12:39,67.86,67.36,148.4,78.45,89.74,0
4309,2026-04-13 13:03:45,5.16,16.06,73.88,30.8,80.15,0
4310,2026-04-13 04:20:10,73.58,55.86,23.65,76.34,55.84,1
4311,2026-04-13 23:21:05,15.33,4.52,149.36,66.18,82.7,0
4312,2026-04-13 18:21:08,45.08,47.65,62.66,75.07,79.12,0
4313,2026-04-13 12:16:15,67.36,12.15,116.16,20.68,93.28,0
4314,2026-04-13 22:23:15,71.14,43.6,50.19,57.02,88.18,0
4315,2026-04-13 01:04:57,20.91,59.23,47.21,39.09,88.56,0
4316,2026-04-13 05:22:56,15.85,24.26,44.8,74.52,90.58,0
4317,2026-04-13 04:16:45,16.08,9.97,18.94,33.53,73.63,0
4318,2026-04-13 23:52:27,0.0,25.72,129.79,93.52,83.86,0
4319,2026-04-13 04:22:02,11.13,91.04,119.22,37.46,88.84,0
4320,2026-04-13 12:35:44,98.48,60.53,149.11,43.3,87.98,0
4321,2026-04-13 22:39:41,5.06,67.94,58.45,94.37,83.26,0
4322,2026-04-13 07:22:40,18.56,29.96,24.99,62.17,91.16,0
4323,2026-04-13 05:40:54,8.7,83.57,62.45,86.63,93.98,0
4324,2026-04-13 10:41:54,0.37,89.06,88.71,84.91,96.03,0
4325,2026-04-13 03:26:58,50.34,41.22,13.21,52.93,78.0,0
4326,2026-04-13 06:55:40,66.4,49.94,44.46,73.64,80.29,0
4327,2026-04-13 14:52:38,56.6,11.24,24.8,85.55,80.38,0
4328,2026-04-13 06:26:07,82.6,98.69,76.48,82.88,77.26,0
4329,2026-04-13 00:50:57,28.73,57.72,59.17,58.73,95.71,0
4330,2026-04-13 03:58:09,0.97,5.04,38.15,26.41,80.54,0
4331,2026-04-13 20:43:45,21.0,78.44,76.35,61.18,73.34,0
4332,2026-04-13 12:51:51,35.36,23.48,103.59,69.17,93.21,0
4333,2026-04-13 00:01:29,17.72,94.49,81.2,28.04,74.64,0
4334,2026-04-13 05:47:47,52.46,71.86,40.03,27.06,71.67,0
4335,2026-04-13 22:26:37,35.93,73.81,126.83,44.57,91.84,0
4336,2026-04-13 23:46:11,1.28,48.93,61.03,89.42,92.87,0
4337,2026-04-13 00:11:13,22.35,97.63,147.24,22.1,73.56,0
4338,2026-04-13 06:54:38,57.25,60.41,128.84,40.32,92.03,0
4339,2026-04-13 04:48:16,18.32,88.7,115.3,84.74,82.31,0
4340,2026-04-13 04:29:47,8.14,51.23,97.09,27.6,98.92,0
4341,2026-04-13 08:59:34,65.14,73.47,30.16,85.08,70.98,0
4342,2026-04-13 18:29:26,46.24,6.68,12.7,16.75,75.96,0
4343,2026-04-13 19:52:52,67.75,82.23,40.82,41.44,47.52,1
4344,2026-04-13 22:05:11,18.97,8.1,135.27,71.89,97.06,0
4345,2026-04-13 08:18:31,66.02,96.76,91.7,69.77,91.9,0
4346,2026-04-13 14:11:50,18.45,19.34,71.91,35.55,70.55,0
4347,2026-04-13 22:52:26,20.24,79.03,46.88,86.05,71.05,0
4348,2026-04-13 10:19:29,8.67,78.54,115.32,21.9,96.87,0
4349,2026-04-13 14:37:44,7.6,27.71,89.82,49.93,73.42,0
4350,2026-04-13 09:48:58,36.21,32.94,113.11,55.54,93.04,0
4351,2026-04-13 12:14:58,14.41,83.4,79.53,92.28,70.86,0
4352,2026-04-13 04:31:08,28.91,20.6,113.74,86.1,63.55,1
4353,2026-04-13 14:37:16,41.06,19.73,56.68,67.73,86.6,0
4354,2026-04-13 01:25:04,29.26,22.61,103.47,68.34,83.95,0
4355,2026-04-13 18:18:51,97.75,25.5,52.74,27.04,97.69,0
4356,2026-04-13 01:42:11,99.29,44.22,114.73,19.02,71.31,0
4357,2026-04-13 20:52:02,76.91,10.92,14.81,16.06,76.09,0
4358,2026-04-13 14:07:35,87.78,92.89,34.54,28.57,93.94,0
4359,2026-04-13 06:23:38,72.0,3.06,92.32,21.92,84.96,0
4360,2026-04-13 20:31:16,75.03,75.5,61.92,21.38,90.19,0
4361,2026-04-13 07:53:18,72.74,32.82,96.54,81.07,70.59,0
4362,2026-04-13 06:35:18,91.38,45.79,133.33,90.42,54.75,1
4363,2026-04-13 11:50:58,70.18,15.71,99.38,64.07,91.54,0
4364,2026-04-13 11:40:46,18.39,29.55,114.41,90.67,81.89,0
4365,2026-04-13 05:16:46,70.09,30.27,51.53,69.8,87.93,0
4366,2026-04-13 19:59:06,90.56,74.61,67.96,25.77,94.75,0
4367,2026-04-13 02:05:28,44.72,75.26,66.28,28.65,70.34,0
4368,2026-04-13 21:58:36,36.31,74.96,38.79,75.37,74.74,0
4369,2026-04-13 10:12:53,46.65,37.1,40.45,33.08,86.46,0
4370,2026-04-13 18:54:06,93.02,77.87,67.59,25.89,95.89,0
4371,2026-04-13 09:37:53,35.27,62.77,18.93,26.25,50.11,1
4372,2026-04-13 08:24:18,77.41,1.92,123.29,20.83,51.17,1
4373,2026-04-13 08:35:54,0.16,67.63,91.42,79.18,96.11,0
4374,2026-04-13 22:42:28,46.29,92.73,41.15,52.93,83.56,0
4375,2026-04-13 06:41:53,3.6,49.64,79.48,15.12,89.97,0
4376,2026-04-13 22:21:53,15.4,84.14,140.28,70.88,70.35,0
4377,2026-04-13 06:36:48,90.79,94.2,62.16,78.33,91.46,0
4378,2026-04-13 07:17:48,31.23,99.07,67.33,30.8,95.07,0
4379,2026-04-13 08:10:29,38.18,6.37,67.96,49.9,82.36,0
4380,2026-04-13 08:27:02,8.68,40.8,14.79,36.85,96.21,0
4381,2026-04-13 07:04:29,30.99,79.45,64.84,91.69,94.77,0
4382,2026-04-13 18:13:19,24.72,11.72,115.0,68.95,85.06,0
4383,2026-04-13 05:07:32,4.56,54.98,96.68,35.58,92.4,0
4384,2026-04-13 09:31:57,2.12,51.56,128.94,60.55,82.45,0
4385,2026-04-13 00:39:40,0.59,41.22,81.37,49.13,98.39,0
4386,2026-04-13 15:14:30,16.48,58.91,47.68,27.68,78.35,0
4387,2026-04-13 02:37:42,50.64,4.38,26.94,23.03,77.21,0
4388,2026-04-13 08:32:42,27.54,90.7,33.4,35.31,75.71,0
4389,2026-04-13 14:17:51,35.74,80.16,64.97,91.33,95.12,0
4390,2026-04-13 00:40:02,63.08,60.21,133.04,43.37,72.09,0
4391,2026-04-13 14:01:46,80.92,67.77,111.63,66.14,72.75,0
4392,2026-04-13 09:02:47,90.16,57.07,91.38,19.19,98.18,0
4393,2026-04-13 08:58:50,54.88,34.91,149.3,36.4,86.5,0
4394,2026-04-13 05:44:19,55.01,0.46,54.66,68.55,73.42,0
4395,2026-04-13 20:55:40,60.68,29.88,107.22,37.65,96.57,0
4396,2026-04-13 21:30:10,95.67,78.94,128.79,81.99,91.96,0
4397,2026-04-13 23:19:57,28.39,31.73,37.99,16.23,76.88,0
4398,2026-04-13 06:23:46,75.06,7.2,80.38,33.81,97.32,0
4399,2026-04-13 02:21:06,22.0,64.4,24.15,36.31,76.13,0
4400,2026-04-13 20:35:00,18.43,1.69,71.81,61.3,71.32,0
4401,2026-04-13 14:55:18,46.08,47.28,104.24,48.32,95.29,0
4402,2026-04-13 06:34:06,70.56,39.6,39.41,26.91,89.32,0
4403,2026-04-13 14:19:18,33.06,99.83,134.73,91.18,54.27,1
4404,2026-04-13 14:34:00,21.71,57.68,62.79,54.47,86.75,0
4405,2026-04-13 14:22:25,99.4,56.69,130.87,21.88,78.11,0
4406,2026-04-13 16:26:13,85.0,84.11,102.79,60.01,97.1,0
4407,2026-04-13 16:04:33,34.81,53.41,95.44,16.39,98.87,0
4408,2026-04-13 14:04:37,7.75,19.9,62.5,81.2,74.05,0
4409,2026-04-13 16:15:04,75.73,78.21,132.76,17.44,92.59,0
4410,2026-04-13 21:43:16,2.84,26.73,69.59,71.26,78.61,0
4411,2026-04-13 19:14:12,12.04,12.97,27.15,62.25,92.68,0
4412,2026-04-13 11:01:12,42.27,94.99,62.33,48.84,85.94,0
4413,2026-04-13 07:30:29,6.38,15.49,43.17,28.73,91.16,0
4414,2026-04-13 12:21:48,16.37,18.07,78.14,65.03,96.42,0
4415,2026-04-13 22:17:59,96.28,44.05,23.06,40.05,77.0,0
4416,2026-04-13 00:43:37,88.87,93.94,59.44,42.76,86.33,0
4417,2026-04-13 22:36:12,75.24,62.09,62.95,39.42,83.05,0
4418,2026-04-13 19:55:53,56.47,22.23,110.3,44.89,80.93,0
4419,2026-04-13 01:31:31,35.02,70.66,94.2,32.43,91.31,0
4420,2026-04-13 23:49:29,29.56,76.84,19.25,35.46,89.22,0
4421,2026-04-13 09:23:07,56.83,93.94,63.18,82.6,71.75,0
4422,2026-04-13 18:24:01,84.34,4.88,81.56,65.69,71.89,0
4423,2026-04-13 14:53:34,75.09,62.67,116.66,69.17,68.14,1
4424,2026-04-13 11:36:39,16.47,26.44,128.53,57.39,82.03,0
4425,2026-04-13 22:47:56,98.41,92.67,139.66,35.06,91.74,0
4426,2026-04-13 18:21:22,51.24,84.4,143.54,29.07,77.4,0
4427,2026-04-13 03:29:16,48.06,27.59,60.7,38.48,96.27,0
4428,2026-04-13 01:04:15,44.23,59.0,46.9,16.97,73.32,0
4429,2026-04-13 21:36:16,97.98,7.68,57.08,91.87,72.48,0
4430,2026-04-13 07:54:37,99.22,26.18,108.78,30.48,85.54,0
4431,2026-04-13 10:57:28,45.3,99.48,38.37,16.1,45.91,1
4432,2026-04-13 18:02:33,14.54,9.85,131.26,35.4,86.88,0
4433,2026-04-13 07:33:58,1.99,17.99,35.19,91.59,82.97,0
4434,2026-04-13 08:04:16,38.45,31.2,98.97,73.83,92.01,0
4435,2026-04-13 02:08:56,76.98,3.43,69.61,39.2,90.39,0
4436,2026-04-13 04:44:04,45.11,10.69,31.94,62.07,94.59,0
4437,2026-04-13 08:26:22,60.5,80.52,53.64,30.74,95.15,0
4438,2026-04-13 13:03:01,13.05,52.95,137.48,44.09,83.7,0
4439,2026-04-13 01:28:39,69.66,45.62,53.92,25.96,95.4,0
4440,2026-04-13 22:04:14,93.25,83.12,128.37,30.95,77.2,0
4441,2026-04-13 08:01:32,41.41,41.93,90.95,33.75,94.96,0
4442,2026-04-13 23:01:11,56.22,53.42,146.86,40.05,97.3,0
4443,2026-04-13 11:21:42,51.33,20.89,25.45,31.04,93.59,0
4444,2026-04-13 02:49:32,37.7,93.16,53.14,75.16,74.06,0
4445,2026-04-13 21:27:25,6.0,70.83,91.63,40.89,85.09,0
4446,2026-04-13 07:12:52,82.67,61.92,52.26,85.21,98.7,0
4447,2026-04-13 09:32:09,4.41,46.06,30.24,17.41,83.07,0
4448,2026-04-13 19:36:23,42.1,52.23,36.04,34.3,73.95,0
4449,2026-04-13 00:34:49,30.33,98.49,92.14,17.64,77.97,0
4450,2026-04-13 05:40:18,63.28,34.84,149.68,31.28,72.2,0
4451,2026-04-13 08:37:23,40.3,89.24,133.72,69.04,91.23,0
4452,2026-04-13 20:01:27,68.29,98.67,40.91,77.22,56.98,1
4453,2026-04-13 18:02:06,85.48,37.66,102.93,32.33,88.35,0
4454,2026-04-13 11:35:52,18.0,82.8,59.36,62.09,79.82,0
4455,2026-04-13 20:32:15,61.28,83.88,110.05,83.27,73.04,0
4456,2026-04-13 16:06:19,40.76,47.96,38.21,38.54,87.47,0
4457,2026-04-13 17:19:27,15.76,11.76,20.74,78.05,88.83,0
4458,2026-04-13 13:51:58,44.27,65.05,34.26,59.78,98.98,0
4459,2026-04-13 10:39:10,32.06,18.96,92.51,25.62,95.12,0
4460,2026-04-13 07:44:54,49.44,76.39,72.33,56.0,96.48,0
4461,2026-04-13 00:05:00,38.04,57.74,124.45,69.12,88.34,0
4462,2026-04-13 09:01:23,69.92,9.83,149.81,26.47,77.83,0
4463,2026-04-13 14:33:27,9.56,6.77,85.11,38.03,98.64,0
4464,2026-04-13 07:25:50,98.9,89.9,101.99,67.06,98.38,0
4465,2026-04-13 12:30:38,18.52,60.41,111.73,73.22,93.94,0
4466,2026-04-13 13:13:36,45.05,71.86,39.13,74.81,89.77,0
4467,2026-04-13 10:55:31,33.93,28.43,115.59,70.73,80.15,0
4468,2026-04-13 06:52:32,87.04,53.07,136.1,26.38,79.85,0
4469,2026-04-13 23:01:44,99.53,82.31,53.33,57.78,76.12,0
4470,2026-04-13 18:12:36,65.57,96.95,29.18,73.97,73.61,0
4471,2026-04-13 14:45:59,20.7,28.69,96.25,22.32,86.88,0
4472,2026-04-13 20:19:29,28.1,50.73,34.0,64.74,96.38,0
4473,2026-04-13 20:16:57,48.41,69.09,43.82,64.41,77.9,0
4474,2026-04-13 00:39:57,10.01,61.93,13.48,62.27,77.11,0
4475,2026-04-13 20:53:45,96.52,22.77,58.03,46.25,86.01,0
4476,2026-04-13 13:52:20,71.21,61.23,67.14,40.13,73.68,0
4477,2026-04-13 11:32:37,7.66,69.16,96.6,65.91,74.1,0
4478,2026-04-13 03:35:37,85.19,37.02,56.04,29.36,79.82,0
4479,2026-04-13 06:14:29,51.91,45.98,116.91,86.1,86.77,0
4480,2026-04-13 13:57:30,99.07,57.33,140.59,46.54,95.94,0
4481,2026-04-13 16:37:46,18.47,86.77,83.7,69.14,91.5,0
4482,2026-04-13 22:55:33,71.78,38.87,31.07,36.12,59.35,1
4483,2026-04-13 17:02:05,13.94,72.06,135.91,51.3,77.31,0
4484,2026-04-13 14:26:42,7.18,24.07,71.04,87.09,77.67,0
4485,2026-04-13 10:54:07,29.84,60.93,37.34,22.47,92.26,0
4486,2026-04-13 17:43:35,63.13,53.03,18.77,91.24,70.97,0
4487,2026-04-13 22:20:59,21.42,48.92,128.88,44.06,81.14,0
4488,2026-04-13 23:47:39,46.17,96.52,115.13,81.16,95.31,0
4489,2026-04-13 14:28:40,66.0,29.04,91.44,25.2,95.93,0
4490,2026-04-13 05:21:51,37.72,71.16,73.28,37.41,82.93,0
4491,2026-04-13 04:59:46,88.95,7.59,133.61,63.49,95.88,0
4492,2026-04-13 00:44:16,65.0,20.98,20.57,22.13,80.3,0
4493,2026-04-13 21:31:20,53.07,86.1,102.99,62.26,81.3,0
4494,2026-04-13 11:27:56,45.33,95.24,144.94,28.24,92.74,0
4495,2026-04-13 05:23:17,73.67,84.86,71.43,87.78,85.01,0
4496,2026-04-13 05:22:22,84.2,65.07,124.19,22.46,96.0,0
4497,2026-04-13 04:59:37,12.35,25.84,137.49,68.06,84.88,0
4498,2026-04-13 12:17:59,88.36,27.78,133.1,32.98,94.74,0
4499,2026-04-13 06:45:35,24.42,7.96,59.22,82.29,98.45,0
4500,2026-04-13 16:30:16,84.01,59.34,132.51,49.02,94.83,0
4501,2026-04-13 13:57:13,94.71,88.39,78.28,82.05,91.79,0
4502,2026-04-13 06:50:06,56.4,86.11,92.17,42.84,94.2,0
4503,2026-04-13 21:19:04,99.83,90.3,46.66,86.12,76.31,0
4504,2026-04-13 17:04:55,14.03,73.28,24.51,16.09,95.26,0
4505,2026-04-13 19:31:06,65.91,54.42,66.43,35.91,80.86,0
4506,2026-04-13 13:34:39,65.42,22.64,77.38,36.01,75.88,0
4507,2026-04-13 11:45:30,37.56,95.96,110.1,30.14,83.67,0
4508,2026-04-13 03:02:39,77.32,91.36,128.25,61.5,75.73,0
4509,2026-04-13 17:59:49,88.8,41.61,43.28,86.71,87.48,0
4510,2026-04-13 12:02:48,81.15,78.39,102.96,45.97,78.85,0
4511,2026-04-13 20:31:37,52.47,4.53,147.25,64.95,73.53,0
4512,2026-04-13 17:44:14,90.65,36.64,148.67,59.93,75.41,0
4513,2026-04-13 13:38:09,99.34,88.23,78.98,41.81,72.73,0
4514,2026-04-13 20:54:08,45.17,51.61,93.15,27.13,98.18,0
4515,2026-04-13 23:53:02,32.48,45.99,120.79,23.48,81.0,0
4516,2026-04-13 14:24:05,2.85,14.85,41.8,53.93,96.01,0
4517,2026-04-13 03:03:36,36.37,61.75,84.9,44.36,83.56,0
4518,2026-04-13 17:54:31,47.44,84.15,93.18,15.28,89.32,0
4519,2026-04-13 02:52:41,13.32,1.03,52.24,85.77,97.88,0
4520,2026-04-13 19:24:50,47.13,47.69,64.66,35.38,88.61,0
4521,2026-04-13 15:54:38,69.68,46.71,58.82,78.2,80.99,0
4522,2026-04-13 16:52:19,14.15,90.74,73.6,21.03,80.74,0
4523,2026-04-13 19:06:25,67.06,51.35,113.73,90.52,95.74,0
4524,2026-04-13 04:05:51,86.99,29.53,48.17,24.21,92.46,0
4525,2026-04-13 14:08:15,69.72,51.44,22.1,92.8,96.52,0
4526,2026-04-13 08:36:32,56.95,37.05,135.33,56.42,76.33,0
4527,2026-04-13 09:34:42,91.22,13.89,134.31,23.82,84.65,0
4528,2026-04-13 10:59:23,52.61,56.9,126.78,87.4,89.42,0
4529,2026-04-13 15:21:21,93.06,33.63,50.11,19.9,98.26,0
4530,2026-04-13 13:03:50,45.76,67.89,120.54,19.27,71.36,0
4531,2026-04-13 19:10:09,10.88,20.66,20.25,17.51,97.03,0
4532,2026-04-13 14:30:01,67.31,14.09,100.56,19.43,60.12,1
4533,2026-04-13 15:45:24,80.92,10.07,135.8,75.21,75.56,0
4534,2026-04-13 13:33:16,86.36,10.85,21.14,65.46,85.58,0
4535,2026-04-13 00:19:40,70.97,21.73,97.65,40.22,81.68,0
4536,2026-04-13 21:00:59,4.08,7.83,91.04,73.4,71.52,0
4537,2026-04-13 17:01:47,92.95,36.82,120.33,84.05,93.06,0
4538,2026-04-13 07:15:54,88.55,83.93,98.71,80.52,80.87,0
4539,2026-04-13 01:29:16,58.16,60.4,22.6,54.98,74.92,0
4540,2026-04-13 04:59:35,50.96,19.18,84.6,75.76,97.77,0
4541,2026-04-13 03:22:00,31.11,4.44,11.77,66.41,95.91,0
4542,2026-04-13 23:49:19,99.81,34.99,59.12,81.14,73.78,0
4543,2026-04-13 04:48:21,84.19,36.77,134.23,90.32,50.05,1
4544,2026-04-13 08:46:51,92.74,95.19,106.98,68.46,95.37,0
4545,2026-04-13 16:03:42,77.49,88.15,61.93,86.08,80.11,0
4546,2026-04-13 08:28:58,79.48,9.09,126.83,29.31,72.4,0
4547,2026-04-13 02:36:48,69.31,95.62,35.56,92.61,84.9,0
4548,2026-04-13 23:41:26,63.06,4.79,130.97,52.17,90.59,0
4549,2026-04-13 23:40:51,16.46,54.87,12.46,59.21,70.75,0
4550,2026-04-13 16:12:54,30.15,53.54,132.66,50.14,88.13,0
4551,2026-04-13 17:32:59,24.47,5.92,20.99,45.49,71.3,0
4552,2026-04-13 11:42:28,1.55,2.63,89.26,93.02,74.57,0
4553,2026-04-13 14:20:02,55.84,83.97,10.69,75.58,98.89,0
4554,2026-04-13 22:32:28,64.57,27.26,82.38,91.27,75.86,0
4555,2026-04-13 15:26:18,19.48,88.77,68.5,48.79,75.23,0
4556,2026-04-13 12:35:02,65.27,63.11,74.15,44.64,94.74,0
4557,2026-04-13 14:52:04,78.26,62.77,89.95,81.27,88.04,0
4558,2026-04-13 06:56:03,73.98,58.69,25.29,38.49,79.51,0
4559,2026-04-13 22:48:02,24.77,99.9,105.81,28.38,74.25,0
4560,2026-04-13 08:26:15,45.08,69.81,18.15,25.28,77.92,0
4561,2026-04-13 17:17:24,63.28,78.38,96.89,79.51,73.57,0
4562,2026-04-13 07:54:53,91.18,54.72,105.25,87.84,95.59,0
4563,2026-04-13 00:51:56,71.79,16.27,135.2,50.64,84.51,0
4564,2026-04-13 03:28:17,55.0,48.67,71.62,38.98,87.65,0
4565,2026-04-13 10:24:06,16.16,91.56,11.09,16.0,98.45,0
4566,2026-04-13 21:16:28,61.65,95.1,65.28,66.51,87.86,0
4567,2026-04-13 06:35:32,59.03,24.87,81.33,37.39,93.67,0
4568,2026-04-13 11:58:35,27.79,22.89,66.52,19.77,74.44,0
4569,2026-04-13 22:32:26,25.31,60.95,142.17,29.6,91.24,0
4570,2026-04-13 09:18:12,86.69,82.52,35.44,21.98,86.7,0
4571,2026-04-13 04:21:25,87.22,59.39,58.85,94.88,74.71,0
4572,2026-04-13 05:50:53,43.81,71.36,78.73,52.36,70.93,0
4573,2026-04-13 19:15:01,89.17,30.1,77.57,92.99,90.27,0
4574,2026-04-13 15:31:42,26.82,91.26,122.05,83.0,87.96,0
4575,2026-04-13 07:07:23,91.36,73.48,146.54,37.29,77.69,0
4576,2026-04-13 01:35:24,63.18,90.92,113.58,18.88,86.0,0
4577,2026-04-13 11:51:47,13.51,30.61,135.83,71.31,79.36,0
4578,2026-04-13 15:54:45,2.84,14.13,90.09,24.93,70.99,0
4579,2026-04-13 03:20:42,17.06,47.28,76.46,72.35,85.09,0
4580,2026-04-13 10:51:34,61.26,2.17,130.85,27.17,74.52,0
4581,2026-04-13 02:37:41,87.02,29.73,126.15,37.0,89.14,0
4582,2026-04-13 08:35:28,36.33,46.42,101.34,59.89,73.34,0
4583,2026-04-13 07:59:03,20.36,20.73,116.89,73.55,75.27,0
4584,2026-04-13 06:22:00,19.37,43.49,106.68,71.57,98.78,0
4585,2026-04-13 08:20:00,27.32,34.11,116.41,93.77,82.22,0
4586,2026-04-13 04:36:21,90.21,62.75,82.05,70.71,89.36,0
4587,2026-04-13 01:39:57,46.41,17.5,68.49,79.52,81.42,0
4588,2026-04-13 19:15:23,52.22,34.86,65.78,46.84,73.87,0
4589,2026-04-13 23:49:55,56.78,39.11,97.98,83.98,82.43,0
4590,2026-04-13 20:35:09,96.49,73.96,128.03,89.15,70.04,0
4591,2026-04-13 15:57:16,90.31,77.29,130.12,39.67,72.83,0
4592,2026-04-13 01:00:20,86.34,16.64,36.74,45.02,85.75,0
4593,2026-04-13 05:49:05,36.3,35.7,59.98,17.8,56.5,1
4594,2026-04-13 00:54:45,81.5,60.95,77.23,71.79,82.59,0
4595,2026-04-13 16:31:24,70.28,22.3,119.3,45.31,91.98,0
4596,2026-04-13 12:56:52,27.53,75.65,112.27,23.34,87.99,0
4597,2026-04-13 03:36:04,40.87,18.57,116.04,92.87,90.05,0
4598,2026-04-13 06:44:35,57.98,37.48,123.17,48.82,82.34,0
4599,2026-04-13 22:47:04,69.71,29.05,136.14,19.72,78.66,0
4600,2026-04-13 14:55:43,40.43,98.62,109.5,18.86,75.33,0
4601,2026-04-13 06:32:33,45.31,33.1,86.49,77.56,68.27,1
4602,2026-04-13 04:38:08,34.11,56.8,143.1,61.54,73.4,0
4603,2026-04-13 08:17:58,47.7,41.05,38.31,52.85,74.39,0
4604,2026-04-13 09:06:23,20.08,49.97,109.25,58.48,64.62,1
4605,2026-04-13 05:33:29,29.15,33.92,143.12,91.7,61.63,1
4606,2026-04-13 03:47:15,53.35,51.54,111.29,92.91,77.32,0
4607,2026-04-13 20:17:52,30.15,93.96,117.9,59.28,93.8,0
4608,2026-04-13 00:41:52,13.52,39.49,133.43,94.83,50.73,1
4609,2026-04-13 12:11:08,30.79,68.23,110.65,27.2,90.76,0
4610,2026-04-13 10:16:42,57.11,45.53,141.92,33.22,75.21,0
4611,2026-04-13 23:22:09,42.73,22.25,65.28,46.65,94.35,0
4612,2026-04-13 16:33:39,19.43,81.14,24.1,42.05,70.29,0
4613,2026-04-13 04:46:05,67.37,23.57,98.18,34.44,77.01,0
4614,2026-04-13 23:22:31,98.7,52.12,87.89,41.06,94.37,0
4615,2026-04-13 14:14:26,86.28,59.17,34.59,65.27,85.4,0
4616,2026-04-13 05:09:41,52.1,4.73,145.23,84.67,73.43,0
4617,2026-04-13 16:40:39,47.93,84.83,128.37,76.69,89.61,0
4618,2026-04-13 09:35:53,0.64,59.37,113.91,61.97,55.57,1
4619,2026-04-13 21:17:15,96.61,74.67,136.13,70.99,93.92,0
4620,2026-04-13 18:10:13,1.35,45.67,32.04,59.74,85.85,0
4621,2026-04-13 19:09:43,36.0,81.01,71.33,51.96,92.01,0
4622,2026-04-13 09:50:22,42.13,4.03,49.99,51.37,79.7,0
4623,2026-04-13 14:34:34,33.12,83.7,128.71,62.66,79.21,0
4624,2026-04-13 07:42:17,79.93,95.39,142.55,15.27,78.61,0
4625,2026-04-13 21:23:21,56.5,71.77,42.21,36.44,76.14,0
4626,2026-04-13 05:56:35,42.7,20.82,107.14,58.74,77.02,0
4627,2026-04-13 06:50:11,80.11,30.56,69.92,49.37,71.84,0
4628,2026-04-13 19:29:02,46.72,91.13,69.78,89.89,98.35,0
4629,2026-04-13 22:25:12,75.97,94.12,25.86,35.82,76.42,0
4630,2026-04-13 03:34:53,35.58,37.01,19.64,50.4,91.65,0
4631,2026-04-13 03:37:54,15.57,81.28,100.19,48.89,75.3,0
4632,2026-04-13 16:12:22,54.25,70.52,124.59,22.2,70.16,0
4633,2026-04-13 04:44:27,8.38,12.0,25.99,53.12,80.02,0
4634,2026-04-13 16:20:19,88.39,24.42,146.96,59.98,93.72,0
4635,2026-04-13 03:03:53,49.88,98.41,67.19,40.24,77.81,0
4636,2026-04-13 05:49:59,8.1,81.84,144.32,39.06,71.17,0
4637,2026-04-13 05:29:48,89.05,19.9,104.14,66.33,98.17,0
4638,2026-04-13 18:34:19,12.89,43.95,22.72,56.6,83.09,0
4639,2026-04-13 09:37:47,1.52,16.48,135.0,28.8,78.77,0
4640,2026-04-13 04:03:24,47.25,51.62,128.2,20.37,82.26,0
4641,2026-04-13 02:34:52,18.19,62.22,11.17,25.79,91.0,0
4642,2026-04-13 07:08:58,90.71,88.41,139.16,78.87,77.29,0
4643,2026-04-13 20:54:56,92.8,42.61,78.54,25.68,79.09,0
4644,2026-04-13 18:22:52,34.05,88.78,63.29,75.46,87.23,0
4645,2026-04-13 03:22:37,8.85,80.06,117.52,58.07,86.53,0
4646,2026-04-13 05:13:50,51.35,34.8,43.99,43.72,77.26,0
4647,2026-04-13 18:18:03,88.54,69.87,112.8,67.69,94.61,0
4648,2026-04-13 23:45:46,72.88,94.3,33.51,69.39,97.12,0
4649,2026-04-13 15:52:59,57.91,28.25,82.82,75.14,72.97,0
4650,2026-04-13 06:16:42,15.92,45.83,110.57,28.16,75.77,0
4651,2026-04-13 00:06:09,52.61,50.13,99.43,21.93,85.43,0
4652,2026-04-13 04:26:05,3.05,56.52,77.05,33.37,90.34,0
4653,2026-04-13 18:12:58,25.1,2.02,10.94,38.6,55.4,1
4654,2026-04-13 02:30:56,33.08,56.9,149.92,16.28,98.72,0
4655,2026-04-13 03:58:32,66.22,3.97,119.0,39.65,91.95,0
4656,2026-04-13 18:49:17,89.68,7.0,17.87,80.3,70.65,0
4657,2026-04-13 04:38:32,38.55,68.61,66.74,56.86,83.55,0
4658,2026-04-13 07:30:44,14.53,40.23,48.07,16.77,80.56,0
4659,2026-04-13 20:40:29,88.01,66.81,62.01,62.68,94.89,0
4660,2026-04-13 04:43:57,6.93,1.39,63.36,61.24,86.74,0
4661,2026-04-13 12:41:04,94.68,39.4,64.99,34.44,92.55,0
4662,2026-04-13 19:34:55,83.79,47.9,48.64,45.26,74.81,0
4663,2026-04-13 23:30:16,79.74,94.57,128.27,50.39,76.64,0
4664,2026-04-13 03:20:07,88.26,75.08,102.75,93.81,83.84,0
4665,2026-04-13 08:47:40,24.75,12.35,89.45,49.72,72.98,0
4666,2026-04-13 19:32:38,36.22,73.4,94.73,62.35,74.89,0
4667,2026-04-13 09:35:52,62.04,77.14,65.61,67.08,47.44,1
4668,2026-04-13 10:27:12,95.52,27.92,39.54,44.07,97.04,0
4669,2026-04-13 00:20:57,45.54,53.76,42.1,17.1,98.73,0
4670,2026-04-13 15:50:17,34.02,54.61,129.78,83.42,93.93,0
4671,2026-04-13 02:47:17,35.48,17.09,41.89,92.96,76.45,0
4672,2026-04-13 07:12:09,64.84,14.15,139.89,29.98,91.6,0
4673,2026-04-13 09:14:43,75.08,48.06,80.73,41.92,97.16,0
4674,2026-04-13 12:01:51,64.9,81.96,69.24,75.82,82.55,0
4675,2026-04-13 00:52:38,69.59,35.85,30.45,24.24,75.28,0
4676,2026-04-13 17:09:10,91.36,40.64,43.02,69.27,87.25,0
4677,2026-04-13 22:55:03,45.57,16.93,26.33,67.45,73.94,0
4678,2026-04-13 10:54:33,48.12,37.44,136.03,51.46,88.41,0
4679,2026-04-13 04:49:33,5.31,20.28,40.46,22.07,94.87,0
4680,2026-04-13 11:23:24,5.49,61.56,115.52,90.43,89.12,0
4681,2026-04-13 14:04:46,34.54,39.64,124.53,55.07,81.13,0
4682,2026-04-13 18:02:55,32.2,14.79,127.6,75.73,86.33,0
4683,2026-04-13 17:56:50,54.1,58.78,90.87,61.05,96.8,0
4684,2026-04-13 04:28:06,59.4,9.57,25.16,33.15,83.25,0
4685,2026-04-13 12:49:41,47.5,49.45,131.14,39.56,80.21,0
4686,2026-04-13 02:56:02,22.79,86.34,75.22,15.11,86.15,0
4687,2026-04-13 11:54:57,2.04,29.2,96.84,31.63,72.53,0
4688,2026-04-13 17:09:06,26.4,30.08,95.12,18.58,95.9,0
4689,2026-04-13 00:17:23,92.02,94.89,145.55,44.77,72.91,0
4690,2026-04-13 15:56:50,17.47,71.43,122.23,70.8,79.28,0
4691,2026-04-13 07:02:51,47.09,28.59,109.15,35.92,78.75,0
4692,2026-04-13 04:42:25,28.44,18.36,39.42,28.07,96.97,0
4693,2026-04-13 00:26:42,19.95,33.04,112.1,89.82,95.25,0
4694,2026-04-13 03:14:04,6.34,69.75,48.82,30.62,87.3,0
4695,2026-04-13 17:04:24,93.2,35.5,23.31,46.12,72.77,0
4696,2026-04-13 01:13:13,18.69,25.73,93.68,28.56,89.03,0
4697,2026-04-13 16:03:36,88.89,2.43,75.54,66.21,86.88,0
4698,2026-04-13 06:01:35,94.22,84.64,149.28,75.12,81.62,0
4699,2026-04-13 20:42:34,81.25,73.18,69.09,22.08,94.75,0
4700,2026-04-13 11:37:22,0.07,51.05,14.69,81.42,77.12,0
4701,2026-04-13 17:44:26,83.65,12.85,53.17,69.01,72.59,0
4702,2026-04-13 06:23:26,35.1,21.22,115.65,51.96,73.0,0
4703,2026-04-13 08:53:26,4.41,11.62,107.92,73.45,83.48,0
4704,2026-04-13 05:18:10,52.14,43.73,75.56,22.49,62.79,1
4705,2026-04-13 06:33:23,93.62,16.24,54.71,71.24,77.38,0
4706,2026-04-13 13:38:38,41.41,36.37,100.03,70.45,72.27,0
4707,2026-04-13 05:38:31,90.09,86.88,47.53,66.65,90.76,0
4708,2026-04-13 14:04:16,58.66,99.34,108.43,93.43,76.84,0
4709,2026-04-13 09:36:33,79.34,14.33,74.9,52.17,83.63,0
4710,2026-04-13 11:06:51,60.38,53.44,27.94,77.31,80.88,0
4711,2026-04-13 03:34:10,2.13,54.15,120.64,88.74,84.64,0
4712,2026-04-13 23:46:30,25.99,8.43,58.36,49.53,95.66,0
4713,2026-04-13 12:16:35,34.0,66.54,112.07,73.46,71.46,0
4714,2026-04-13 22:27:01,41.8,91.29,111.57,85.52,77.89,0
4715,2026-04-13 01:30:22,78.23,36.89,117.5,50.98,87.38,0
4716,2026-04-13 07:15:30,32.53,57.23,61.5,67.36,75.6,0
4717,2026-04-13 01:42:23,88.65,73.59,57.7,32.84,77.65,0
4718,2026-04-13 04:34:30,89.17,95.1,59.03,48.85,77.22,0
4719,2026-04-13 05:21:28,69.38,56.0,64.44,79.75,84.0,0
4720,2026-04-13 22:09:23,98.51,28.63,25.28,52.18,70.67,0
4721,2026-04-13 05:01:08,18.99,75.53,46.27,18.53,73.52,0
4722,2026-04-13 00:28:42,44.55,19.73,49.46,17.17,47.77,1
4723,2026-04-13 08:53:51,40.66,84.22,86.93,71.84,81.26,0
4724,2026-04-13 08:59:28,73.09,61.57,66.78,90.14,75.78,0
4725,2026-04-13 08:18:58,90.04,67.24,144.03,73.2,92.23,0
4726,2026-04-13 08:58:45,83.33,31.46,72.12,48.05,87.14,0
4727,2026-04-13 04:25:46,91.19,78.76,65.26,17.97,93.28,0
4728,2026-04-13 03:44:04,58.43,20.19,37.29,78.41,95.75,0
4729,2026-04-13 22:51:32,81.66,13.41,33.24,83.69,80.58,0
4730,2026-04-13 01:09:09,64.45,63.63,116.12,81.26,75.88,0
4731,2026-04-13 04:11:08,1.13,55.08,10.88,51.08,88.71,0
4732,2026-04-13 10:24:03,69.69,24.58,126.0,88.99,56.57,1
4733,2026-04-13 20:48:02,96.5,97.52,56.09,53.99,78.09,0
4734,2026-04-13 11:33:31,75.59,89.39,134.2,39.01,97.33,0
4735,2026-04-13 19:25:43,23.73,18.89,110.3,23.15,95.98,0
4736,2026-04-13 14:24:01,41.99,35.06,115.4,87.12,89.78,0
4737,2026-04-13 02:38:49,69.68,2.66,92.28,90.74,83.52,0
4738,2026-04-13 08:33:03,57.05,64.02,112.1,40.16,62.7,1
4739,2026-04-13 09:28:47,26.99,0.84,41.76,29.52,79.1,0
4740,2026-04-13 21:31:59,83.67,85.88,61.3,93.28,94.09,0
4741,2026-04-13 05:38:11,43.0,12.28,103.68,87.32,75.09,0
4742,2026-04-13 23:39:15,5.74,44.65,50.38,48.4,88.06,0
4743,2026-04-13 15:01:12,17.08,74.06,44.06,21.68,87.63,0
4744,2026-04-13 03:40:34,69.01,25.25,57.01,69.33,79.53,0
4745,2026-04-13 02:40:46,53.62,18.86,36.21,31.38,96.14,0
4746,2026-04-13 17:08:59,19.92,93.87,104.23,67.5,87.54,0
4747,2026-04-13 14:12:11,86.1,70.25,102.85,19.06,78.31,0
4748,2026-04-13 08:22:39,75.68,2.63,54.13,16.14,87.71,0
4749,2026-04-13 13:24:36,40.79,32.64,22.97,19.24,53.51,1
4750,2026-04-13 22:37:04,23.41,37.41,105.76,33.93,89.63,0
4751,2026-04-13 10:54:00,29.58,65.59,52.17,76.39,94.12,0
4752,2026-04-13 21:25:23,78.37,44.31,85.31,71.95,66.02,1
4753,2026-04-13 17:57:31,61.12,68.82,65.36,67.53,88.46,0
4754,2026-04-13 08:32:20,14.35,46.93,31.44,72.74,89.87,0
4755,2026-04-13 00:11:59,82.29,47.71,71.78,49.67,97.33,0
4756,2026-04-13 04:40:27,51.35,20.99,70.17,88.58,89.38,0
4757,2026-04-13 20:05:05,34.01,41.83,134.3,66.09,79.48,0
4758,2026-04-13 04:13:28,63.36,63.73,66.68,61.3,96.78,0
4759,2026-04-13 01:02:33,29.02,70.6,83.49,17.56,74.87,0
4760,2026-04-13 09:25:25,55.65,74.2,45.01,21.6,84.71,0
4761,2026-04-13 12:40:53,43.55,20.79,54.74,65.22,55.77,1
4762,2026-04-13 03:37:11,34.2,18.76,138.84,25.89,96.5,0
4763,2026-04-13 21:50:07,64.88,37.14,106.36,18.85,86.63,0
4764,2026-04-13 02:55:43,9.68,56.24,45.5,61.27,84.47,0
4765,2026-04-13 00:46:43,7.46,51.88,83.45,22.61,70.45,0
4766,2026-04-13 01:09:51,16.12,75.83,17.35,30.77,92.81,0
4767,2026-04-13 07:41:36,90.38,97.96,47.89,18.9,78.47,0
4768,2026-04-13 23:48:47,91.74,18.44,13.37,66.2,87.81,0
4769,2026-04-13 21:17:40,28.69,16.76,20.77,33.02,92.72,0
4770,2026-04-13 23:07:16,16.11,44.29,88.09,58.77,79.35,0
4771,2026-04-13 12:22:42,19.25,39.57,37.29,54.82,88.74,0
4772,2026-04-13 10:39:21,6.79,22.36,122.84,61.91,94.26,0
4773,2026-04-13 10:33:36,97.82,41.76,16.16,85.33,85.85,0
4774,2026-04-13 06:10:40,34.91,58.33,45.79,69.02,92.25,0
4775,2026-04-13 12:40:50,23.38,95.28,103.2,20.47,88.31,0
4776,2026-04-13 00:23:57,75.67,35.34,117.67,16.57,82.61,0
4777,2026-04-13 00:31:04,86.09,23.88,32.71,72.8,95.58,0
4778,2026-04-13 12:10:17,79.33,76.37,90.8,42.47,88.79,0
4779,2026-04-13 19:02:58,94.45,45.42,135.25,49.15,73.22,0
4780,2026-04-13 16:51:15,14.02,74.22,57.79,90.53,76.71,0
4781,2026-04-13 16:39:04,81.77,84.57,37.34,94.66,81.39,0
4782,2026-04-13 11:53:36,61.09,89.25,69.33,58.27,84.52,0
4783,2026-04-13 16:37:27,89.32,20.79,99.57,46.12,87.05,0
4784,2026-04-13 15:18:47,89.05,36.81,38.42,92.85,75.61,0
4785,2026-04-13 04:37:58,71.4,57.82,121.57,39.03,71.57,0
4786,2026-04-13 16:26:41,28.8,7.82,130.61,18.17,93.57,0
4787,2026-04-13 17:40:05,98.15,22.53,40.41,17.46,71.05,0
4788,2026-04-13 22:20:57,42.04,75.44,36.73,74.41,79.99,0
4789,2026-04-13 14:05:32,62.33,55.69,100.71,79.37,70.15,0
4790,2026-04-13 14:09:25,4.76,28.92,82.62,36.66,98.93,0
4791,2026-04-13 16:36:29,19.21,18.04,45.33,70.58,85.72,0
4792,2026-04-13 15:14:31,33.16,13.31,39.48,16.44,75.24,0
4793,2026-04-13 06:40:12,51.06,62.36,112.6,90.17,88.57,0
4794,2026-04-13 01:50:44,8.46,4.78,124.85,63.45,73.7,0
4795,2026-04-13 00:52:31,53.91,79.5,69.4,89.49,98.87,0
4796,2026-04-13 12:26:10,66.47,46.65,36.59,30.16,76.09,0
4797,2026-04-13 02:06:10,20.35,43.18,110.9,50.73,70.01,0
4798,2026-04-13 11:48:48,21.64,28.62,60.62,20.34,70.22,0
4799,2026-04-13 21:04:18,49.02,14.73,123.64,18.4,81.8,0
4800,2026-04-13 21:35:26,74.1,85.01,30.16,27.29,70.52,0
4801,2026-04-13 20:10:57,46.24,40.62,55.17,59.69,86.36,0
4802,2026-04-13 07:26:11,52.99,61.48,77.04,65.6,71.2,0
4803,2026-04-13 19:40:42,67.95,93.99,75.06,45.02,81.73,0
4804,2026-04-13 22:43:50,85.1,25.05,13.76,87.02,81.0,0
4805,2026-04-13 09:31:12,81.01,95.42,50.67,80.73,91.9,0
4806,2026-04-13 01:57:57,83.77,87.35,99.67,83.19,97.0,0
4807,2026-04-13 23:40:00,11.32,18.54,80.18,44.76,84.93,0
4808,2026-04-13 20:58:59,11.32,27.89,24.88,32.95,70.83,0
4809,2026-04-13 05:13:21,91.14,70.24,80.32,73.99,79.6,0
4810,2026-04-13 01:22:27,66.86,58.85,127.46,74.63,92.42,0
4811,2026-04-13 08:18:00,21.9,35.56,60.95,21.24,86.76,0
4812,2026-04-13 17:49:06,79.91,34.06,28.29,22.5,97.43,0
4813,2026-04-13 23:31:27,85.05,8.41,127.7,78.91,80.44,0
4814,2026-04-13 00:35:05,1.36,72.84,26.75,16.48,75.78,0
4815,2026-04-13 12:51:05,44.35,5.75,61.02,58.08,67.34,1
4816,2026-04-13 02:22:03,79.04,0.42,71.02,34.16,86.02,0
4817,2026-04-13 19:35:52,6.65,81.99,137.95,21.37,75.66,0
4818,2026-04-13 06:03:25,25.09,63.71,139.38,62.65,90.94,0
4819,2026-04-13 16:57:18,71.04,50.17,91.52,72.65,91.2,0
4820,2026-04-13 08:13:52,62.89,1.54,122.95,30.93,84.33,0
4821,2026-04-13 07:40:29,13.34,89.37,88.31,62.51,80.58,0
4822,2026-04-13 13:06:51,46.76,61.15,136.38,48.4,82.98,0
4823,2026-04-13 09:36:07,93.23,60.05,71.39,36.94,88.1,0
4824,2026-04-13 23:35:50,75.78,17.17,20.92,21.99,78.87,0
4825,2026-04-13 13:04:57,76.85,52.12,10.95,84.13,87.38,0
4826,2026-04-13 02:10:28,23.37,45.84,84.41,68.65,86.71,0
4827,2026-04-13 22:12:12,15.41,33.77,148.53,48.21,98.84,0
4828,2026-04-13 20:20:33,24.96,90.2,25.43,24.34,96.41,0
4829,2026-04-13 06:56:25,67.56,11.2,121.66,42.99,76.44,0
4830,2026-04-13 17:14:19,24.72,48.91,19.8,55.19,90.59,0
4831,2026-04-13 10:13:39,55.31,22.14,53.92,65.6,74.7,0
4832,2026-04-13 05:22:08,92.5,9.5,99.07,20.43,95.25,0
4833,2026-04-13 07:11:06,62.62,78.76,70.07,82.89,98.8,0
4834,2026-04-13 04:01:36,15.99,60.59,84.99,86.75,89.21,0
4835,2026-04-13 01:48:29,0.22,97.34,35.4,65.94,73.6,0
4836,2026-04-13 02:17:42,6.4,73.88,51.01,72.4,76.96,0
4837,2026-04-13 22:33:42,96.31,17.1,94.39,36.8,85.83,0
4838,2026-04-13 01:32:18,88.86,9.04,62.48,24.74,98.44,0
4839,2026-04-13 09:00:13,56.37,90.6,137.99,26.11,82.79,0
4840,2026-04-13 05:51:30,8.18,2.34,100.26,32.53,85.28,0
4841,2026-04-13 03:02:20,96.55,1.45,58.54,18.82,87.21,0
4842,2026-04-13 10:51:54,17.89,1.2,117.75,46.27,71.0,0
4843,2026-04-13 00:25:37,98.33,56.73,45.77,84.24,75.43,0
4844,2026-04-13 10:32:23,86.63,32.53,76.18,36.84,60.45,1
4845,2026-04-13 11:58:24,40.41,17.93,91.62,64.13,95.52,0
4846,2026-04-13 14:29:09,32.73,74.64,91.62,67.85,74.1,0
4847,2026-04-13 05:31:57,12.55,22.92,85.49,92.4,81.72,0
4848,2026-04-13 08:05:51,40.19,63.75,80.85,45.76,79.67,0
4849,2026-04-13 12:41:36,9.07,0.89,132.29,59.9,90.86,0
4850,2026-04-13 05:54:24,70.91,17.75,130.03,42.33,88.07,0
4851,2026-04-13 21:18:50,41.73,30.46,44.8,49.22,77.46,0
4852,2026-04-13 20:09:30,96.22,17.06,131.08,78.38,71.72,0
4853,2026-04-13 10:35:03,4.73,50.96,85.46,46.36,94.37,0
4854,2026-04-13 18:58:33,41.79,69.08,40.15,24.38,83.19,0
4855,2026-04-13 14:14:55,39.9,51.13,54.29,72.58,75.41,0
4856,2026-04-13 11:55:08,60.68,35.4,58.95,89.87,73.0,0
4857,2026-04-13 02:49:57,1.26,31.34,19.9,65.1,70.37,0
4858,2026-04-13 10:55:13,61.37,1.12,84.35,74.9,88.09,0
4859,2026-04-13 10:08:34,90.14,43.22,85.5,40.98,70.32,0
4860,2026-04-13 22:24:17,19.31,98.77,65.63,62.11,73.52,0
4861,2026-04-13 16:16:21,88.68,81.04,126.93,38.44,98.66,0
4862,2026-04-13 11:46:05,93.45,49.71,36.79,21.62,78.93,0
4863,2026-04-13 09:59:20,44.81,7.7,36.55,29.24,70.03,0
4864,2026-04-13 13:16:10,61.54,86.07,88.45,53.97,71.42,0
4865,2026-04-13 15:41:56,28.06,1.01,80.14,53.78,91.98,0
4866,2026-04-13 19:34:20,50.08,43.24,116.35,44.13,83.44,0
4867,2026-04-13 00:36:53,62.08,2.86,89.64,77.0,74.66,0
4868,2026-04-13 14:04:56,12.39,12.56,46.86,68.56,96.09,0
4869,2026-04-13 15:53:42,1.53,98.72,85.71,35.22,96.4,0
4870,2026-04-13 22:59:34,9.61,68.64,124.46,60.91,94.68,0
4871,2026-04-13 11:25:34,11.47,27.04,121.97,38.83,87.93,0
4872,2026-04-13 09:05:26,14.29,90.92,26.21,45.41,74.01,0
4873,2026-04-13 00:36:24,27.34,45.42,60.53,59.75,80.19,0
4874,2026-04-13 09:30:28,21.2,50.58,106.89,63.57,77.74,0
4875,2026-04-13 06:23:57,48.07,9.81,139.27,48.31,95.11,0
4876,2026-04-13 22:43:55,71.21,75.75,76.64,79.2,71.74,0
4877,2026-04-13 04:09:21,22.6,35.87,70.65,35.78,75.06,0
4878,2026-04-13 01:30:39,2.59,9.64,31.67,29.02,92.98,0
4879,2026-04-13 15:56:12,98.94,26.51,37.0,89.44,87.11,0
4880,2026-04-13 11:34:07,24.91,41.15,120.92,46.49,83.64,0
4881,2026-04-13 07:30:25,17.89,32.49,142.39,69.48,85.32,0
4882,2026-04-13 01:44:21,50.13,61.7,144.47,39.85,85.36,0
4883,2026-04-13 10:31:01,2.86,24.59,137.84,47.93,90.33,0
4884,2026-04-13 16:18:19,66.69,67.34,127.31,92.82,94.14,0
4885,2026-04-13 12:55:11,63.25,89.38,96.14,68.06,98.98,0
4886,2026-04-13 07:18:50,19.42,82.72,102.06,56.04,88.82,0
4887,2026-04-13 09:06:33,42.0,98.76,111.8,43.01,84.27,0
4888,2026-04-13 16:25:33,17.33,82.56,125.96,65.89,70.41,0
4889,2026-04-13 05:04:50,51.41,76.43,120.41,78.43,88.79,0
4890,2026-04-13 03:43:48,51.72,67.94,97.42,28.79,71.89,0
4891,2026-04-13 01:04:58,47.98,99.93,97.63,85.39,96.68,0
4892,2026-04-13 12:26:16,88.4,13.22,17.11,23.81,82.2,0
4893,2026-04-13 13:56:52,91.8,79.14,90.22,51.08,75.29,0
4894,2026-04-13 05:46:09,8.7,36.15,110.99,24.34,92.46,0
4895,2026-04-13 02:22:39,76.41,98.83,79.66,35.34,82.75,0
4896,2026-04-13 16:02:24,24.72,33.45,81.27,19.44,89.8,0
4897,2026-04-13 16:03:36,34.92,50.34,37.92,50.25,89.14,0
4898,2026-04-13 04:02:51,65.23,9.15,15.92,84.84,94.33,0
4899,2026-04-13 19:20:09,68.85,16.23,16.44,87.44,41.02,1
4900,2026-04-13 20:37:54,0.9,52.46,54.06,56.19,70.46,0
4901,2026-04-13 11:40:18,91.72,95.4,148.31,57.34,85.71,0
4902,2026-04-13 01:20:32,33.76,64.35,130.16,40.3,78.34,0
4903,2026-04-13 05:27:03,45.15,29.06,126.11,15.73,77.28,0
4904,2026-04-13 18:18:37,81.95,38.13,133.38,42.31,98.87,0
4905,2026-04-13 10:28:40,49.34,4.89,101.6,69.7,87.42,0
4906,2026-04-13 14:53:33,23.09,75.78,14.41,81.61,96.61,0
4907,2026-04-13 06:07:18,78.15,60.75,107.4,81.18,87.09,0
4908,2026-04-13 19:14:34,3.03,37.77,15.78,89.98,77.86,0
4909,2026-04-13 07:35:19,50.34,82.68,33.62,18.98,86.99,0
4910,2026-04-13 18:29:24,17.09,52.79,145.83,84.59,82.08,0
4911,2026-04-13 18:12:47,22.59,1.45,142.26,19.03,80.81,0
4912,2026-04-13 16:44:41,32.71,77.94,111.43,26.46,73.4,0
4913,2026-04-13 11:36:20,6.16,85.72,10.88,84.97,75.06,0
4914,2026-04-13 00:02:38,30.41,87.83,34.31,40.63,86.54,0
4915,2026-04-13 04:09:29,17.06,75.94,86.18,63.71,84.78,0
4916,2026-04-13 23:36:57,99.91,26.19,67.9,90.21,71.15,0
4917,2026-04-13 03:40:48,70.74,15.98,27.76,86.96,71.03,0
4918,2026-04-13 17:23:43,29.63,2.72,57.98,84.64,87.04,0
4919,2026-04-13 02:06:00,28.08,96.0,121.2,72.49,76.66,0
4920,2026-04-13 11:28:56,94.47,85.88,97.79,42.61,81.19,0
4921,2026-04-13 16:03:08,35.73,99.06,65.58,57.67,92.5,0
4922,2026-04-13 04:05:42,50.52,92.3,96.35,82.08,98.91,0
4923,2026-04-13 04:04:53,97.5,17.01,149.27,81.98,76.46,0
4924,2026-04-13 21:52:09,26.5,54.9,60.18,16.39,95.8,0
4925,2026-04-13 21:24:15,65.27,74.81,12.87,39.12,77.42,0
4926,2026-04-13 17:31:39,10.53,21.56,144.8,68.18,84.68,0
4927,2026-04-13 10:35:31,68.43,76.42,60.45,78.4,89.51,0
4928,2026-04-13 07:17:30,98.46,2.5,141.22,45.64,76.14,0
4929,2026-04-13 21:21:01,20.17,48.0,15.61,35.21,89.52,0
4930,2026-04-13 04:27:54,42.69,52.17,70.65,39.64,73.24,0
4931,2026-04-13 23:39:32,16.24,95.91,82.23,67.98,83.8,0
4932,2026-04-13 12:45:35,39.1,20.65,64.47,30.03,96.25,0
4933,2026-04-13 17:54:41,74.19,35.31,63.58,88.08,81.11,0
4934,2026-04-13 21:41:01,99.04,75.45,103.34,83.31,69.46,1
4935,2026-04-13 05:48:02,84.81,24.03,51.58,81.92,80.22,0
4936,2026-04-13 15:54:42,43.75,22.52,29.76,48.46,65.83,1
4937,2026-04-13 23:10:16,48.37,23.08,65.7,36.12,71.3,0
4938,2026-04-13 21:35:04,86.21,51.63,57.16,83.5,87.29,0
4939,2026-04-13 11:26:32,57.36,50.42,19.11,45.66,95.54,0
4940,2026-04-13 16:24:50,23.6,69.27,141.41,59.8,85.7,0
4941,2026-04-13 11:17:23,90.93,2.63,42.79,79.09,77.59,0
4942,2026-04-13 00:11:02,79.63,71.8,88.44,56.27,73.13,0
4943,2026-04-13 06:09:16,99.11,37.31,17.28,83.83,85.75,0
4944,2026-04-13 03:59:44,15.58,27.33,57.89,44.69,98.52,0
4945,2026-04-13 18:23:50,26.42,8.65,111.16,73.27,98.01,0
4946,2026-04-13 10:13:07,57.89,66.16,121.78,68.26,76.77,0
4947,2026-04-13 19:05:07,91.57,47.77,78.38,57.67,91.52,0
4948,2026-04-13 11:49:47,21.29,46.43,35.89,58.29,98.36,0
4949,2026-04-13 16:42:58,42.06,94.21,72.0,83.91,81.16,0
4950,2026-04-13 12:56:18,49.23,72.65,86.9,59.74,86.76,0
4951,2026-04-13 08:04:08,26.81,22.46,26.13,48.38,87.38,0
4952,2026-04-13 04:16:16,90.0,92.22,90.93,52.71,96.01,0
4953,2026-04-13 02:17:25,83.57,34.91,131.1,65.39,76.65,0
4954,2026-04-13 04:23:35,80.3,28.69,24.94,58.37,73.15,0
4955,2026-04-13 04:08:30,13.15,24.1,77.59,70.86,82.05,0
4956,2026-04-13 21:50:35,79.7,43.4,68.02,26.08,71.9,0
4957,2026-04-13 05:31:37,97.52,85.25,83.34,79.11,93.5,0
4958,2026-04-13 10:56:36,74.91,65.18,75.86,25.44,60.9,1
4959,2026-04-13 20:34:53,72.32,2.47,51.39,94.09,86.91,0
4960,2026-04-13 01:41:10,89.26,11.16,24.65,69.61,88.0,0
4961,2026-04-13 17:53:06,58.46,60.47,51.65,31.04,71.65,0
4962,2026-04-13 15:12:49,7.8,75.25,50.68,75.41,73.96,0
4963,2026-04-13 05:33:39,30.78,22.73,84.01,66.94,75.74,0
4964,2026-04-13 14:50:28,77.87,58.15,79.58,66.77,59.66,1
4965,2026-04-13 00:05:29,61.57,33.18,37.96,90.24,40.83,1
4966,2026-04-13 15:02:13,83.48,82.16,66.57,51.19,72.71,0
4967,2026-04-13 14:01:15,78.25,47.51,148.31,16.89,80.68,0
4968,2026-04-13 21:14:03,90.08,39.5,42.84,55.34,76.21,0
4969,2026-04-13 14:53:18,81.27,17.1,93.4,37.95,79.9,0
4970,2026-04-13 00:38:18,38.83,47.42,54.7,85.05,70.78,0
4971,2026-04-13 10:25:36,51.61,45.58,144.96,67.48,71.92,0
4972,2026-04-13 22:42:46,32.11,49.74,45.5,82.76,74.15,0
4973,2026-04-13 02:26:33,14.66,0.47,10.03,86.2,76.15,0
4974,2026-04-13 07:20:04,42.6,18.67,41.78,93.07,88.7,0
4975,2026-04-13 08:14:23,89.66,63.06,39.04,66.36,68.26,1
4976,2026-04-13 13:23:45,65.0,88.2,58.76,32.89,87.27,0
4977,2026-04-13 16:04:44,48.02,33.93,106.44,40.71,88.19,0
4978,2026-04-13 17:18:36,83.33,14.68,72.85,37.72,88.12,0
4979,2026-04-13 18:27:44,36.06,96.07,73.63,67.41,98.71,0
4980,2026-04-13 07:57:02,77.39,82.95,20.07,15.94,90.42,0
4981,2026-04-13 13:35:32,32.45,57.31,147.96,31.81,72.24,0
4982,2026-04-13 20:58:12,77.95,24.57,84.04,42.15,80.65,0
4983,2026-04-13 04:29:43,9.01,22.26,24.83,88.83,83.74,0
4984,2026-04-13 00:59:39,98.48,99.14,79.83,15.57,74.58,0
4985,2026-04-13 17:40:26,91.31,57.53,82.99,85.96,87.59,0
4986,2026-04-13 18:55:12,41.3,17.01,110.7,36.69,82.12,0
4987,2026-04-13 15:51:31,44.25,9.37,77.16,22.14,70.48,0
4988,2026-04-13 23:12:54,56.26,88.33,91.46,24.08,76.32,0
4989,2026-04-13 05:55:20,48.33,89.57,131.63,44.13,87.85,0
4990,2026-04-13 09:11:49,48.05,30.08,106.93,87.59,74.23,0
4991,2026-04-13 22:06:05,72.62,24.46,16.73,58.75,85.0,0
4992,2026-04-13 02:03:24,62.14,23.96,122.03,94.55,77.22,0
4993,2026-04-13 23:09:54,73.27,46.11,130.24,86.91,54.63,1
4994,2026-04-13 12:36:15,24.89,25.82,133.52,15.34,90.27,0
4995,2026-04-13 00:59:40,39.08,79.93,28.16,27.69,96.15,0
4996,2026-04-13 05:09:06,14.28,0.35,22.45,25.11,72.64,0
4997,2026-04-13 15:03:21,48.25,78.25,55.82,26.48,79.49,0
4998,2026-04-13 06:35:18,44.0,85.93,95.77,77.97,84.96,0
4999,2026-04-13 16:28:26,96.81,14.75,83.05,15.18,85.55,0
5000,2026-04-13 09:21:18,91.5,6.72,146.47,42.65,81.1,0
